Date;Year;Month_Num;Month_Name;Quarter;Week;Machine;Process_Step;Total_Pieces;Good_Pieces;Rejected_Pieces;Total_Downtime [sec];Total_Run_Time [sec];Total_Planned [sec];Avg_OEE;Avg_Availability;Avg_Performance;Avg_Quality;Shifts_Run;Scrap_Rate;FPY
01/01/2023;2023;1;Jan;Q1;52;Band Saw;1;16;15;1;4027;24773;28800;688;860;853;938;1;625;9375
02/01/2023;2023;1;Jan;Q1;1;Band Saw;1;14;13;1;4574;24226;28800;635;841;813;929;1;714;9286
03/01/2023;2023;1;Jan;Q1;1;Band Saw;1;16;16;0;4389;24411;28800;729;848;860;1000;1;0;1000
04/01/2023;2023;1;Jan;Q1;1;Band Saw;1;19;19;0;4463;24337;28800;666;845;788;1000;1;0;1000
05/01/2023;2023;1;Jan;Q1;1;Band Saw;1;14;10;4;3701;25099;28800;548;871;881;714;1;2857;7143
06/01/2023;2023;1;Jan;Q1;1;Band Saw;1;14;11;3;4399;24401;28800;574;847;862;786;1;2143;7857
07/01/2023;2023;1;Jan;Q1;1;Band Saw;1;19;19;0;4814;23986;28800;712;833;855;1000;1;0;1000
08/01/2023;2023;1;Jan;Q1;1;Band Saw;1;17;13;4;5649;23151;28800;540;804;879;765;1;2353;7647
09/01/2023;2023;1;Jan;Q1;2;Band Saw;1;14;13;1;5218;23582;28800;686;819;902;929;1;714;9286
10/01/2023;2023;1;Jan;Q1;2;Band Saw;1;16;13;3;6263;22537;28800;560;783;880;812;1;1875;8125
11/01/2023;2023;1;Jan;Q1;2;Band Saw;1;14;13;1;3706;25094;28800;634;871;784;929;1;714;9286
12/01/2023;2023;1;Jan;Q1;2;Band Saw;1;14;13;1;5142;23658;28800;612;821;803;929;1;714;9286
13/01/2023;2023;1;Jan;Q1;2;Band Saw;1;15;14;1;4538;24262;28800;649;842;825;933;1;667;9333
14/01/2023;2023;1;Jan;Q1;2;Band Saw;1;10;9;1;6295;22505;28800;596;781;847;900;1;100;900
15/01/2023;2023;1;Jan;Q1;2;Band Saw;1;10;10;0;3670;25130;28800;753;873;864;1000;1;0;1000
16/01/2023;2023;1;Jan;Q1;3;Band Saw;1;13;13;0;3643;25157;28800;718;874;821;1000;1;0;1000
17/01/2023;2023;1;Jan;Q1;3;Band Saw;1;12;12;0;3853;24947;28800;738;866;852;1000;1;0;1000
18/01/2023;2023;1;Jan;Q1;3;Band Saw;1;16;14;2;2518;26282;28800;655;913;820;875;1;125;875
19/01/2023;2023;1;Jan;Q1;3;Band Saw;1;12;12;0;3918;24882;28800;713;864;825;1000;1;0;1000
20/01/2023;2023;1;Jan;Q1;3;Band Saw;1;11;10;1;3713;25087;28800;632;871;798;909;1;909;9091
21/01/2023;2023;1;Jan;Q1;3;Band Saw;1;19;15;4;4510;24290;28800;543;843;815;789;1;2105;7895
22/01/2023;2023;1;Jan;Q1;3;Band Saw;1;14;14;0;4677;24123;28800;670;838;800;1000;1;0;1000
23/01/2023;2023;1;Jan;Q1;4;Band Saw;1;15;13;2;6021;22779;28800;557;791;813;867;1;1333;8667
24/01/2023;2023;1;Jan;Q1;4;Band Saw;1;11;10;1;5210;23590;28800;657;819;882;909;1;909;9091
25/01/2023;2023;1;Jan;Q1;4;Band Saw;1;13;11;2;3873;24927;28800;596;866;814;846;1;1538;8462
26/01/2023;2023;1;Jan;Q1;4;Band Saw;1;15;15;0;3591;25209;28800;818;875;935;1000;1;0;1000
27/01/2023;2023;1;Jan;Q1;4;Band Saw;1;12;11;1;4809;23991;28800;659;833;863;917;1;833;9167
28/01/2023;2023;1;Jan;Q1;4;Band Saw;1;16;14;2;3222;25578;28800;662;888;852;875;1;125;875
29/01/2023;2023;1;Jan;Q1;4;Band Saw;1;13;10;3;5982;22818;28800;498;792;817;769;1;2308;7692
30/01/2023;2023;1;Jan;Q1;5;Band Saw;1;14;12;2;5411;23389;28800;605;812;870;857;1;1429;8571
31/01/2023;2023;1;Jan;Q1;5;Band Saw;1;13;12;1;3967;24833;28800;658;862;827;923;1;769;9231
01/02/2023;2023;2;Feb;Q1;5;Band Saw;1;20;18;2;2878;25922;28800;689;900;850;900;1;100;900
02/02/2023;2023;2;Feb;Q1;5;Band Saw;1;15;12;3;5563;23237;28800;602;807;933;800;1;200;800
03/02/2023;2023;2;Feb;Q1;5;Band Saw;1;12;11;1;4278;24522;28800;658;851;843;917;1;833;9167
04/02/2023;2023;2;Feb;Q1;5;Band Saw;1;17;17;0;5462;23338;28800;717;810;885;1000;1;0;1000
05/02/2023;2023;2;Feb;Q1;5;Band Saw;1;12;9;3;2982;25818;28800;553;896;822;750;1;250;750
06/02/2023;2023;2;Feb;Q1;6;Band Saw;1;15;13;2;3853;24947;28800;634;866;845;867;1;1333;8667
07/02/2023;2023;2;Feb;Q1;6;Band Saw;1;10;9;1;4383;24417;28800;691;848;906;900;1;100;900
08/02/2023;2023;2;Feb;Q1;6;Band Saw;1;11;11;0;4419;24381;28800;698;847;825;1000;1;0;1000
09/02/2023;2023;2;Feb;Q1;6;Band Saw;1;15;13;2;3984;24816;28800;678;862;907;867;1;1333;8667
10/02/2023;2023;2;Feb;Q1;6;Band Saw;1;17;16;1;4923;23877;28800;679;829;870;941;1;588;9412
11/02/2023;2023;2;Feb;Q1;6;Band Saw;1;15;13;2;3443;25357;28800;631;880;827;867;1;1333;8667
12/02/2023;2023;2;Feb;Q1;6;Band Saw;1;14;14;0;4253;24547;28800;739;852;867;1000;1;0;1000
13/02/2023;2023;2;Feb;Q1;7;Band Saw;1;14;12;2;4483;24317;28800;636;844;879;857;1;1429;8571
14/02/2023;2023;2;Feb;Q1;7;Band Saw;1;11;6;5;4828;23972;28800;394;832;867;545;1;4545;5455
15/02/2023;2023;2;Feb;Q1;7;Band Saw;1;13;13;0;5001;23799;28800;655;826;793;1000;1;0;1000
16/02/2023;2023;2;Feb;Q1;7;Band Saw;1;14;10;4;3393;25407;28800;518;882;821;714;1;2857;7143
17/02/2023;2023;2;Feb;Q1;7;Band Saw;1;18;17;1;3035;25765;28800;708;895;838;944;1;556;9444
18/02/2023;2023;2;Feb;Q1;7;Band Saw;1;16;13;3;5497;23303;28800;555;809;843;812;1;1875;8125
19/02/2023;2023;2;Feb;Q1;7;Band Saw;1;10;9;1;4669;24131;28800;654;838;867;900;1;100;900
20/02/2023;2023;2;Feb;Q1;8;Band Saw;1;16;15;1;3723;25077;28800;696;871;852;938;1;625;9375
21/02/2023;2023;2;Feb;Q1;8;Band Saw;1;14;12;2;5736;23064;28800;550;801;801;857;1;1429;8571
22/02/2023;2023;2;Feb;Q1;8;Band Saw;1;13;11;2;4479;24321;28800;614;844;859;846;1;1538;8462
23/02/2023;2023;2;Feb;Q1;8;Band Saw;1;16;15;1;5411;23389;28800;660;812;867;938;1;625;9375
24/02/2023;2023;2;Feb;Q1;8;Band Saw;1;17;16;1;4437;24363;28800;689;846;865;941;1;588;9412
25/02/2023;2023;2;Feb;Q1;8;Band Saw;1;17;15;2;6182;22618;28800;612;785;883;882;1;1176;8824
26/02/2023;2023;2;Feb;Q1;8;Band Saw;1;13;11;2;5915;22885;28800;588;795;874;846;1;1538;8462
27/02/2023;2023;2;Feb;Q1;9;Band Saw;1;14;12;2;4160;24640;28800;632;856;862;857;1;1429;8571
28/02/2023;2023;2;Feb;Q1;9;Band Saw;1;16;14;2;5229;23571;28800;604;818;844;875;1;125;875
01/03/2023;2023;3;Mar;Q1;9;Band Saw;1;17;16;1;4943;23857;28800;616;828;790;941;1;588;9412
02/03/2023;2023;3;Mar;Q1;9;Band Saw;1;13;11;2;5576;23224;28800;587;806;861;846;1;1538;8462
03/03/2023;2023;3;Mar;Q1;9;Band Saw;1;14;14;0;3533;25267;28800;748;877;853;1000;1;0;1000
04/03/2023;2023;3;Mar;Q1;9;Band Saw;1;12;11;1;4979;23821;28800;648;827;855;917;1;833;9167
05/03/2023;2023;3;Mar;Q1;9;Band Saw;1;12;12;0;5305;23495;28800;655;816;803;1000;1;0;1000
06/03/2023;2023;3;Mar;Q1;10;Band Saw;1;17;16;1;2838;25962;28800;687;901;809;941;1;588;9412
07/03/2023;2023;3;Mar;Q1;10;Band Saw;1;18;17;1;3342;25458;28800;736;884;882;944;1;556;9444
08/03/2023;2023;3;Mar;Q1;10;Band Saw;1;15;14;1;2592;26208;28800;717;910;845;933;1;667;9333
09/03/2023;2023;3;Mar;Q1;10;Band Saw;1;17;15;2;4142;24658;28800;657;856;869;882;1;1176;8824
10/03/2023;2023;3;Mar;Q1;10;Band Saw;1;16;15;1;5006;23794;28800;656;826;847;938;1;625;9375
11/03/2023;2023;3;Mar;Q1;10;Band Saw;1;13;12;1;5693;23107;28800;627;802;847;923;1;769;9231
12/03/2023;2023;3;Mar;Q1;10;Band Saw;1;16;15;1;4443;24357;28800;696;846;878;938;1;625;9375
13/03/2023;2023;3;Mar;Q1;11;Band Saw;1;19;18;1;5804;22996;28800;627;798;829;947;1;526;9474
14/03/2023;2023;3;Mar;Q1;11;Band Saw;1;15;15;0;3170;25630;28800;756;890;849;1000;1;0;1000
15/03/2023;2023;3;Mar;Q1;11;Band Saw;1;19;19;0;2886;25914;28800;747;900;830;1000;1;0;1000
16/03/2023;2023;3;Mar;Q1;11;Band Saw;1;8;7;1;4329;24471;28800;618;850;831;875;1;125;875
17/03/2023;2023;3;Mar;Q1;11;Band Saw;1;17;15;2;4714;24086;28800;617;836;836;882;1;1176;8824
18/03/2023;2023;3;Mar;Q1;11;Band Saw;1;15;14;1;4349;24451;28800;676;849;854;933;1;667;9333
19/03/2023;2023;3;Mar;Q1;11;Band Saw;1;14;13;1;2568;26232;28800;702;911;830;929;1;714;9286
20/03/2023;2023;3;Mar;Q1;12;Band Saw;1;15;14;1;4300;24500;28800;705;851;888;933;1;667;9333
21/03/2023;2023;3;Mar;Q1;12;Band Saw;1;9;7;2;3236;25564;28800;563;888;816;778;1;2222;7778
22/03/2023;2023;3;Mar;Q1;12;Band Saw;1;14;13;1;4964;23836;28800;645;828;840;929;1;714;9286
23/03/2023;2023;3;Mar;Q1;12;Band Saw;1;16;15;1;4699;24101;28800;652;837;831;938;1;625;9375
24/03/2023;2023;3;Mar;Q1;12;Band Saw;1;19;19;0;3555;25245;28800;784;877;895;1000;1;0;1000
25/03/2023;2023;3;Mar;Q1;12;Band Saw;1;13;12;1;3928;24872;28800;680;864;853;923;1;769;9231
26/03/2023;2023;3;Mar;Q1;12;Band Saw;1;13;12;1;3451;25349;28800;716;880;881;923;1;769;9231
27/03/2023;2023;3;Mar;Q1;13;Band Saw;1;13;12;1;4323;24477;28800;624;850;796;923;1;769;9231
28/03/2023;2023;3;Mar;Q1;13;Band Saw;1;17;15;2;5214;23586;28800;618;819;855;882;1;1176;8824
29/03/2023;2023;3;Mar;Q1;13;Band Saw;1;16;15;1;3515;25285;28800;721;878;876;938;1;625;9375
30/03/2023;2023;3;Mar;Q1;13;Band Saw;1;13;12;1;4819;23981;28800;652;833;849;923;1;769;9231
31/03/2023;2023;3;Mar;Q1;13;Band Saw;1;16;14;2;3914;24886;28800;667;864;882;875;1;125;875
01/04/2023;2023;4;Apr;Q2;13;Band Saw;1;15;13;2;3684;25116;28800;626;872;828;867;1;1333;8667
02/04/2023;2023;4;Apr;Q2;13;Band Saw;1;17;15;2;4284;24516;28800;671;851;894;882;1;1176;8824
03/04/2023;2023;4;Apr;Q2;14;Band Saw;1;13;10;3;3472;25328;28800;625;879;924;769;1;2308;7692
04/04/2023;2023;4;Apr;Q2;14;Band Saw;1;14;14;0;3893;24907;28800;721;865;834;1000;1;0;1000
05/04/2023;2023;4;Apr;Q2;14;Band Saw;1;14;14;0;3329;25471;28800;735;884;831;1000;1;0;1000
06/04/2023;2023;4;Apr;Q2;14;Band Saw;1;11;11;0;6098;22702;28800;706;788;895;1000;1;0;1000
07/04/2023;2023;4;Apr;Q2;14;Band Saw;1;16;14;2;4409;24391;28800;667;847;899;875;1;125;875
08/04/2023;2023;4;Apr;Q2;14;Band Saw;1;15;12;3;3765;25035;28800;576;869;828;800;1;200;800
09/04/2023;2023;4;Apr;Q2;14;Band Saw;1;15;15;0;4565;24235;28800;700;841;832;1000;1;0;1000
10/04/2023;2023;4;Apr;Q2;15;Band Saw;1;14;11;3;4280;24520;28800;560;851;836;786;1;2143;7857
11/04/2023;2023;4;Apr;Q2;15;Band Saw;1;11;11;0;4184;24616;28800;684;855;801;1000;1;0;1000
12/04/2023;2023;4;Apr;Q2;15;Band Saw;1;14;11;3;4916;23884;28800;531;829;815;786;1;2143;7857
13/04/2023;2023;4;Apr;Q2;15;Band Saw;1;14;13;1;5041;23759;28800;622;825;812;929;1;714;9286
14/04/2023;2023;4;Apr;Q2;15;Band Saw;1;13;13;0;3913;24887;28800;709;864;820;1000;1;0;1000
15/04/2023;2023;4;Apr;Q2;15;Band Saw;1;14;13;1;3874;24926;28800;679;865;845;929;1;714;9286
16/04/2023;2023;4;Apr;Q2;15;Band Saw;1;16;15;1;4137;24663;28800;686;856;854;938;1;625;9375
17/04/2023;2023;4;Apr;Q2;16;Band Saw;1;20;19;1;2362;26438;28800;784;918;898;950;1;50;950
18/04/2023;2023;4;Apr;Q2;16;Band Saw;1;15;14;1;3051;25749;28800;678;894;812;933;1;667;9333
19/04/2023;2023;4;Apr;Q2;16;Band Saw;1;15;13;2;5575;23225;28800;615;806;879;867;1;1333;8667
20/04/2023;2023;4;Apr;Q2;16;Band Saw;1;15;14;1;5818;22982;28800;625;798;839;933;1;667;9333
21/04/2023;2023;4;Apr;Q2;16;Band Saw;1;10;10;0;4160;24640;28800;722;856;844;1000;1;0;1000
22/04/2023;2023;4;Apr;Q2;16;Band Saw;1;15;14;1;4883;23917;28800;673;830;869;933;1;667;9333
23/04/2023;2023;4;Apr;Q2;16;Band Saw;1;15;13;2;4650;24150;28800;587;839;808;867;1;1333;8667
24/04/2023;2023;4;Apr;Q2;17;Band Saw;1;21;20;1;7074;21726;28800;617;754;859;952;1;476;9524
25/04/2023;2023;4;Apr;Q2;17;Band Saw;1;14;13;1;5358;23442;28800;644;814;852;929;1;714;9286
26/04/2023;2023;4;Apr;Q2;17;Band Saw;1;16;16;0;4266;24534;28800;735;852;863;1000;1;0;1000
27/04/2023;2023;4;Apr;Q2;17;Band Saw;1;15;15;0;3541;25259;28800;751;877;856;1000;1;0;1000
28/04/2023;2023;4;Apr;Q2;17;Band Saw;1;12;11;1;2971;25829;28800;764;897;929;917;1;833;9167
29/04/2023;2023;4;Apr;Q2;17;Band Saw;1;18;18;0;4556;24244;28800;694;842;824;1000;1;0;1000
30/04/2023;2023;4;Apr;Q2;17;Band Saw;1;17;16;1;3716;25084;28800;679;871;828;941;1;588;9412
01/05/2023;2023;5;May;Q2;18;Band Saw;1;17;15;2;3133;25667;28800;649;891;825;882;1;1176;8824
02/05/2023;2023;5;May;Q2;18;Band Saw;1;12;12;0;3812;24988;28800;718;868;827;1000;1;0;1000
03/05/2023;2023;5;May;Q2;18;Band Saw;1;18;16;2;3431;25369;28800;646;881;824;889;1;1111;8889
04/05/2023;2023;5;May;Q2;18;Band Saw;1;11;11;0;5855;22945;28800;706;797;886;1000;1;0;1000
05/05/2023;2023;5;May;Q2;18;Band Saw;1;16;12;4;5150;23650;28800;551;821;894;750;1;250;750
06/05/2023;2023;5;May;Q2;18;Band Saw;1;21;19;2;4371;24429;28800;634;848;827;905;1;952;9048
07/05/2023;2023;5;May;Q2;18;Band Saw;1;12;10;2;5674;23126;28800;547;803;818;833;1;1667;8333
08/05/2023;2023;5;May;Q2;19;Band Saw;1;13;12;1;4446;24354;28800;673;846;862;923;1;769;9231
09/05/2023;2023;5;May;Q2;19;Band Saw;1;15;15;0;3624;25176;28800;723;874;827;1000;1;0;1000
10/05/2023;2023;5;May;Q2;19;Band Saw;1;13;12;1;5712;23088;28800;642;802;867;923;1;769;9231
11/05/2023;2023;5;May;Q2;19;Band Saw;1;11;8;3;4850;23950;28800;516;832;853;727;1;2727;7273
12/05/2023;2023;5;May;Q2;19;Band Saw;1;15;14;1;3470;25330;28800;652;880;795;933;1;667;9333
13/05/2023;2023;5;May;Q2;19;Band Saw;1;12;10;2;4211;24589;28800;639;854;898;833;1;1667;8333
14/05/2023;2023;5;May;Q2;19;Band Saw;1;16;13;3;3611;25189;28800;644;875;907;812;1;1875;8125
15/05/2023;2023;5;May;Q2;20;Band Saw;1;12;12;0;3167;25633;28800;735;890;825;1000;1;0;1000
16/05/2023;2023;5;May;Q2;20;Band Saw;1;19;18;1;5189;23611;28800;647;820;833;947;1;526;9474
17/05/2023;2023;5;May;Q2;20;Band Saw;1;13;12;1;6050;22750;28800;624;790;856;923;1;769;9231
18/05/2023;2023;5;May;Q2;20;Band Saw;1;14;13;1;3153;25647;28800;709;891;857;929;1;714;9286
19/05/2023;2023;5;May;Q2;20;Band Saw;1;17;14;3;4871;23929;28800;594;831;868;824;1;1765;8235
20/05/2023;2023;5;May;Q2;20;Band Saw;1;11;9;2;3808;24992;28800;649;868;914;818;1;1818;8182
21/05/2023;2023;5;May;Q2;20;Band Saw;1;15;14;1;3951;24849;28800;676;863;840;933;1;667;9333
22/05/2023;2023;5;May;Q2;21;Band Saw;1;18;17;1;3859;24941;28800;670;866;819;944;1;556;9444
23/05/2023;2023;5;May;Q2;21;Band Saw;1;10;9;1;3621;25179;28800;629;874;799;900;1;100;900
24/05/2023;2023;5;May;Q2;21;Band Saw;1;15;14;1;4420;24380;28800;649;847;821;933;1;667;9333
25/05/2023;2023;5;May;Q2;21;Band Saw;1;15;13;2;3650;25150;28800;639;873;845;867;1;1333;8667
26/05/2023;2023;5;May;Q2;21;Band Saw;1;17;16;1;4615;24185;28800;717;840;907;941;1;588;9412
27/05/2023;2023;5;May;Q2;21;Band Saw;1;11;10;1;4334;24466;28800;640;850;828;909;1;909;9091
28/05/2023;2023;5;May;Q2;21;Band Saw;1;11;11;0;4169;24631;28800;730;855;854;1000;1;0;1000
29/05/2023;2023;5;May;Q2;22;Band Saw;1;16;14;2;3583;25217;28800;648;876;845;875;1;125;875
30/05/2023;2023;5;May;Q2;22;Band Saw;1;16;15;1;3873;24927;28800;719;866;886;938;1;625;9375
31/05/2023;2023;5;May;Q2;22;Band Saw;1;15;14;1;5039;23761;28800;717;825;932;933;1;667;9333
01/06/2023;2023;6;Jun;Q2;22;Band Saw;1;16;16;0;4817;23983;28800;690;833;828;1000;1;0;1000
02/06/2023;2023;6;Jun;Q2;22;Band Saw;1;13;11;2;3522;25278;28800;616;878;829;846;1;1538;8462
03/06/2023;2023;6;Jun;Q2;22;Band Saw;1;15;13;2;4465;24335;28800;645;845;881;867;1;1333;8667
04/06/2023;2023;6;Jun;Q2;22;Band Saw;1;16;16;0;5036;23764;28800;717;825;869;1000;1;0;1000
05/06/2023;2023;6;Jun;Q2;23;Band Saw;1;13;13;0;2916;25884;28800;817;899;908;1000;1;0;1000
06/06/2023;2023;6;Jun;Q2;23;Band Saw;1;20;20;0;4854;23946;28800;720;831;866;1000;1;0;1000
07/06/2023;2023;6;Jun;Q2;23;Band Saw;1;16;14;2;3798;25002;28800;633;868;834;875;1;125;875
08/06/2023;2023;6;Jun;Q2;23;Band Saw;1;12;11;1;4878;23922;28800;659;831;866;917;1;833;9167
09/06/2023;2023;6;Jun;Q2;23;Band Saw;1;17;16;1;3710;25090;28800;724;871;884;941;1;588;9412
10/06/2023;2023;6;Jun;Q2;23;Band Saw;1;12;12;0;2798;26002;28800;789;903;874;1000;1;0;1000
11/06/2023;2023;6;Jun;Q2;23;Band Saw;1;17;16;1;2953;25847;28800;729;897;863;941;1;588;9412
12/06/2023;2023;6;Jun;Q2;24;Band Saw;1;18;16;2;4420;24380;28800;664;847;882;889;1;1111;8889
13/06/2023;2023;6;Jun;Q2;24;Band Saw;1;13;12;1;4605;24195;28800;687;840;886;923;1;769;9231
14/06/2023;2023;6;Jun;Q2;24;Band Saw;1;17;12;5;3586;25214;28800;552;875;893;706;1;2941;7059
15/06/2023;2023;6;Jun;Q2;24;Band Saw;1;16;16;0;4937;23863;28800;719;829;868;1000;1;0;1000
16/06/2023;2023;6;Jun;Q2;24;Band Saw;1;17;15;2;2923;25877;28800;666;899;840;882;1;1176;8824
17/06/2023;2023;6;Jun;Q2;24;Band Saw;1;20;19;1;4320;24480;28800;687;850;851;950;1;50;950
18/06/2023;2023;6;Jun;Q2;24;Band Saw;1;14;13;1;3318;25482;28800;729;885;887;929;1;714;9286
19/06/2023;2023;6;Jun;Q2;25;Band Saw;1;13;11;2;3807;24993;28800;601;868;818;846;1;1538;8462
20/06/2023;2023;6;Jun;Q2;25;Band Saw;1;12;11;1;4419;24381;28800;666;847;858;917;1;833;9167
21/06/2023;2023;6;Jun;Q2;25;Band Saw;1;13;9;4;3625;25175;28800;504;874;833;692;1;3077;6923
22/06/2023;2023;6;Jun;Q2;25;Band Saw;1;15;15;0;4041;24759;28800;728;860;847;1000;1;0;1000
23/06/2023;2023;6;Jun;Q2;25;Band Saw;1;16;16;0;5259;23541;28800;727;817;889;1000;1;0;1000
24/06/2023;2023;6;Jun;Q2;25;Band Saw;1;15;13;2;3873;24927;28800;639;866;852;867;1;1333;8667
25/06/2023;2023;6;Jun;Q2;25;Band Saw;1;17;15;2;5110;23690;28800;615;823;848;882;1;1176;8824
26/06/2023;2023;6;Jun;Q2;26;Band Saw;1;15;14;1;3389;25411;28800;659;882;800;933;1;667;9333
27/06/2023;2023;6;Jun;Q2;26;Band Saw;1;19;19;0;4842;23958;28800;725;832;871;1000;1;0;1000
28/06/2023;2023;6;Jun;Q2;26;Band Saw;1;14;14;0;5640;23160;28800;698;804;868;1000;1;0;1000
29/06/2023;2023;6;Jun;Q2;26;Band Saw;1;22;18;4;2214;26586;28800;694;923;919;818;1;1818;8182
30/06/2023;2023;6;Jun;Q2;26;Band Saw;1;16;16;0;3680;25120;28800;729;872;836;1000;1;0;1000
01/07/2023;2023;7;Jul;Q3;26;Band Saw;1;12;12;0;4883;23917;28800;709;830;853;1000;1;0;1000
02/07/2023;2023;7;Jul;Q3;26;Band Saw;1;12;12;0;4200;24600;28800;730;854;854;1000;1;0;1000
03/07/2023;2023;7;Jul;Q3;27;Band Saw;1;16;15;1;4703;24097;28800;705;837;899;938;1;625;9375
04/07/2023;2023;7;Jul;Q3;27;Band Saw;1;14;14;0;3849;24951;28800;730;866;843;1000;1;0;1000
05/07/2023;2023;7;Jul;Q3;27;Band Saw;1;17;16;1;4454;24346;28800;681;845;855;941;1;588;9412
06/07/2023;2023;7;Jul;Q3;27;Band Saw;1;16;16;0;4242;24558;28800;739;853;867;1000;1;0;1000
07/07/2023;2023;7;Jul;Q3;27;Band Saw;1;15;13;2;5400;23400;28800;600;812;852;867;1;1333;8667
08/07/2023;2023;7;Jul;Q3;27;Band Saw;1;13;13;0;4601;24199;28800;698;840;831;1000;1;0;1000
09/07/2023;2023;7;Jul;Q3;27;Band Saw;1;11;10;1;4674;24126;28800;649;838;853;909;1;909;9091
10/07/2023;2023;7;Jul;Q3;28;Band Saw;1;14;12;2;4017;24783;28800;651;861;882;857;1;1429;8571
11/07/2023;2023;7;Jul;Q3;28;Band Saw;1;17;15;2;3951;24849;28800;618;863;811;882;1;1176;8824
12/07/2023;2023;7;Jul;Q3;28;Band Saw;1;15;14;1;3999;24801;28800;684;861;850;933;1;667;9333
13/07/2023;2023;7;Jul;Q3;28;Band Saw;1;11;11;0;4723;24077;28800;687;836;822;1000;1;0;1000
14/07/2023;2023;7;Jul;Q3;28;Band Saw;1;15;14;1;4009;24791;28800;712;861;886;933;1;667;9333
15/07/2023;2023;7;Jul;Q3;28;Band Saw;1;16;14;2;4632;24168;28800;583;839;794;875;1;125;875
16/07/2023;2023;7;Jul;Q3;28;Band Saw;1;12;8;4;6195;22605;28800;433;785;827;667;1;3333;6667
17/07/2023;2023;7;Jul;Q3;29;Band Saw;1;15;13;2;5141;23659;28800;611;821;859;867;1;1333;8667
18/07/2023;2023;7;Jul;Q3;29;Band Saw;1;15;14;1;4092;24708;28800;720;858;899;933;1;667;9333
19/07/2023;2023;7;Jul;Q3;29;Band Saw;1;12;10;2;5430;23370;28800;571;811;844;833;1;1667;8333
20/07/2023;2023;7;Jul;Q3;29;Band Saw;1;16;15;1;4021;24779;28800;667;860;827;938;1;625;9375
21/07/2023;2023;7;Jul;Q3;29;Band Saw;1;16;16;0;2593;26207;28800;828;910;910;1000;1;0;1000
22/07/2023;2023;7;Jul;Q3;29;Band Saw;1;18;16;2;3495;25305;28800;622;879;797;889;1;1111;8889
23/07/2023;2023;7;Jul;Q3;29;Band Saw;1;18;14;4;2740;26060;28800;543;905;772;778;1;2222;7778
24/07/2023;2023;7;Jul;Q3;30;Band Saw;1;11;11;0;4070;24730;28800;739;859;861;1000;1;0;1000
25/07/2023;2023;7;Jul;Q3;30;Band Saw;1;12;11;1;4394;24406;28800;644;847;829;917;1;833;9167
26/07/2023;2023;7;Jul;Q3;30;Band Saw;1;16;16;0;5846;22954;28800;647;797;811;1000;1;0;1000
27/07/2023;2023;7;Jul;Q3;30;Band Saw;1;16;15;1;4664;24136;28800;684;838;870;938;1;625;9375
28/07/2023;2023;7;Jul;Q3;30;Band Saw;1;16;16;0;4186;24614;28800;730;855;854;1000;1;0;1000
29/07/2023;2023;7;Jul;Q3;30;Band Saw;1;25;23;2;5104;23696;28800;626;823;827;920;1;80;920
30/07/2023;2023;7;Jul;Q3;30;Band Saw;1;16;14;2;2442;26358;28800;643;915;803;875;1;125;875
31/07/2023;2023;7;Jul;Q3;31;Band Saw;1;18;17;1;4584;24216;28800;695;841;876;944;1;556;9444
01/08/2023;2023;8;Aug;Q3;31;Band Saw;1;17;15;2;5053;23747;28800;632;825;868;882;1;1176;8824
02/08/2023;2023;8;Aug;Q3;31;Band Saw;1;16;14;2;3083;25717;28800;658;893;843;875;1;125;875
03/08/2023;2023;8;Aug;Q3;31;Band Saw;1;14;11;3;5379;23421;28800;580;813;908;786;1;2143;7857
04/08/2023;2023;8;Aug;Q3;31;Band Saw;1;17;16;1;4674;24126;28800;638;838;810;941;1;588;9412
05/08/2023;2023;8;Aug;Q3;31;Band Saw;1;13;12;1;4014;24786;28800;631;861;794;923;1;769;9231
06/08/2023;2023;8;Aug;Q3;31;Band Saw;1;14;14;0;4932;23868;28800;682;829;823;1000;1;0;1000
07/08/2023;2023;8;Aug;Q3;32;Band Saw;1;13;9;4;6366;22434;28800;455;779;844;692;1;3077;6923
08/08/2023;2023;8;Aug;Q3;32;Band Saw;1;15;12;3;4537;24263;28800;576;842;854;800;1;200;800
09/08/2023;2023;8;Aug;Q3;32;Band Saw;1;21;19;2;4595;24205;28800;637;840;838;905;1;952;9048
10/08/2023;2023;8;Aug;Q3;32;Band Saw;1;10;8;2;3976;24824;28800;592;862;858;800;1;200;800
11/08/2023;2023;8;Aug;Q3;32;Band Saw;1;17;16;1;3634;25166;28800;661;874;804;941;1;588;9412
12/08/2023;2023;8;Aug;Q3;32;Band Saw;1;10;9;1;5105;23695;28800;663;823;895;900;1;100;900
13/08/2023;2023;8;Aug;Q3;32;Band Saw;1;14;14;0;3628;25172;28800;737;874;843;1000;1;0;1000
14/08/2023;2023;8;Aug;Q3;33;Band Saw;1;18;16;2;4441;24359;28800;664;846;884;889;1;1111;8889
15/08/2023;2023;8;Aug;Q3;33;Band Saw;1;15;15;0;3960;24840;28800;740;862;858;1000;1;0;1000
16/08/2023;2023;8;Aug;Q3;33;Band Saw;1;12;10;2;4797;24003;28800;598;833;861;833;1;1667;8333
17/08/2023;2023;8;Aug;Q3;33;Band Saw;1;13;11;2;4670;24130;28800;613;838;865;846;1;1538;8462
18/08/2023;2023;8;Aug;Q3;33;Band Saw;1;17;15;2;5286;23514;28800;620;816;861;882;1;1176;8824
19/08/2023;2023;8;Aug;Q3;33;Band Saw;1;13;13;0;3931;24869;28800;749;864;868;1000;1;0;1000
20/08/2023;2023;8;Aug;Q3;33;Band Saw;1;15;14;1;4142;24658;28800;712;856;891;933;1;667;9333
21/08/2023;2023;8;Aug;Q3;34;Band Saw;1;15;14;1;3521;25279;28800;699;878;853;933;1;667;9333
22/08/2023;2023;8;Aug;Q3;34;Band Saw;1;13;12;1;3989;24811;28800;692;861;870;923;1;769;9231
23/08/2023;2023;8;Aug;Q3;34;Band Saw;1;20;20;0;4708;24092;28800;705;837;843;1000;1;0;1000
24/08/2023;2023;8;Aug;Q3;34;Band Saw;1;16;13;3;5041;23759;28800;600;825;895;812;1;1875;8125
25/08/2023;2023;8;Aug;Q3;34;Band Saw;1;9;8;1;3571;25229;28800;641;876;823;889;1;1111;8889
26/08/2023;2023;8;Aug;Q3;34;Band Saw;1;15;14;1;5139;23661;28800;695;822;907;933;1;667;9333
27/08/2023;2023;8;Aug;Q3;34;Band Saw;1;13;12;1;5565;23235;28800;629;807;845;923;1;769;9231
28/08/2023;2023;8;Aug;Q3;35;Band Saw;1;17;16;1;4740;24060;28800;627;835;798;941;1;588;9412
29/08/2023;2023;8;Aug;Q3;35;Band Saw;1;13;12;1;6021;22779;28800;621;791;850;923;1;769;9231
30/08/2023;2023;8;Aug;Q3;35;Band Saw;1;14;13;1;3700;25100;28800;666;872;823;929;1;714;9286
31/08/2023;2023;8;Aug;Q3;35;Band Saw;1;16;13;3;3288;25512;28800;629;886;874;812;1;1875;8125
01/09/2023;2023;9;Sep;Q3;35;Band Saw;1;17;16;1;2821;25979;28800;699;902;824;941;1;588;9412
02/09/2023;2023;9;Sep;Q3;35;Band Saw;1;12;8;4;5688;23112;28800;445;802;831;667;1;3333;6667
03/09/2023;2023;9;Sep;Q3;35;Band Saw;1;14;12;2;4951;23849;28800;555;828;782;857;1;1429;8571
04/09/2023;2023;9;Sep;Q3;36;Band Saw;1;13;13;0;4329;24471;28800;706;850;831;1000;1;0;1000
05/09/2023;2023;9;Sep;Q3;36;Band Saw;1;13;10;3;4623;24177;28800;493;839;764;769;1;2308;7692
06/09/2023;2023;9;Sep;Q3;36;Band Saw;1;19;19;0;3392;25408;28800;699;882;792;1000;1;0;1000
07/09/2023;2023;9;Sep;Q3;36;Band Saw;1;16;14;2;6519;22281;28800;590;774;872;875;1;125;875
08/09/2023;2023;9;Sep;Q3;36;Band Saw;1;11;10;1;4491;24309;28800;670;844;873;909;1;909;9091
09/09/2023;2023;9;Sep;Q3;36;Band Saw;1;17;14;3;4474;24326;28800;598;845;860;824;1;1765;8235
10/09/2023;2023;9;Sep;Q3;36;Band Saw;1;20;17;3;5013;23787;28800;571;826;813;850;1;150;850
11/09/2023;2023;9;Sep;Q3;37;Band Saw;1;18;15;3;4799;24001;28800;586;833;844;833;1;1667;8333
12/09/2023;2023;9;Sep;Q3;37;Band Saw;1;11;9;2;4574;24226;28800;582;841;846;818;1;1818;8182
13/09/2023;2023;9;Sep;Q3;37;Band Saw;1;13;13;0;3686;25114;28800;704;872;807;1000;1;0;1000
14/09/2023;2023;9;Sep;Q3;37;Band Saw;1;18;18;0;4791;24009;28800;748;834;897;1000;1;0;1000
15/09/2023;2023;9;Sep;Q3;37;Band Saw;1;13;12;1;6026;22774;28800;639;791;876;923;1;769;9231
16/09/2023;2023;9;Sep;Q3;37;Band Saw;1;16;16;0;5556;23244;28800;677;807;839;1000;1;0;1000
17/09/2023;2023;9;Sep;Q3;37;Band Saw;1;17;15;2;5773;23027;28800;597;800;847;882;1;1176;8824
18/09/2023;2023;9;Sep;Q3;38;Band Saw;1;12;11;1;3930;24870;28800;675;864;853;917;1;833;9167
19/09/2023;2023;9;Sep;Q3;38;Band Saw;1;15;11;4;3511;25289;28800;500;878;777;733;1;2667;7333
20/09/2023;2023;9;Sep;Q3;38;Band Saw;1;6;5;1;4268;24532;28800;595;852;838;833;1;1667;8333
21/09/2023;2023;9;Sep;Q3;38;Band Saw;1;12;10;2;4427;24373;28800;580;846;823;833;1;1667;8333
22/09/2023;2023;9;Sep;Q3;38;Band Saw;1;14;14;0;5336;23464;28800;662;815;812;1000;1;0;1000
23/09/2023;2023;9;Sep;Q3;38;Band Saw;1;11;9;2;2896;25904;28800;616;899;836;818;1;1818;8182
24/09/2023;2023;9;Sep;Q3;38;Band Saw;1;19;16;3;5717;23083;28800;612;801;907;842;1;1579;8421
25/09/2023;2023;9;Sep;Q3;39;Band Saw;1;11;10;1;4240;24560;28800;673;853;868;909;1;909;9091
26/09/2023;2023;9;Sep;Q3;39;Band Saw;1;14;13;1;4004;24796;28800;661;861;827;929;1;714;9286
27/09/2023;2023;9;Sep;Q3;39;Band Saw;1;15;13;2;3492;25308;28800;659;879;865;867;1;1333;8667
28/09/2023;2023;9;Sep;Q3;39;Band Saw;1;19;19;0;2929;25871;28800;802;898;893;1000;1;0;1000
29/09/2023;2023;9;Sep;Q3;39;Band Saw;1;11;10;1;5099;23701;28800;656;823;877;909;1;909;9091
30/09/2023;2023;9;Sep;Q3;39;Band Saw;1;18;17;1;4442;24358;28800;677;846;848;944;1;556;9444
01/10/2023;2023;10;Oct;Q4;39;Band Saw;1;15;15;0;3248;25552;28800;731;887;824;1000;1;0;1000
02/10/2023;2023;10;Oct;Q4;40;Band Saw;1;12;11;1;3244;25556;28800;707;887;870;917;1;833;9167
03/10/2023;2023;10;Oct;Q4;40;Band Saw;1;16;16;0;4084;24716;28800;737;858;859;1000;1;0;1000
04/10/2023;2023;10;Oct;Q4;40;Band Saw;1;15;15;0;5839;22961;28800;699;797;876;1000;1;0;1000
05/10/2023;2023;10;Oct;Q4;40;Band Saw;1;13;13;0;4151;24649;28800;742;856;867;1000;1;0;1000
06/10/2023;2023;10;Oct;Q4;40;Band Saw;1;15;12;3;3062;25738;28800;630;894;882;800;1;200;800
07/10/2023;2023;10;Oct;Q4;40;Band Saw;1;14;13;1;4163;24637;28800;658;855;828;929;1;714;9286
08/10/2023;2023;10;Oct;Q4;40;Band Saw;1;15;11;4;4139;24661;28800;559;856;891;733;1;2667;7333
09/10/2023;2023;10;Oct;Q4;41;Band Saw;1;17;16;1;2017;26783;28800;746;930;853;941;1;588;9412
10/10/2023;2023;10;Oct;Q4;41;Band Saw;1;19;18;1;4330;24470;28800;738;850;916;947;1;526;9474
11/10/2023;2023;10;Oct;Q4;41;Band Saw;1;11;10;1;4176;24624;28800;639;855;823;909;1;909;9091
12/10/2023;2023;10;Oct;Q4;41;Band Saw;1;20;19;1;4988;23812;28800;711;827;905;950;1;50;950
13/10/2023;2023;10;Oct;Q4;41;Band Saw;1;10;10;0;5997;22803;28800;675;792;853;1000;1;0;1000
14/10/2023;2023;10;Oct;Q4;41;Band Saw;1;14;13;1;5364;23436;28800;623;814;824;929;1;714;9286
15/10/2023;2023;10;Oct;Q4;41;Band Saw;1;16;16;0;4143;24657;28800;710;856;830;1000;1;0;1000
16/10/2023;2023;10;Oct;Q4;42;Band Saw;1;16;14;2;3409;25391;28800;644;882;835;875;1;125;875
17/10/2023;2023;10;Oct;Q4;42;Band Saw;1;13;12;1;6631;22169;28800;611;770;860;923;1;769;9231
18/10/2023;2023;10;Oct;Q4;42;Band Saw;1;14;14;0;4430;24370;28800;731;846;864;1000;1;0;1000
19/10/2023;2023;10;Oct;Q4;42;Band Saw;1;13;13;0;4390;24410;28800;701;848;827;1000;1;0;1000
20/10/2023;2023;10;Oct;Q4;42;Band Saw;1;13;11;2;4357;24443;28800;607;849;845;846;1;1538;8462
21/10/2023;2023;10;Oct;Q4;42;Band Saw;1;17;16;1;4551;24249;28800;728;842;918;941;1;588;9412
22/10/2023;2023;10;Oct;Q4;42;Band Saw;1;16;16;0;4252;24548;28800;771;852;904;1000;1;0;1000
23/10/2023;2023;10;Oct;Q4;43;Band Saw;1;13;9;4;3876;24924;28800;516;865;861;692;1;3077;6923
24/10/2023;2023;10;Oct;Q4;43;Band Saw;1;17;17;0;3899;24901;28800;733;865;847;1000;1;0;1000
25/10/2023;2023;10;Oct;Q4;43;Band Saw;1;16;14;2;4349;24451;28800;631;849;850;875;1;125;875
26/10/2023;2023;10;Oct;Q4;43;Band Saw;1;17;13;4;3902;24898;28800;573;865;867;765;1;2353;7647
27/10/2023;2023;10;Oct;Q4;43;Band Saw;1;16;15;1;3754;25046;28800;662;870;811;938;1;625;9375
28/10/2023;2023;10;Oct;Q4;43;Band Saw;1;13;13;0;4471;24329;28800;707;845;837;1000;1;0;1000
29/10/2023;2023;10;Oct;Q4;43;Band Saw;1;13;13;0;4155;24645;28800;676;856;790;1000;1;0;1000
30/10/2023;2023;10;Oct;Q4;44;Band Saw;1;17;16;1;5695;23105;28800;649;802;860;941;1;588;9412
31/10/2023;2023;10;Oct;Q4;44;Band Saw;1;16;16;0;2057;26743;28800;806;929;868;1000;1;0;1000
01/11/2023;2023;11;Nov;Q4;44;Band Saw;1;15;13;2;5334;23466;28800;586;815;830;867;1;1333;8667
02/11/2023;2023;11;Nov;Q4;44;Band Saw;1;15;15;0;5469;23331;28800;728;810;899;1000;1;0;1000
03/11/2023;2023;11;Nov;Q4;44;Band Saw;1;18;17;1;2563;26237;28800;692;911;805;944;1;556;9444
04/11/2023;2023;11;Nov;Q4;44;Band Saw;1;13;8;5;4078;24722;28800;421;858;796;615;1;3846;6154
05/11/2023;2023;11;Nov;Q4;44;Band Saw;1;16;14;2;4053;24747;28800;642;859;854;875;1;125;875
06/11/2023;2023;11;Nov;Q4;45;Band Saw;1;14;13;1;3146;25654;28800;729;891;881;929;1;714;9286
07/11/2023;2023;11;Nov;Q4;45;Band Saw;1;14;13;1;3697;25103;28800;731;872;903;929;1;714;9286
08/11/2023;2023;11;Nov;Q4;45;Band Saw;1;18;16;2;3406;25394;28800;651;882;830;889;1;1111;8889
09/11/2023;2023;11;Nov;Q4;45;Band Saw;1;17;16;1;5912;22888;28800;660;795;883;941;1;588;9412
10/11/2023;2023;11;Nov;Q4;45;Band Saw;1;17;16;1;5197;23603;28800;652;820;845;941;1;588;9412
11/11/2023;2023;11;Nov;Q4;45;Band Saw;1;18;18;0;5491;23309;28800;680;809;840;1000;1;0;1000
12/11/2023;2023;11;Nov;Q4;45;Band Saw;1;15;12;3;5010;23790;28800;579;826;876;800;1;200;800
13/11/2023;2023;11;Nov;Q4;46;Band Saw;1;17;16;1;3389;25411;28800;721;882;868;941;1;588;9412
14/11/2023;2023;11;Nov;Q4;46;Band Saw;1;14;14;0;3919;24881;28800;685;864;793;1000;1;0;1000
15/11/2023;2023;11;Nov;Q4;46;Band Saw;1;16;15;1;4806;23994;28800;700;833;896;938;1;625;9375
16/11/2023;2023;11;Nov;Q4;46;Band Saw;1;14;13;1;3308;25492;28800;734;885;893;929;1;714;9286
17/11/2023;2023;11;Nov;Q4;46;Band Saw;1;15;13;2;5002;23798;28800;591;826;825;867;1;1333;8667
18/11/2023;2023;11;Nov;Q4;46;Band Saw;1;16;14;2;4168;24632;28800;643;855;859;875;1;125;875
19/11/2023;2023;11;Nov;Q4;46;Band Saw;1;13;11;2;4050;24750;28800;627;859;863;846;1;1538;8462
20/11/2023;2023;11;Nov;Q4;47;Band Saw;1;20;20;0;5000;23800;28800;706;826;855;1000;1;0;1000
21/11/2023;2023;11;Nov;Q4;47;Band Saw;1;12;11;1;4767;24033;28800;633;834;827;917;1;833;9167
22/11/2023;2023;11;Nov;Q4;47;Band Saw;1;12;11;1;4062;24738;28800;648;859;823;917;1;833;9167
23/11/2023;2023;11;Nov;Q4;47;Band Saw;1;18;18;0;5393;23407;28800;687;813;845;1000;1;0;1000
24/11/2023;2023;11;Nov;Q4;47;Band Saw;1;17;16;1;3431;25369;28800;734;881;886;941;1;588;9412
25/11/2023;2023;11;Nov;Q4;47;Band Saw;1;16;14;2;4917;23883;28800;627;829;864;875;1;125;875
26/11/2023;2023;11;Nov;Q4;47;Band Saw;1;16;16;0;4897;23903;28800;692;830;833;1000;1;0;1000
27/11/2023;2023;11;Nov;Q4;48;Band Saw;1;15;14;1;4107;24693;28800;698;857;872;933;1;667;9333
28/11/2023;2023;11;Nov;Q4;48;Band Saw;1;12;12;0;4664;24136;28800;628;838;750;1000;1;0;1000
29/11/2023;2023;11;Nov;Q4;48;Band Saw;1;15;15;0;3283;25517;28800;784;886;885;1000;1;0;1000
30/11/2023;2023;11;Nov;Q4;48;Band Saw;1;13;13;0;5187;23613;28800;645;820;787;1000;1;0;1000
01/12/2023;2023;12;Dec;Q4;48;Band Saw;1;17;13;4;4216;24584;28800;544;854;834;765;1;2353;7647
02/12/2023;2023;12;Dec;Q4;48;Band Saw;1;14;12;2;3920;24880;28800;598;864;808;857;1;1429;8571
03/12/2023;2023;12;Dec;Q4;48;Band Saw;1;13;10;3;5296;23504;28800;504;816;802;769;1;2308;7692
04/12/2023;2023;12;Dec;Q4;49;Band Saw;1;14;13;1;3761;25039;28800;715;869;885;929;1;714;9286
05/12/2023;2023;12;Dec;Q4;49;Band Saw;1;16;16;0;3145;25655;28800;740;891;830;1000;1;0;1000
06/12/2023;2023;12;Dec;Q4;49;Band Saw;1;13;12;1;3015;25785;28800;709;895;858;923;1;769;9231
07/12/2023;2023;12;Dec;Q4;49;Band Saw;1;13;12;1;4909;23891;28800;647;830;844;923;1;769;9231
08/12/2023;2023;12;Dec;Q4;49;Band Saw;1;15;13;2;3257;25543;28800;663;887;862;867;1;1333;8667
09/12/2023;2023;12;Dec;Q4;49;Band Saw;1;15;15;0;5914;22886;28800;674;795;849;1000;1;0;1000
10/12/2023;2023;12;Dec;Q4;49;Band Saw;1;13;12;1;2555;26245;28800;675;911;803;923;1;769;9231
11/12/2023;2023;12;Dec;Q4;50;Band Saw;1;14;14;0;5863;22937;28800;701;796;880;1000;1;0;1000
12/12/2023;2023;12;Dec;Q4;50;Band Saw;1;15;14;1;4563;24237;28800;651;842;829;933;1;667;9333
13/12/2023;2023;12;Dec;Q4;50;Band Saw;1;11;10;1;4293;24507;28800;614;851;793;909;1;909;9091
14/12/2023;2023;12;Dec;Q4;50;Band Saw;1;11;10;1;3901;24899;28800;654;865;832;909;1;909;9091
15/12/2023;2023;12;Dec;Q4;50;Band Saw;1;13;12;1;4727;24073;28800;692;836;897;923;1;769;9231
16/12/2023;2023;12;Dec;Q4;50;Band Saw;1;14;13;1;4345;24455;28800;690;849;875;929;1;714;9286
17/12/2023;2023;12;Dec;Q4;50;Band Saw;1;16;15;1;5344;23456;28800;637;814;834;938;1;625;9375
18/12/2023;2023;12;Dec;Q4;51;Band Saw;1;19;16;3;4478;24322;28800;593;845;834;842;1;1579;8421
19/12/2023;2023;12;Dec;Q4;51;Band Saw;1;17;14;3;4510;24290;28800;580;843;835;824;1;1765;8235
20/12/2023;2023;12;Dec;Q4;51;Band Saw;1;14;11;3;4060;24740;28800;618;859;916;786;1;2143;7857
21/12/2023;2023;12;Dec;Q4;51;Band Saw;1;15;13;2;4328;24472;28800;633;850;859;867;1;1333;8667
22/12/2023;2023;12;Dec;Q4;51;Band Saw;1;12;12;0;4647;24153;28800;722;839;861;1000;1;0;1000
23/12/2023;2023;12;Dec;Q4;51;Band Saw;1;15;13;2;2881;25919;28800;687;900;881;867;1;1333;8667
24/12/2023;2023;12;Dec;Q4;51;Band Saw;1;14;13;1;3198;25602;28800;705;889;854;929;1;714;9286
25/12/2023;2023;12;Dec;Q4;52;Band Saw;1;16;15;1;5029;23771;28800;648;825;837;938;1;625;9375
26/12/2023;2023;12;Dec;Q4;52;Band Saw;1;13;11;2;4528;24272;28800;599;843;839;846;1;1538;8462
27/12/2023;2023;12;Dec;Q4;52;Band Saw;1;16;16;0;4217;24583;28800;720;854;844;1000;1;0;1000
28/12/2023;2023;12;Dec;Q4;52;Band Saw;1;19;16;3;4394;24406;28800;603;847;845;842;1;1579;8421
29/12/2023;2023;12;Dec;Q4;52;Band Saw;1;14;13;1;4682;24118;28800;677;837;871;929;1;714;9286
30/12/2023;2023;12;Dec;Q4;52;Band Saw;1;16;14;2;3905;24895;28800;641;864;848;875;1;125;875
31/12/2023;2023;12;Dec;Q4;52;Band Saw;1;17;15;2;3696;25104;28800;670;872;871;882;1;1176;8824
01/01/2024;2024;1;Jan;Q1;1;Band Saw;1;14;13;1;5142;23658;28800;645;821;845;929;1;714;9286
02/01/2024;2024;1;Jan;Q1;1;Band Saw;1;15;14;1;5383;23417;28800;663;813;873;933;1;667;9333
03/01/2024;2024;1;Jan;Q1;1;Band Saw;1;17;16;1;3680;25120;28800;668;872;814;941;1;588;9412
04/01/2024;2024;1;Jan;Q1;1;Band Saw;1;13;12;1;4830;23970;28800;647;832;842;923;1;769;9231
05/01/2024;2024;1;Jan;Q1;1;Band Saw;1;15;14;1;5248;23552;28800;679;818;890;933;1;667;9333
06/01/2024;2024;1;Jan;Q1;1;Band Saw;1;12;11;1;5251;23549;28800;622;818;830;917;1;833;9167
07/01/2024;2024;1;Jan;Q1;1;Band Saw;1;15;14;1;4639;24161;28800;661;839;844;933;1;667;9333
08/01/2024;2024;1;Jan;Q1;2;Band Saw;1;15;13;2;5102;23698;28800;621;823;871;867;1;1333;8667
09/01/2024;2024;1;Jan;Q1;2;Band Saw;1;19;16;3;3871;24929;28800;593;866;813;842;1;1579;8421
10/01/2024;2024;1;Jan;Q1;2;Band Saw;1;14;13;1;4522;24278;28800;599;843;766;929;1;714;9286
11/01/2024;2024;1;Jan;Q1;2;Band Saw;1;15;12;3;4033;24767;28800;582;860;847;800;1;200;800
12/01/2024;2024;1;Jan;Q1;2;Band Saw;1;15;12;3;3796;25004;28800;605;868;871;800;1;200;800
13/01/2024;2024;1;Jan;Q1;2;Band Saw;1;13;12;1;4481;24319;28800;618;844;793;923;1;769;9231
14/01/2024;2024;1;Jan;Q1;2;Band Saw;1;13;12;1;4758;24042;28800;663;835;860;923;1;769;9231
15/01/2024;2024;1;Jan;Q1;3;Band Saw;1;18;16;2;5484;23316;28800;619;810;861;889;1;1111;8889
16/01/2024;2024;1;Jan;Q1;3;Band Saw;1;12;9;3;4684;24116;28800;478;837;762;750;1;250;750
17/01/2024;2024;1;Jan;Q1;3;Band Saw;1;11;9;2;5020;23780;28800;545;826;807;818;1;1818;8182
18/01/2024;2024;1;Jan;Q1;3;Band Saw;1;16;16;0;5030;23770;28800;681;825;825;1000;1;0;1000
19/01/2024;2024;1;Jan;Q1;3;Band Saw;1;18;17;1;6840;21960;28800;599;762;832;944;1;556;9444
20/01/2024;2024;1;Jan;Q1;3;Band Saw;1;14;13;1;2838;25962;28800;681;901;813;929;1;714;9286
21/01/2024;2024;1;Jan;Q1;3;Band Saw;1;14;13;1;3836;24964;28800;653;867;811;929;1;714;9286
22/01/2024;2024;1;Jan;Q1;4;Band Saw;1;15;15;0;5760;23040;28800;715;800;894;1000;1;0;1000
23/01/2024;2024;1;Jan;Q1;4;Band Saw;1;13;11;2;4135;24665;28800;605;856;834;846;1;1538;8462
24/01/2024;2024;1;Jan;Q1;4;Band Saw;1;13;11;2;5237;23563;28800;564;818;815;846;1;1538;8462
25/01/2024;2024;1;Jan;Q1;4;Band Saw;1;17;14;3;4653;24147;28800;578;838;837;824;1;1765;8235
26/01/2024;2024;1;Jan;Q1;4;Band Saw;1;16;13;3;6321;22479;28800;543;781;856;812;1;1875;8125
27/01/2024;2024;1;Jan;Q1;4;Band Saw;1;18;16;2;3458;25342;28800;657;880;840;889;1;1111;8889
28/01/2024;2024;1;Jan;Q1;4;Band Saw;1;11;10;1;5535;23265;28800;610;808;831;909;1;909;9091
29/01/2024;2024;1;Jan;Q1;5;Band Saw;1;13;12;1;6005;22795;28800;596;791;816;923;1;769;9231
30/01/2024;2024;1;Jan;Q1;5;Band Saw;1;15;15;0;3546;25254;28800;715;877;816;1000;1;0;1000
31/01/2024;2024;1;Jan;Q1;5;Band Saw;1;12;11;1;5145;23655;28800;616;821;818;917;1;833;9167
01/02/2024;2024;2;Feb;Q1;5;Band Saw;1;16;16;0;3589;25211;28800;744;875;849;1000;1;0;1000
02/02/2024;2024;2;Feb;Q1;5;Band Saw;1;18;16;2;4475;24325;28800;604;845;805;889;1;1111;8889
03/02/2024;2024;2;Feb;Q1;5;Band Saw;1;13;13;0;4220;24580;28800;726;853;851;1000;1;0;1000
04/02/2024;2024;2;Feb;Q1;5;Band Saw;1;15;15;0;2311;26489;28800;814;920;885;1000;1;0;1000
05/02/2024;2024;2;Feb;Q1;6;Band Saw;1;19;18;1;4826;23974;28800;669;832;849;947;1;526;9474
06/02/2024;2024;2;Feb;Q1;6;Band Saw;1;19;19;0;4576;24224;28800;694;841;826;1000;1;0;1000
07/02/2024;2024;2;Feb;Q1;6;Band Saw;1;17;15;2;5764;23036;28800;561;800;794;882;1;1176;8824
08/02/2024;2024;2;Feb;Q1;6;Band Saw;1;16;14;2;4992;23808;28800;644;827;891;875;1;125;875
09/02/2024;2024;2;Feb;Q1;6;Band Saw;1;12;11;1;6487;22313;28800;567;775;799;917;1;833;9167
10/02/2024;2024;2;Feb;Q1;6;Band Saw;1;16;16;0;4544;24256;28800;730;842;866;1000;1;0;1000
11/02/2024;2024;2;Feb;Q1;6;Band Saw;1;16;16;0;4355;24445;28800;729;849;859;1000;1;0;1000
12/02/2024;2024;2;Feb;Q1;7;Band Saw;1;14;14;0;4284;24516;28800;707;851;830;1000;1;0;1000
13/02/2024;2024;2;Feb;Q1;7;Band Saw;1;13;13;0;4057;24743;28800;712;859;829;1000;1;0;1000
14/02/2024;2024;2;Feb;Q1;7;Band Saw;1;11;9;2;2484;26316;28800;580;914;776;818;1;1818;8182
15/02/2024;2024;2;Feb;Q1;7;Band Saw;1;10;10;0;4253;24547;28800;724;852;849;1000;1;0;1000
16/02/2024;2024;2;Feb;Q1;7;Band Saw;1;10;10;0;2609;26191;28800;781;909;859;1000;1;0;1000
17/02/2024;2024;2;Feb;Q1;7;Band Saw;1;16;16;0;4851;23949;28800;666;832;801;1000;1;0;1000
18/02/2024;2024;2;Feb;Q1;7;Band Saw;1;15;15;0;3345;25455;28800;736;884;833;1000;1;0;1000
19/02/2024;2024;2;Feb;Q1;8;Band Saw;1;13;12;1;3653;25147;28800;676;873;839;923;1;769;9231
20/02/2024;2024;2;Feb;Q1;8;Band Saw;1;14;13;1;3853;24947;28800;690;866;858;929;1;714;9286
21/02/2024;2024;2;Feb;Q1;8;Band Saw;1;15;14;1;4266;24534;28800;666;852;838;933;1;667;9333
22/02/2024;2024;2;Feb;Q1;8;Band Saw;1;14;14;0;4455;24345;28800;662;845;783;1000;1;0;1000
23/02/2024;2024;2;Feb;Q1;8;Band Saw;1;11;10;1;5413;23387;28800;606;812;820;909;1;909;9091
24/02/2024;2024;2;Feb;Q1;8;Band Saw;1;17;16;1;3935;24865;28800;687;863;846;941;1;588;9412
25/02/2024;2024;2;Feb;Q1;8;Band Saw;1;16;15;1;4876;23924;28800;675;831;866;938;1;625;9375
26/02/2024;2024;2;Feb;Q1;9;Band Saw;1;15;11;4;6878;21922;28800;456;761;817;733;1;2667;7333
27/02/2024;2024;2;Feb;Q1;9;Band Saw;1;17;15;2;4784;24016;28800;671;834;911;882;1;1176;8824
28/02/2024;2024;2;Feb;Q1;9;Band Saw;1;13;12;1;4288;24512;28800;608;851;774;923;1;769;9231
29/02/2024;2024;2;Feb;Q1;9;Band Saw;1;18;17;1;3755;25045;28800;673;870;819;944;1;556;9444
01/03/2024;2024;3;Mar;Q1;9;Band Saw;1;14;13;1;4276;24524;28800;660;852;835;929;1;714;9286
02/03/2024;2024;3;Mar;Q1;9;Band Saw;1;17;15;2;3660;25140;28800;640;873;831;882;1;1176;8824
03/03/2024;2024;3;Mar;Q1;9;Band Saw;1;17;15;2;4687;24113;28800;589;837;797;882;1;1176;8824
04/03/2024;2024;3;Mar;Q1;10;Band Saw;1;12;10;2;4541;24259;28800;599;842;853;833;1;1667;8333
05/03/2024;2024;3;Mar;Q1;10;Band Saw;1;16;16;0;2525;26275;28800;776;912;850;1000;1;0;1000
06/03/2024;2024;3;Mar;Q1;10;Band Saw;1;16;15;1;4432;24368;28800;666;846;840;938;1;625;9375
07/03/2024;2024;3;Mar;Q1;10;Band Saw;1;15;14;1;5406;23394;28800;644;812;849;933;1;667;9333
08/03/2024;2024;3;Mar;Q1;10;Band Saw;1;14;12;2;4093;24707;28800;606;858;824;857;1;1429;8571
09/03/2024;2024;3;Mar;Q1;10;Band Saw;1;14;13;1;3868;24932;28800;630;866;784;929;1;714;9286
10/03/2024;2024;3;Mar;Q1;10;Band Saw;1;17;16;1;3223;25577;28800;680;888;814;941;1;588;9412
11/03/2024;2024;3;Mar;Q1;11;Band Saw;1;16;16;0;2795;26005;28800;761;903;843;1000;1;0;1000
12/03/2024;2024;3;Mar;Q1;11;Band Saw;1;15;13;2;5188;23612;28800;599;820;843;867;1;1333;8667
13/03/2024;2024;3;Mar;Q1;11;Band Saw;1;11;11;0;4287;24513;28800;714;851;839;1000;1;0;1000
14/03/2024;2024;3;Mar;Q1;11;Band Saw;1;16;15;1;5135;23665;28800;660;822;856;938;1;625;9375
15/03/2024;2024;3;Mar;Q1;11;Band Saw;1;17;17;0;5811;22989;28800;653;798;819;1000;1;0;1000
16/03/2024;2024;3;Mar;Q1;11;Band Saw;1;21;19;2;5268;23532;28800;620;817;839;905;1;952;9048
17/03/2024;2024;3;Mar;Q1;11;Band Saw;1;18;17;1;3966;24834;28800;698;862;857;944;1;556;9444
18/03/2024;2024;3;Mar;Q1;12;Band Saw;1;10;9;1;4577;24223;28800;632;841;835;900;1;100;900
19/03/2024;2024;3;Mar;Q1;12;Band Saw;1;15;12;3;3901;24899;28800;551;865;796;800;1;200;800
20/03/2024;2024;3;Mar;Q1;12;Band Saw;1;19;18;1;3818;24982;28800;662;867;806;947;1;526;9474
21/03/2024;2024;3;Mar;Q1;12;Band Saw;1;16;15;1;4753;24047;28800;678;835;866;938;1;625;9375
22/03/2024;2024;3;Mar;Q1;12;Band Saw;1;16;15;1;3708;25092;28800;723;871;885;938;1;625;9375
23/03/2024;2024;3;Mar;Q1;12;Band Saw;1;17;17;0;2483;26317;28800;802;914;877;1000;1;0;1000
24/03/2024;2024;3;Mar;Q1;12;Band Saw;1;13;11;2;3658;25142;28800;625;873;846;846;1;1538;8462
25/03/2024;2024;3;Mar;Q1;13;Band Saw;1;16;16;0;4175;24625;28800;682;855;798;1000;1;0;1000
26/03/2024;2024;3;Mar;Q1;13;Band Saw;1;14;13;1;5802;22998;28800;621;799;838;929;1;714;9286
27/03/2024;2024;3;Mar;Q1;13;Band Saw;1;15;14;1;4012;24788;28800;715;861;890;933;1;667;9333
28/03/2024;2024;3;Mar;Q1;13;Band Saw;1;17;15;2;4904;23896;28800;629;830;859;882;1;1176;8824
29/03/2024;2024;3;Mar;Q1;13;Band Saw;1;12;11;1;4299;24501;28800;648;851;831;917;1;833;9167
30/03/2024;2024;3;Mar;Q1;13;Band Saw;1;18;17;1;5540;23260;28800;655;808;859;944;1;556;9444
31/03/2024;2024;3;Mar;Q1;13;Band Saw;1;14;14;0;5478;23322;28800;644;810;795;1000;1;0;1000
01/04/2024;2024;4;Apr;Q2;14;Band Saw;1;15;13;2;5495;23305;28800;571;809;815;867;1;1333;8667
02/04/2024;2024;4;Apr;Q2;14;Band Saw;1;11;10;1;2906;25894;28800;655;899;802;909;1;909;9091
03/04/2024;2024;4;Apr;Q2;14;Band Saw;1;17;14;3;4632;24168;28800;590;839;854;824;1;1765;8235
04/04/2024;2024;4;Apr;Q2;14;Band Saw;1;19;16;3;5124;23676;28800;597;822;862;842;1;1579;8421
05/04/2024;2024;4;Apr;Q2;14;Band Saw;1;13;11;2;4788;24012;28800;588;834;833;846;1;1538;8462
06/04/2024;2024;4;Apr;Q2;14;Band Saw;1;12;11;1;5015;23785;28800;612;826;809;917;1;833;9167
07/04/2024;2024;4;Apr;Q2;14;Band Saw;1;15;14;1;4500;24300;28800;659;844;837;933;1;667;9333
08/04/2024;2024;4;Apr;Q2;15;Band Saw;1;19;16;3;3786;25014;28800;601;869;822;842;1;1579;8421
09/04/2024;2024;4;Apr;Q2;15;Band Saw;1;11;10;1;2939;25861;28800;662;898;811;909;1;909;9091
10/04/2024;2024;4;Apr;Q2;15;Band Saw;1;12;12;0;3874;24926;28800;735;865;849;1000;1;0;1000
11/04/2024;2024;4;Apr;Q2;15;Band Saw;1;13;11;2;6831;21969;28800;524;763;813;846;1;1538;8462
12/04/2024;2024;4;Apr;Q2;15;Band Saw;1;13;11;2;4016;24784;28800;572;861;785;846;1;1538;8462
13/04/2024;2024;4;Apr;Q2;15;Band Saw;1;13;12;1;2705;26095;28800;663;906;793;923;1;769;9231
14/04/2024;2024;4;Apr;Q2;15;Band Saw;1;9;9;0;5100;23700;28800;645;823;784;1000;1;0;1000
15/04/2024;2024;4;Apr;Q2;16;Band Saw;1;16;15;1;5210;23590;28800;650;819;846;938;1;625;9375
16/04/2024;2024;4;Apr;Q2;16;Band Saw;1;16;14;2;5594;23206;28800;594;806;843;875;1;125;875
17/04/2024;2024;4;Apr;Q2;16;Band Saw;1;10;8;2;4867;23933;28800;559;831;841;800;1;200;800
18/04/2024;2024;4;Apr;Q2;16;Band Saw;1;19;18;1;5201;23599;28800;666;819;858;947;1;526;9474
19/04/2024;2024;4;Apr;Q2;16;Band Saw;1;19;19;0;6086;22714;28800;692;789;878;1000;1;0;1000
20/04/2024;2024;4;Apr;Q2;16;Band Saw;1;13;11;2;3785;25015;28800;601;869;818;846;1;1538;8462
21/04/2024;2024;4;Apr;Q2;16;Band Saw;1;18;17;1;3609;25191;28800;704;875;852;944;1;556;9444
22/04/2024;2024;4;Apr;Q2;17;Band Saw;1;13;12;1;3475;25325;28800;637;879;785;923;1;769;9231
23/04/2024;2024;4;Apr;Q2;17;Band Saw;1;15;11;4;4212;24588;28800;554;854;884;733;1;2667;7333
24/04/2024;2024;4;Apr;Q2;17;Band Saw;1;12;12;0;5724;23076;28800;638;801;796;1000;1;0;1000
25/04/2024;2024;4;Apr;Q2;17;Band Saw;1;21;19;2;4918;23882;28800;611;829;814;905;1;952;9048
26/04/2024;2024;4;Apr;Q2;17;Band Saw;1;14;14;0;4883;23917;28800;679;830;818;1000;1;0;1000
27/04/2024;2024;4;Apr;Q2;17;Band Saw;1;15;14;1;2830;25970;28800;662;902;787;933;1;667;9333
28/04/2024;2024;4;Apr;Q2;17;Band Saw;1;13;11;2;3832;24968;28800;616;867;839;846;1;1538;8462
29/04/2024;2024;4;Apr;Q2;18;Band Saw;1;20;19;1;2815;25985;28800;724;902;845;950;1;50;950
30/04/2024;2024;4;Apr;Q2;18;Band Saw;1;20;14;6;5490;23310;28800;471;809;832;700;1;300;700
01/05/2024;2024;5;May;Q2;18;Band Saw;1;19;17;2;5859;22941;28800;560;797;786;895;1;1053;8947
02/05/2024;2024;5;May;Q2;18;Band Saw;1;17;16;1;5142;23658;28800;699;821;904;941;1;588;9412
03/05/2024;2024;5;May;Q2;18;Band Saw;1;13;13;0;3571;25229;28800;750;876;856;1000;1;0;1000
04/05/2024;2024;5;May;Q2;18;Band Saw;1;17;16;1;5767;23033;28800;697;800;926;941;1;588;9412
05/05/2024;2024;5;May;Q2;18;Band Saw;1;15;14;1;4223;24577;28800;646;853;811;933;1;667;9333
06/05/2024;2024;5;May;Q2;19;Band Saw;1;18;18;0;3368;25432;28800;768;883;870;1000;1;0;1000
07/05/2024;2024;5;May;Q2;19;Band Saw;1;18;17;1;3590;25210;28800;714;875;864;944;1;556;9444
08/05/2024;2024;5;May;Q2;19;Band Saw;1;13;12;1;4066;24734;28800;657;859;828;923;1;769;9231
09/05/2024;2024;5;May;Q2;19;Band Saw;1;17;15;2;4493;24307;28800;659;844;885;882;1;1176;8824
10/05/2024;2024;5;May;Q2;19;Band Saw;1;17;15;2;4305;24495;28800;619;851;824;882;1;1176;8824
11/05/2024;2024;5;May;Q2;19;Band Saw;1;7;6;1;3192;25608;28800;629;889;826;857;1;1429;8571
12/05/2024;2024;5;May;Q2;19;Band Saw;1;17;17;0;5528;23272;28800;583;808;722;1000;1;0;1000
13/05/2024;2024;5;May;Q2;20;Band Saw;1;14;14;0;4314;24486;28800;724;850;852;1000;1;0;1000
14/05/2024;2024;5;May;Q2;20;Band Saw;1;12;11;1;3813;24987;28800;631;868;794;917;1;833;9167
15/05/2024;2024;5;May;Q2;20;Band Saw;1;12;11;1;5436;23364;28800;609;811;820;917;1;833;9167
16/05/2024;2024;5;May;Q2;20;Band Saw;1;14;14;0;3396;25404;28800;709;882;804;1000;1;0;1000
17/05/2024;2024;5;May;Q2;20;Band Saw;1;16;14;2;2999;25801;28800;647;896;826;875;1;125;875
18/05/2024;2024;5;May;Q2;20;Band Saw;1;11;9;2;5581;23219;28800;563;806;853;818;1;1818;8182
19/05/2024;2024;5;May;Q2;20;Band Saw;1;15;14;1;6131;22669;28800;616;787;838;933;1;667;9333
20/05/2024;2024;5;May;Q2;21;Band Saw;1;16;16;0;4037;24763;28800;741;860;862;1000;1;0;1000
21/05/2024;2024;5;May;Q2;21;Band Saw;1;20;17;3;4408;24392;28800;634;847;880;850;1;150;850
22/05/2024;2024;5;May;Q2;21;Band Saw;1;12;11;1;3428;25372;28800;667;881;826;917;1;833;9167
23/05/2024;2024;5;May;Q2;21;Band Saw;1;14;12;2;4453;24347;28800;596;845;822;857;1;1429;8571
24/05/2024;2024;5;May;Q2;21;Band Saw;1;15;13;2;4025;24775;28800;649;860;870;867;1;1333;8667
25/05/2024;2024;5;May;Q2;21;Band Saw;1;18;15;3;4358;24442;28800;617;849;873;833;1;1667;8333
26/05/2024;2024;5;May;Q2;21;Band Saw;1;14;13;1;4813;23987;28800;667;833;863;929;1;714;9286
27/05/2024;2024;5;May;Q2;22;Band Saw;1;18;18;0;3471;25329;28800;709;879;806;1000;1;0;1000
28/05/2024;2024;5;May;Q2;22;Band Saw;1;10;9;1;4127;24673;28800;657;857;852;900;1;100;900
29/05/2024;2024;5;May;Q2;22;Band Saw;1;11;10;1;2844;25956;28800;690;901;842;909;1;909;9091
30/05/2024;2024;5;May;Q2;22;Band Saw;1;16;14;2;4133;24667;28800;654;856;873;875;1;125;875
31/05/2024;2024;5;May;Q2;22;Band Saw;1;11;11;0;4365;24435;28800;695;848;819;1000;1;0;1000
01/06/2024;2024;6;Jun;Q2;22;Band Saw;1;12;12;0;4652;24148;28800;656;838;782;1000;1;0;1000
02/06/2024;2024;6;Jun;Q2;22;Band Saw;1;13;11;2;4662;24138;28800;611;838;861;846;1;1538;8462
03/06/2024;2024;6;Jun;Q2;23;Band Saw;1;17;15;2;5253;23547;28800;543;818;752;882;1;1176;8824
04/06/2024;2024;6;Jun;Q2;23;Band Saw;1;10;8;2;3079;25721;28800;581;893;813;800;1;200;800
05/06/2024;2024;6;Jun;Q2;23;Band Saw;1;15;13;2;3126;25674;28800;621;891;804;867;1;1333;8667
06/06/2024;2024;6;Jun;Q2;23;Band Saw;1;17;15;2;4919;23881;28800;588;829;803;882;1;1176;8824
07/06/2024;2024;6;Jun;Q2;23;Band Saw;1;14;12;2;2634;26166;28800;633;909;813;857;1;1429;8571
08/06/2024;2024;6;Jun;Q2;23;Band Saw;1;14;11;3;4612;24188;28800;580;840;879;786;1;2143;7857
09/06/2024;2024;6;Jun;Q2;23;Band Saw;1;16;14;2;3398;25402;28800;668;882;866;875;1;125;875
10/06/2024;2024;6;Jun;Q2;24;Band Saw;1;14;12;2;5848;22952;28800;567;797;830;857;1;1429;8571
11/06/2024;2024;6;Jun;Q2;24;Band Saw;1;18;18;0;4671;24129;28800;734;838;876;1000;1;0;1000
12/06/2024;2024;6;Jun;Q2;24;Band Saw;1;12;11;1;4253;24547;28800;627;852;802;917;1;833;9167
13/06/2024;2024;6;Jun;Q2;24;Band Saw;1;15;13;2;5541;23259;28800;558;808;798;867;1;1333;8667
14/06/2024;2024;6;Jun;Q2;24;Band Saw;1;15;14;1;3502;25298;28800;711;878;867;933;1;667;9333
15/06/2024;2024;6;Jun;Q2;24;Band Saw;1;14;14;0;3671;25129;28800;748;873;857;1000;1;0;1000
16/06/2024;2024;6;Jun;Q2;24;Band Saw;1;7;7;0;3326;25474;28800;728;885;823;1000;1;0;1000
17/06/2024;2024;6;Jun;Q2;25;Band Saw;1;14;14;0;3679;25121;28800;698;872;800;1000;1;0;1000
18/06/2024;2024;6;Jun;Q2;25;Band Saw;1;17;16;1;4503;24297;28800;704;844;887;941;1;588;9412
19/06/2024;2024;6;Jun;Q2;25;Band Saw;1;17;16;1;4888;23912;28800;610;830;780;941;1;588;9412
20/06/2024;2024;6;Jun;Q2;25;Band Saw;1;16;13;3;5304;23496;28800;542;816;818;812;1;1875;8125
21/06/2024;2024;6;Jun;Q2;25;Band Saw;1;12;11;1;2825;25975;28800;699;902;846;917;1;833;9167
22/06/2024;2024;6;Jun;Q2;25;Band Saw;1;16;16;0;4296;24504;28800;764;851;898;1000;1;0;1000
23/06/2024;2024;6;Jun;Q2;25;Band Saw;1;13;13;0;3463;25337;28800;749;880;851;1000;1;0;1000
24/06/2024;2024;6;Jun;Q2;26;Band Saw;1;16;14;2;4266;24534;28800;637;852;854;875;1;125;875
25/06/2024;2024;6;Jun;Q2;26;Band Saw;1;15;14;1;6525;22275;28800;591;773;819;933;1;667;9333
26/06/2024;2024;6;Jun;Q2;26;Band Saw;1;12;10;2;4708;24092;28800;597;837;857;833;1;1667;8333
27/06/2024;2024;6;Jun;Q2;26;Band Saw;1;12;11;1;5249;23551;28800;631;818;842;917;1;833;9167
28/06/2024;2024;6;Jun;Q2;26;Band Saw;1;16;14;2;6193;22607;28800;539;785;785;875;1;125;875
29/06/2024;2024;6;Jun;Q2;26;Band Saw;1;14;13;1;5451;23349;28800;651;811;865;929;1;714;9286
30/06/2024;2024;6;Jun;Q2;26;Band Saw;1;12;11;1;4050;24750;28800;686;859;871;917;1;833;9167
01/07/2024;2024;7;Jul;Q3;27;Band Saw;1;12;12;0;3313;25487;28800;765;885;865;1000;1;0;1000
02/07/2024;2024;7;Jul;Q3;27;Band Saw;1;14;11;3;4422;24378;28800;558;846;839;786;1;2143;7857
03/07/2024;2024;7;Jul;Q3;27;Band Saw;1;19;17;2;3943;24857;28800;622;863;806;895;1;1053;8947
04/07/2024;2024;7;Jul;Q3;27;Band Saw;1;13;12;1;3092;25708;28800;627;893;761;923;1;769;9231
05/07/2024;2024;7;Jul;Q3;27;Band Saw;1;15;14;1;4663;24137;28800;660;838;843;933;1;667;9333
06/07/2024;2024;7;Jul;Q3;27;Band Saw;1;15;15;0;4685;24115;28800;732;837;874;1000;1;0;1000
07/07/2024;2024;7;Jul;Q3;27;Band Saw;1;12;11;1;6022;22778;28800;632;791;871;917;1;833;9167
08/07/2024;2024;7;Jul;Q3;28;Band Saw;1;10;10;0;4127;24673;28800;741;857;865;1000;1;0;1000
09/07/2024;2024;7;Jul;Q3;28;Band Saw;1;12;11;1;4698;24102;28800;641;837;836;917;1;833;9167
10/07/2024;2024;7;Jul;Q3;28;Band Saw;1;15;14;1;3856;24944;28800;707;866;874;933;1;667;9333
11/07/2024;2024;7;Jul;Q3;28;Band Saw;1;15;13;2;5225;23575;28800;616;819;869;867;1;1333;8667
12/07/2024;2024;7;Jul;Q3;28;Band Saw;1;17;14;3;4338;24462;28800;576;849;824;824;1;1765;8235
13/07/2024;2024;7;Jul;Q3;28;Band Saw;1;15;13;2;3405;25395;28800;658;882;861;867;1;1333;8667
14/07/2024;2024;7;Jul;Q3;28;Band Saw;1;14;12;2;4436;24364;28800;595;846;820;857;1;1429;8571
15/07/2024;2024;7;Jul;Q3;29;Band Saw;1;13;13;0;4796;24004;28800;714;833;856;1000;1;0;1000
16/07/2024;2024;7;Jul;Q3;29;Band Saw;1;17;17;0;4676;24124;28800;665;838;794;1000;1;0;1000
17/07/2024;2024;7;Jul;Q3;29;Band Saw;1;12;11;1;5379;23421;28800;594;813;797;917;1;833;9167
18/07/2024;2024;7;Jul;Q3;29;Band Saw;1;12;11;1;3160;25640;28800;713;890;873;917;1;833;9167
19/07/2024;2024;7;Jul;Q3;29;Band Saw;1;16;15;1;3699;25101;28800;710;872;869;938;1;625;9375
20/07/2024;2024;7;Jul;Q3;29;Band Saw;1;11;11;0;5018;23782;28800;710;826;859;1000;1;0;1000
21/07/2024;2024;7;Jul;Q3;29;Band Saw;1;21;20;1;3803;24997;28800;695;868;841;952;1;476;9524
22/07/2024;2024;7;Jul;Q3;30;Band Saw;1;15;15;0;4662;24138;28800;635;838;758;1000;1;0;1000
23/07/2024;2024;7;Jul;Q3;30;Band Saw;1;16;13;3;2296;26504;28800;625;920;835;812;1;1875;8125
24/07/2024;2024;7;Jul;Q3;30;Band Saw;1;13;13;0;6865;21935;28800;650;762;853;1000;1;0;1000
25/07/2024;2024;7;Jul;Q3;30;Band Saw;1;14;13;1;4208;24592;28800;650;854;820;929;1;714;9286
26/07/2024;2024;7;Jul;Q3;30;Band Saw;1;14;14;0;5511;23289;28800;658;809;814;1000;1;0;1000
27/07/2024;2024;7;Jul;Q3;30;Band Saw;1;13;11;2;4149;24651;28800;642;856;886;846;1;1538;8462
28/07/2024;2024;7;Jul;Q3;30;Band Saw;1;16;15;1;4817;23983;28800;653;833;836;938;1;625;9375
29/07/2024;2024;7;Jul;Q3;31;Band Saw;1;14;11;3;5776;23024;28800;536;799;853;786;1;2143;7857
30/07/2024;2024;7;Jul;Q3;31;Band Saw;1;17;14;3;5486;23314;28800;576;810;864;824;1;1765;8235
31/07/2024;2024;7;Jul;Q3;31;Band Saw;1;22;21;1;4267;24533;28800;654;852;804;955;1;455;9545
01/08/2024;2024;8;Aug;Q3;31;Band Saw;1;14;11;3;4328;24472;28800;564;850;844;786;1;2143;7857
02/08/2024;2024;8;Aug;Q3;31;Band Saw;1;15;10;5;5341;23459;28800;479;815;882;667;1;3333;6667
03/08/2024;2024;8;Aug;Q3;31;Band Saw;1;16;14;2;6524;22276;28800;608;773;899;875;1;125;875
04/08/2024;2024;8;Aug;Q3;31;Band Saw;1;19;16;3;4620;24180;28800;593;840;839;842;1;1579;8421
05/08/2024;2024;8;Aug;Q3;32;Band Saw;1;14;14;0;6190;22610;28800;652;785;830;1000;1;0;1000
06/08/2024;2024;8;Aug;Q3;32;Band Saw;1;13;12;1;4234;24566;28800;667;853;847;923;1;769;9231
07/08/2024;2024;8;Aug;Q3;32;Band Saw;1;11;11;0;5295;23505;28800;691;816;846;1000;1;0;1000
08/08/2024;2024;8;Aug;Q3;32;Band Saw;1;15;15;0;5428;23372;28800;718;812;884;1000;1;0;1000
09/08/2024;2024;8;Aug;Q3;32;Band Saw;1;14;9;5;4084;24716;28800;444;858;805;643;1;3571;6429
10/08/2024;2024;8;Aug;Q3;32;Band Saw;1;20;19;1;3784;25016;28800;684;869;829;950;1;50;950
11/08/2024;2024;8;Aug;Q3;32;Band Saw;1;19;17;2;5467;23333;28800;580;810;801;895;1;1053;8947
12/08/2024;2024;8;Aug;Q3;33;Band Saw;1;12;10;2;3976;24824;28800;578;862;804;833;1;1667;8333
13/08/2024;2024;8;Aug;Q3;33;Band Saw;1;13;11;2;3653;25147;28800;628;873;851;846;1;1538;8462
14/08/2024;2024;8;Aug;Q3;33;Band Saw;1;15;10;5;3840;24960;28800;500;867;865;667;1;3333;6667
15/08/2024;2024;8;Aug;Q3;33;Band Saw;1;18;17;1;3972;24828;28800;665;862;816;944;1;556;9444
16/08/2024;2024;8;Aug;Q3;33;Band Saw;1;15;15;0;5211;23589;28800;708;819;864;1000;1;0;1000
17/08/2024;2024;8;Aug;Q3;33;Band Saw;1;13;12;1;4907;23893;28800;670;830;875;923;1;769;9231
18/08/2024;2024;8;Aug;Q3;33;Band Saw;1;15;15;0;5085;23715;28800;743;823;903;1000;1;0;1000
19/08/2024;2024;8;Aug;Q3;34;Band Saw;1;13;13;0;4823;23977;28800;700;833;840;1000;1;0;1000
20/08/2024;2024;8;Aug;Q3;34;Band Saw;1;16;15;1;3920;24880;28800;661;864;817;938;1;625;9375
21/08/2024;2024;8;Aug;Q3;34;Band Saw;1;13;11;2;5069;23731;28800;561;824;804;846;1;1538;8462
22/08/2024;2024;8;Aug;Q3;34;Band Saw;1;13;12;1;5500;23300;28800;598;809;801;923;1;769;9231
23/08/2024;2024;8;Aug;Q3;34;Band Saw;1;18;17;1;4968;23832;28800;688;828;880;944;1;556;9444
24/08/2024;2024;8;Aug;Q3;34;Band Saw;1;13;12;1;4849;23951;28800;604;832;787;923;1;769;9231
25/08/2024;2024;8;Aug;Q3;34;Band Saw;1;11;11;0;3766;25034;28800;764;869;879;1000;1;0;1000
26/08/2024;2024;8;Aug;Q3;35;Band Saw;1;15;15;0;4637;24163;28800;679;839;809;1000;1;0;1000
27/08/2024;2024;8;Aug;Q3;35;Band Saw;1;14;12;2;3719;25081;28800;608;871;815;857;1;1429;8571
28/08/2024;2024;8;Aug;Q3;35;Band Saw;1;16;14;2;4427;24373;28800;617;846;833;875;1;125;875
29/08/2024;2024;8;Aug;Q3;35;Band Saw;1;16;14;2;2989;25811;28800;639;896;814;875;1;125;875
30/08/2024;2024;8;Aug;Q3;35;Band Saw;1;15;15;0;2996;25804;28800;779;896;869;1000;1;0;1000
31/08/2024;2024;8;Aug;Q3;35;Band Saw;1;15;13;2;4278;24522;28800;663;851;899;867;1;1333;8667
01/09/2024;2024;9;Sep;Q3;35;Band Saw;1;13;12;1;3961;24839;28800;650;862;816;923;1;769;9231
02/09/2024;2024;9;Sep;Q3;36;Band Saw;1;15;14;1;4543;24257;28800;647;842;824;933;1;667;9333
03/09/2024;2024;9;Sep;Q3;36;Band Saw;1;17;15;2;4329;24471;28800;624;850;833;882;1;1176;8824
04/09/2024;2024;9;Sep;Q3;36;Band Saw;1;12;10;2;4475;24325;28800;603;845;856;833;1;1667;8333
05/09/2024;2024;9;Sep;Q3;36;Band Saw;1;15;14;1;4990;23810;28800;643;827;833;933;1;667;9333
06/09/2024;2024;9;Sep;Q3;36;Band Saw;1;17;15;2;4036;24764;28800;671;860;885;882;1;1176;8824
07/09/2024;2024;9;Sep;Q3;36;Band Saw;1;16;11;5;4253;24547;28800;514;852;876;688;1;3125;6875
08/09/2024;2024;9;Sep;Q3;36;Band Saw;1;18;16;2;5743;23057;28800;568;801;798;889;1;1111;8889
09/09/2024;2024;9;Sep;Q3;37;Band Saw;1;13;12;1;4451;24349;28800;668;845;855;923;1;769;9231
10/09/2024;2024;9;Sep;Q3;37;Band Saw;1;10;9;1;4289;24511;28800;681;851;889;900;1;100;900
11/09/2024;2024;9;Sep;Q3;37;Band Saw;1;15;14;1;4522;24278;28800;646;843;821;933;1;667;9333
12/09/2024;2024;9;Sep;Q3;37;Band Saw;1;16;15;1;4305;24495;28800;660;851;828;938;1;625;9375
13/09/2024;2024;9;Sep;Q3;37;Band Saw;1;18;16;2;3817;24983;28800;633;867;820;889;1;1111;8889
14/09/2024;2024;9;Sep;Q3;37;Band Saw;1;18;14;4;3561;25239;28800;560;876;821;778;1;2222;7778
15/09/2024;2024;9;Sep;Q3;37;Band Saw;1;16;13;3;3769;25031;28800;552;869;782;812;1;1875;8125
16/09/2024;2024;9;Sep;Q3;38;Band Saw;1;17;16;1;5225;23575;28800;611;819;793;941;1;588;9412
17/09/2024;2024;9;Sep;Q3;38;Band Saw;1;14;13;1;3888;24912;28800;675;865;841;929;1;714;9286
18/09/2024;2024;9;Sep;Q3;38;Band Saw;1;11;11;0;4311;24489;28800;756;850;889;1000;1;0;1000
19/09/2024;2024;9;Sep;Q3;38;Band Saw;1;15;10;5;5072;23728;28800;449;824;817;667;1;3333;6667
20/09/2024;2024;9;Sep;Q3;38;Band Saw;1;17;13;4;4201;24599;28800;533;854;816;765;1;2353;7647
21/09/2024;2024;9;Sep;Q3;38;Band Saw;1;16;14;2;5012;23788;28800;647;826;895;875;1;125;875
22/09/2024;2024;9;Sep;Q3;38;Band Saw;1;17;14;3;3078;25722;28800;589;893;801;824;1;1765;8235
23/09/2024;2024;9;Sep;Q3;39;Band Saw;1;14;12;2;4331;24469;28800;570;850;782;857;1;1429;8571
24/09/2024;2024;9;Sep;Q3;39;Band Saw;1;14;13;1;4519;24281;28800;634;843;810;929;1;714;9286
25/09/2024;2024;9;Sep;Q3;39;Band Saw;1;16;16;0;4469;24331;28800;689;845;816;1000;1;0;1000
26/09/2024;2024;9;Sep;Q3;39;Band Saw;1;13;12;1;2978;25822;28800;645;897;779;923;1;769;9231
27/09/2024;2024;9;Sep;Q3;39;Band Saw;1;13;11;2;5519;23281;28800;570;808;834;846;1;1538;8462
28/09/2024;2024;9;Sep;Q3;39;Band Saw;1;15;13;2;3688;25112;28800;657;872;870;867;1;1333;8667
29/09/2024;2024;9;Sep;Q3;39;Band Saw;1;17;16;1;4747;24053;28800;625;835;795;941;1;588;9412
30/09/2024;2024;9;Sep;Q3;40;Band Saw;1;14;11;3;4456;24344;28800;559;845;841;786;1;2143;7857
01/10/2024;2024;10;Oct;Q4;40;Band Saw;1;12;12;0;5341;23459;28800;693;815;851;1000;1;0;1000
02/10/2024;2024;10;Oct;Q4;40;Band Saw;1;13;12;1;6395;22405;28800;600;778;835;923;1;769;9231
03/10/2024;2024;10;Oct;Q4;40;Band Saw;1;15;13;2;3300;25500;28800;648;885;844;867;1;1333;8667
04/10/2024;2024;10;Oct;Q4;40;Band Saw;1;15;13;2;3871;24929;28800;634;866;845;867;1;1333;8667
05/10/2024;2024;10;Oct;Q4;40;Band Saw;1;15;13;2;4617;24183;28800;590;840;811;867;1;1333;8667
06/10/2024;2024;10;Oct;Q4;40;Band Saw;1;16;15;1;3465;25335;28800;733;880;888;938;1;625;9375
07/10/2024;2024;10;Oct;Q4;41;Band Saw;1;15;15;0;5144;23656;28800;723;821;880;1000;1;0;1000
08/10/2024;2024;10;Oct;Q4;41;Band Saw;1;15;13;2;5199;23601;28800;623;819;878;867;1;1333;8667
09/10/2024;2024;10;Oct;Q4;41;Band Saw;1;15;13;2;4946;23854;28800;626;828;872;867;1;1333;8667
10/10/2024;2024;10;Oct;Q4;41;Band Saw;1;18;18;0;4659;24141;28800;658;838;785;1000;1;0;1000
11/10/2024;2024;10;Oct;Q4;41;Band Saw;1;18;16;2;5667;23133;28800;620;803;869;889;1;1111;8889
12/10/2024;2024;10;Oct;Q4;41;Band Saw;1;12;11;1;3420;25380;28800;695;881;860;917;1;833;9167
13/10/2024;2024;10;Oct;Q4;41;Band Saw;1;14;12;2;4507;24293;28800;569;844;786;857;1;1429;8571
14/10/2024;2024;10;Oct;Q4;42;Band Saw;1;15;13;2;3791;25009;28800;625;868;831;867;1;1333;8667
15/10/2024;2024;10;Oct;Q4;42;Band Saw;1;14;14;0;5240;23560;28800;693;818;847;1000;1;0;1000
16/10/2024;2024;10;Oct;Q4;42;Band Saw;1;19;19;0;2817;25983;28800;806;902;894;1000;1;0;1000
17/10/2024;2024;10;Oct;Q4;42;Band Saw;1;15;13;2;4423;24377;28800;633;846;862;867;1;1333;8667
18/10/2024;2024;10;Oct;Q4;42;Band Saw;1;13;12;1;4747;24053;28800;624;835;809;923;1;769;9231
19/10/2024;2024;10;Oct;Q4;42;Band Saw;1;16;14;2;3605;25195;28800;685;875;895;875;1;125;875
20/10/2024;2024;10;Oct;Q4;42;Band Saw;1;15;13;2;3891;24909;28800;629;865;839;867;1;1333;8667
21/10/2024;2024;10;Oct;Q4;43;Band Saw;1;16;14;2;4462;24338;28800;613;845;829;875;1;125;875
22/10/2024;2024;10;Oct;Q4;43;Band Saw;1;19;15;4;5298;23502;28800;533;816;827;789;1;2105;7895
23/10/2024;2024;10;Oct;Q4;43;Band Saw;1;16;15;1;3530;25270;28800;645;877;784;938;1;625;9375
24/10/2024;2024;10;Oct;Q4;43;Band Saw;1;14;13;1;3685;25115;28800;676;872;834;929;1;714;9286
25/10/2024;2024;10;Oct;Q4;43;Band Saw;1;10;9;1;5450;23350;28800;624;811;855;900;1;100;900
26/10/2024;2024;10;Oct;Q4;43;Band Saw;1;14;14;0;4206;24594;28800;705;854;825;1000;1;0;1000
27/10/2024;2024;10;Oct;Q4;43;Band Saw;1;18;16;2;3757;25043;28800;659;870;852;889;1;1111;8889
28/10/2024;2024;10;Oct;Q4;44;Band Saw;1;14;13;1;5097;23703;28800;618;823;809;929;1;714;9286
29/10/2024;2024;10;Oct;Q4;44;Band Saw;1;9;7;2;4014;24786;28800;558;861;833;778;1;2222;7778
30/10/2024;2024;10;Oct;Q4;44;Band Saw;1;13;12;1;5363;23437;28800;637;814;849;923;1;769;9231
31/10/2024;2024;10;Oct;Q4;44;Band Saw;1;17;15;2;3858;24942;28800;645;866;844;882;1;1176;8824
01/11/2024;2024;11;Nov;Q4;44;Band Saw;1;16;15;1;4306;24494;28800;625;850;784;938;1;625;9375
02/11/2024;2024;11;Nov;Q4;44;Band Saw;1;12;12;0;5289;23511;28800;672;816;823;1000;1;0;1000
03/11/2024;2024;11;Nov;Q4;44;Band Saw;1;13;13;0;4247;24553;28800;762;853;894;1000;1;0;1000
04/11/2024;2024;11;Nov;Q4;45;Band Saw;1;14;13;1;5121;23679;28800;627;822;821;929;1;714;9286
05/11/2024;2024;11;Nov;Q4;45;Band Saw;1;13;13;0;4390;24410;28800;711;848;839;1000;1;0;1000
06/11/2024;2024;11;Nov;Q4;45;Band Saw;1;9;8;1;6212;22588;28800;582;784;835;889;1;1111;8889
07/11/2024;2024;11;Nov;Q4;45;Band Saw;1;17;14;3;5844;22956;28800;585;797;891;824;1;1765;8235
08/11/2024;2024;11;Nov;Q4;45;Band Saw;1;18;15;3;3267;25533;28800;651;887;881;833;1;1667;8333
09/11/2024;2024;11;Nov;Q4;45;Band Saw;1;11;10;1;4913;23887;28800;652;829;865;909;1;909;9091
10/11/2024;2024;11;Nov;Q4;45;Band Saw;1;18;17;1;3722;25078;28800;662;871;805;944;1;556;9444
11/11/2024;2024;11;Nov;Q4;46;Band Saw;1;14;12;2;4619;24181;28800;612;840;850;857;1;1429;8571
12/11/2024;2024;11;Nov;Q4;46;Band Saw;1;18;15;3;4509;24291;28800;602;843;857;833;1;1667;8333
13/11/2024;2024;11;Nov;Q4;46;Band Saw;1;15;15;0;3509;25291;28800;715;878;815;1000;1;0;1000
14/11/2024;2024;11;Nov;Q4;46;Band Saw;1;15;13;2;5390;23410;28800;570;813;809;867;1;1333;8667
15/11/2024;2024;11;Nov;Q4;46;Band Saw;1;16;15;1;4629;24171;28800;704;839;895;938;1;625;9375
16/11/2024;2024;11;Nov;Q4;46;Band Saw;1;13;11;2;4195;24605;28800;599;854;828;846;1;1538;8462
17/11/2024;2024;11;Nov;Q4;46;Band Saw;1;18;12;6;4059;24741;28800;511;859;892;667;1;3333;6667
18/11/2024;2024;11;Nov;Q4;47;Band Saw;1;12;12;0;4573;24227;28800;733;841;871;1000;1;0;1000
19/11/2024;2024;11;Nov;Q4;47;Band Saw;1;14;11;3;4811;23989;28800;557;833;852;786;1;2143;7857
20/11/2024;2024;11;Nov;Q4;47;Band Saw;1;16;14;2;4337;24463;28800;634;849;853;875;1;125;875
21/11/2024;2024;11;Nov;Q4;47;Band Saw;1;13;10;3;1928;26872;28800;568;933;791;769;1;2308;7692
22/11/2024;2024;11;Nov;Q4;47;Band Saw;1;17;16;1;4463;24337;28800;672;845;845;941;1;588;9412
23/11/2024;2024;11;Nov;Q4;47;Band Saw;1;18;15;3;3166;25634;28800;657;890;885;833;1;1667;8333
24/11/2024;2024;11;Nov;Q4;47;Band Saw;1;17;17;0;4262;24538;28800;733;852;861;1000;1;0;1000
25/11/2024;2024;11;Nov;Q4;48;Band Saw;1;10;10;0;3199;25601;28800;750;889;843;1000;1;0;1000
26/11/2024;2024;11;Nov;Q4;48;Band Saw;1;15;15;0;3188;25612;28800;796;889;895;1000;1;0;1000
27/11/2024;2024;11;Nov;Q4;48;Band Saw;1;17;13;4;5547;23253;28800;514;807;832;765;1;2353;7647
28/11/2024;2024;11;Nov;Q4;48;Band Saw;1;11;9;2;4164;24636;28800;572;855;817;818;1;1818;8182
29/11/2024;2024;11;Nov;Q4;48;Band Saw;1;17;14;3;4096;24704;28800;596;858;843;824;1;1765;8235
30/11/2024;2024;11;Nov;Q4;48;Band Saw;1;16;13;3;4878;23922;28800;583;831;864;812;1;1875;8125
01/12/2024;2024;12;Dec;Q4;48;Band Saw;1;11;11;0;4119;24681;28800;669;857;780;1000;1;0;1000
02/12/2024;2024;12;Dec;Q4;49;Band Saw;1;17;16;1;6320;22480;28800;623;781;848;941;1;588;9412
03/12/2024;2024;12;Dec;Q4;49;Band Saw;1;15;15;0;4206;24594;28800;739;854;865;1000;1;0;1000
04/12/2024;2024;12;Dec;Q4;49;Band Saw;1;16;16;0;4773;24027;28800;692;834;829;1000;1;0;1000
05/12/2024;2024;12;Dec;Q4;49;Band Saw;1;12;12;0;5312;23488;28800;714;816;875;1000;1;0;1000
06/12/2024;2024;12;Dec;Q4;49;Band Saw;1;15;14;1;5874;22926;28800;639;796;859;933;1;667;9333
07/12/2024;2024;12;Dec;Q4;49;Band Saw;1;10;10;0;3788;25012;28800;790;868;910;1000;1;0;1000
08/12/2024;2024;12;Dec;Q4;49;Band Saw;1;9;9;0;4077;24723;28800;698;858;813;1000;1;0;1000
09/12/2024;2024;12;Dec;Q4;50;Band Saw;1;15;15;0;5582;23218;28800;698;806;866;1000;1;0;1000
10/12/2024;2024;12;Dec;Q4;50;Band Saw;1;18;18;0;5169;23631;28800;660;821;804;1000;1;0;1000
11/12/2024;2024;12;Dec;Q4;50;Band Saw;1;15;11;4;5405;23395;28800;467;812;784;733;1;2667;7333
12/12/2024;2024;12;Dec;Q4;50;Band Saw;1;15;13;2;3231;25569;28800;592;888;770;867;1;1333;8667
13/12/2024;2024;12;Dec;Q4;50;Band Saw;1;14;10;4;5826;22974;28800;488;798;856;714;1;2857;7143
14/12/2024;2024;12;Dec;Q4;50;Band Saw;1;12;11;1;3771;25029;28800;673;869;844;917;1;833;9167
15/12/2024;2024;12;Dec;Q4;50;Band Saw;1;14;13;1;4620;24180;28800;641;840;822;929;1;714;9286
16/12/2024;2024;12;Dec;Q4;51;Band Saw;1;16;14;2;4317;24483;28800;579;850;779;875;1;125;875
17/12/2024;2024;12;Dec;Q4;51;Band Saw;1;14;13;1;3667;25133;28800;660;873;815;929;1;714;9286
18/12/2024;2024;12;Dec;Q4;51;Band Saw;1;17;16;1;3192;25608;28800;701;889;838;941;1;588;9412
19/12/2024;2024;12;Dec;Q4;51;Band Saw;1;15;15;0;2897;25903;28800;778;899;865;1000;1;0;1000
20/12/2024;2024;12;Dec;Q4;51;Band Saw;1;16;16;0;4554;24246;28800;705;842;837;1000;1;0;1000
21/12/2024;2024;12;Dec;Q4;51;Band Saw;1;17;16;1;3091;25709;28800;711;893;846;941;1;588;9412
22/12/2024;2024;12;Dec;Q4;51;Band Saw;1;13;12;1;3440;25360;28800;671;881;825;923;1;769;9231
23/12/2024;2024;12;Dec;Q4;52;Band Saw;1;16;14;2;4254;24546;28800;669;852;897;875;1;125;875
24/12/2024;2024;12;Dec;Q4;52;Band Saw;1;14;14;0;2101;26699;28800;745;927;804;1000;1;0;1000
25/12/2024;2024;12;Dec;Q4;52;Band Saw;1;16;16;0;5142;23658;28800;669;821;815;1000;1;0;1000
26/12/2024;2024;12;Dec;Q4;52;Band Saw;1;13;11;2;2304;26496;28800;640;920;821;846;1;1538;8462
27/12/2024;2024;12;Dec;Q4;52;Band Saw;1;12;12;0;4380;24420;28800;726;848;856;1000;1;0;1000
28/12/2024;2024;12;Dec;Q4;52;Band Saw;1;15;14;1;4462;24338;28800;633;845;803;933;1;667;9333
29/12/2024;2024;12;Dec;Q4;52;Band Saw;1;10;8;2;4927;23873;28800;559;829;843;800;1;200;800
30/12/2024;2024;12;Dec;Q4;1;Band Saw;1;14;14;0;4411;24389;28800;714;847;844;1000;1;0;1000
31/12/2024;2024;12;Dec;Q4;1;Band Saw;1;10;10;0;6244;22556;28800;638;783;815;1000;1;0;1000
01/01/2023;2023;1;Jan;Q1;52;CNC Lathe;2;16;15;1;4587;24213;28800;714;841;906;938;1;625;9375
02/01/2023;2023;1;Jan;Q1;1;CNC Lathe;2;10;8;2;2126;26674;28800;647;926;873;800;1;200;800
03/01/2023;2023;1;Jan;Q1;1;CNC Lathe;2;15;12;3;4246;24554;28800;592;853;868;800;1;200;800
04/01/2023;2023;1;Jan;Q1;1;CNC Lathe;2;19;17;2;3083;25717;28800;705;893;882;895;1;1053;8947
05/01/2023;2023;1;Jan;Q1;1;CNC Lathe;2;16;15;1;4534;24266;28800;663;843;839;938;1;625;9375
06/01/2023;2023;1;Jan;Q1;1;CNC Lathe;2;16;12;4;4620;24180;28800;525;840;833;750;1;250;750
07/01/2023;2023;1;Jan;Q1;1;CNC Lathe;2;12;11;1;3903;24897;28800;680;864;858;917;1;833;9167
08/01/2023;2023;1;Jan;Q1;1;CNC Lathe;2;12;11;1;3905;24895;28800;725;864;916;917;1;833;9167
09/01/2023;2023;1;Jan;Q1;2;CNC Lathe;2;15;14;1;3390;25410;28800;681;882;827;933;1;667;9333
10/01/2023;2023;1;Jan;Q1;2;CNC Lathe;2;11;8;3;2954;25846;28800;507;897;777;727;1;2727;7273
11/01/2023;2023;1;Jan;Q1;2;CNC Lathe;2;17;15;2;5415;23385;28800;609;812;850;882;1;1176;8824
12/01/2023;2023;1;Jan;Q1;2;CNC Lathe;2;13;11;2;3343;25457;28800;679;884;908;846;1;1538;8462
13/01/2023;2023;1;Jan;Q1;2;CNC Lathe;2;15;12;3;5310;23490;28800;527;816;808;800;1;200;800
14/01/2023;2023;1;Jan;Q1;2;CNC Lathe;2;10;9;1;3347;25453;28800;658;884;827;900;1;100;900
15/01/2023;2023;1;Jan;Q1;2;CNC Lathe;2;14;13;1;4467;24333;28800;688;845;877;929;1;714;9286
16/01/2023;2023;1;Jan;Q1;3;CNC Lathe;2;12;10;2;3122;25678;28800;711;892;957;833;1;1667;8333
17/01/2023;2023;1;Jan;Q1;3;CNC Lathe;2;9;9;0;4465;24335;28800;694;845;821;1000;1;0;1000
18/01/2023;2023;1;Jan;Q1;3;CNC Lathe;2;17;14;3;3779;25021;28800;586;869;819;824;1;1765;8235
19/01/2023;2023;1;Jan;Q1;3;CNC Lathe;2;20;16;4;3790;25010;28800;611;868;880;800;1;200;800
20/01/2023;2023;1;Jan;Q1;3;CNC Lathe;2;18;16;2;4535;24265;28800;681;843;910;889;1;1111;8889
21/01/2023;2023;1;Jan;Q1;3;CNC Lathe;2;17;15;2;3663;25137;28800;652;873;846;882;1;1176;8824
22/01/2023;2023;1;Jan;Q1;3;CNC Lathe;2;14;12;2;2888;25912;28800;626;900;812;857;1;1429;8571
23/01/2023;2023;1;Jan;Q1;4;CNC Lathe;2;17;14;3;4658;24142;28800;610;838;883;824;1;1765;8235
24/01/2023;2023;1;Jan;Q1;4;CNC Lathe;2;18;17;1;3116;25684;28800;749;892;889;944;1;556;9444
25/01/2023;2023;1;Jan;Q1;4;CNC Lathe;2;15;15;0;4460;24340;28800;786;845;930;1000;1;0;1000
26/01/2023;2023;1;Jan;Q1;4;CNC Lathe;2;12;11;1;4829;23971;28800;680;832;891;917;1;833;9167
27/01/2023;2023;1;Jan;Q1;4;CNC Lathe;2;14;12;2;3739;25061;28800;669;870;897;857;1;1429;8571
28/01/2023;2023;1;Jan;Q1;4;CNC Lathe;2;20;18;2;4998;23802;28800;639;826;859;900;1;100;900
29/01/2023;2023;1;Jan;Q1;4;CNC Lathe;2;15;13;2;4432;24368;28800;699;846;953;867;1;1333;8667
30/01/2023;2023;1;Jan;Q1;5;CNC Lathe;2;6;6;0;3480;25320;28800;751;879;854;1000;1;0;1000
31/01/2023;2023;1;Jan;Q1;5;CNC Lathe;2;11;10;1;5175;23625;28800;631;820;847;909;1;909;9091
01/02/2023;2023;2;Feb;Q1;5;CNC Lathe;2;14;14;0;3119;25681;28800;830;892;931;1000;1;0;1000
02/02/2023;2023;2;Feb;Q1;5;CNC Lathe;2;18;15;3;3738;25062;28800;592;870;817;833;1;1667;8333
03/02/2023;2023;2;Feb;Q1;5;CNC Lathe;2;14;13;1;3876;24924;28800;646;865;804;929;1;714;9286
04/02/2023;2023;2;Feb;Q1;5;CNC Lathe;2;18;17;1;4532;24268;28800;694;843;872;944;1;556;9444
05/02/2023;2023;2;Feb;Q1;5;CNC Lathe;2;14;13;1;4944;23856;28800;668;828;868;929;1;714;9286
06/02/2023;2023;2;Feb;Q1;6;CNC Lathe;2;10;8;2;4893;23907;28800;571;830;860;800;1;200;800
07/02/2023;2023;2;Feb;Q1;6;CNC Lathe;2;14;13;1;4223;24577;28800;715;853;903;929;1;714;9286
08/02/2023;2023;2;Feb;Q1;6;CNC Lathe;2;16;15;1;3816;24984;28800;680;868;836;938;1;625;9375
09/02/2023;2023;2;Feb;Q1;6;CNC Lathe;2;16;12;4;2566;26234;28800;595;911;870;750;1;250;750
10/02/2023;2023;2;Feb;Q1;6;CNC Lathe;2;12;10;2;2980;25820;28800;639;897;855;833;1;1667;8333
11/02/2023;2023;2;Feb;Q1;6;CNC Lathe;2;14;10;4;5471;23329;28800;484;810;837;714;1;2857;7143
12/02/2023;2023;2;Feb;Q1;6;CNC Lathe;2;22;20;2;2558;26242;28800;717;911;866;909;1;909;9091
13/02/2023;2023;2;Feb;Q1;7;CNC Lathe;2;12;11;1;3408;25392;28800;725;882;898;917;1;833;9167
14/02/2023;2023;2;Feb;Q1;7;CNC Lathe;2;17;14;3;4968;23832;28800;642;828;942;824;1;1765;8235
15/02/2023;2023;2;Feb;Q1;7;CNC Lathe;2;9;8;1;4212;24588;28800;674;854;888;889;1;1111;8889
16/02/2023;2023;2;Feb;Q1;7;CNC Lathe;2;17;15;2;4793;24007;28800;574;834;781;882;1;1176;8824
17/02/2023;2023;2;Feb;Q1;7;CNC Lathe;2;13;12;1;4481;24319;28800;676;844;867;923;1;769;9231
18/02/2023;2023;2;Feb;Q1;7;CNC Lathe;2;16;15;1;5230;23570;28800;667;818;870;938;1;625;9375
19/02/2023;2023;2;Feb;Q1;7;CNC Lathe;2;12;12;0;4281;24519;28800;767;851;901;1000;1;0;1000
20/02/2023;2023;2;Feb;Q1;8;CNC Lathe;2;16;15;1;4579;24221;28800;689;841;874;938;1;625;9375
21/02/2023;2023;2;Feb;Q1;8;CNC Lathe;2;13;13;0;3457;25343;28800;802;880;912;1000;1;0;1000
22/02/2023;2023;2;Feb;Q1;8;CNC Lathe;2;13;13;0;4516;24284;28800;743;843;882;1000;1;0;1000
23/02/2023;2023;2;Feb;Q1;8;CNC Lathe;2;16;12;4;3722;25078;28800;602;871;922;750;1;250;750
24/02/2023;2023;2;Feb;Q1;8;CNC Lathe;2;14;13;1;3676;25124;28800;691;872;853;929;1;714;9286
25/02/2023;2023;2;Feb;Q1;8;CNC Lathe;2;16;14;2;4766;24034;28800;637;835;873;875;1;125;875
26/02/2023;2023;2;Feb;Q1;8;CNC Lathe;2;15;12;3;4771;24029;28800;599;834;897;800;1;200;800
27/02/2023;2023;2;Feb;Q1;9;CNC Lathe;2;15;13;2;5407;23393;28800;597;812;848;867;1;1333;8667
28/02/2023;2023;2;Feb;Q1;9;CNC Lathe;2;16;16;0;5355;23445;28800;684;814;841;1000;1;0;1000
01/03/2023;2023;3;Mar;Q1;9;CNC Lathe;2;14;12;2;4784;24016;28800;605;834;846;857;1;1429;8571
02/03/2023;2023;3;Mar;Q1;9;CNC Lathe;2;12;11;1;2651;26149;28800;701;908;842;917;1;833;9167
03/03/2023;2023;3;Mar;Q1;9;CNC Lathe;2;14;12;2;5520;23280;28800;614;808;886;857;1;1429;8571
04/03/2023;2023;3;Mar;Q1;9;CNC Lathe;2;18;15;3;4784;24016;28800;559;834;804;833;1;1667;8333
05/03/2023;2023;3;Mar;Q1;9;CNC Lathe;2;15;11;4;3423;25377;28800;526;881;814;733;1;2667;7333
06/03/2023;2023;3;Mar;Q1;10;CNC Lathe;2;13;12;1;4632;24168;28800;722;839;933;923;1;769;9231
07/03/2023;2023;3;Mar;Q1;10;CNC Lathe;2;16;15;1;3204;25596;28800;702;889;843;938;1;625;9375
08/03/2023;2023;3;Mar;Q1;10;CNC Lathe;2;16;14;2;4542;24258;28800;645;842;875;875;1;125;875
09/03/2023;2023;3;Mar;Q1;10;CNC Lathe;2;17;17;0;2978;25822;28800;732;897;816;1000;1;0;1000
10/03/2023;2023;3;Mar;Q1;10;CNC Lathe;2;12;9;3;3389;25411;28800;577;882;871;750;1;250;750
11/03/2023;2023;3;Mar;Q1;10;CNC Lathe;2;13;13;0;4616;24184;28800;708;840;843;1000;1;0;1000
12/03/2023;2023;3;Mar;Q1;10;CNC Lathe;2;13;12;1;4910;23890;28800;623;830;814;923;1;769;9231
13/03/2023;2023;3;Mar;Q1;11;CNC Lathe;2;14;12;2;4305;24495;28800;667;851;914;857;1;1429;8571
14/03/2023;2023;3;Mar;Q1;11;CNC Lathe;2;17;15;2;3811;24989;28800;696;868;909;882;1;1176;8824
15/03/2023;2023;3;Mar;Q1;11;CNC Lathe;2;16;15;1;2333;26467;28800;745;919;864;938;1;625;9375
16/03/2023;2023;3;Mar;Q1;11;CNC Lathe;2;16;15;1;3873;24927;28800;732;866;903;938;1;625;9375
17/03/2023;2023;3;Mar;Q1;11;CNC Lathe;2;19;16;3;4474;24326;28800;664;845;934;842;1;1579;8421
18/03/2023;2023;3;Mar;Q1;11;CNC Lathe;2;17;16;1;3786;25014;28800;731;869;894;941;1;588;9412
19/03/2023;2023;3;Mar;Q1;11;CNC Lathe;2;15;12;3;4024;24776;28800;609;860;885;800;1;200;800
20/03/2023;2023;3;Mar;Q1;12;CNC Lathe;2;12;12;0;3892;24908;28800;757;865;875;1000;1;0;1000
21/03/2023;2023;3;Mar;Q1;12;CNC Lathe;2;13;11;2;3782;25018;28800;655;869;891;846;1;1538;8462
22/03/2023;2023;3;Mar;Q1;12;CNC Lathe;2;14;11;3;4104;24696;28800;576;858;855;786;1;2143;7857
23/03/2023;2023;3;Mar;Q1;12;CNC Lathe;2;17;16;1;3822;24978;28800;701;867;858;941;1;588;9412
24/03/2023;2023;3;Mar;Q1;12;CNC Lathe;2;15;14;1;5209;23591;28800;676;819;884;933;1;667;9333
25/03/2023;2023;3;Mar;Q1;12;CNC Lathe;2;13;13;0;2259;26541;28800;785;922;852;1000;1;0;1000
26/03/2023;2023;3;Mar;Q1;12;CNC Lathe;2;13;11;2;3601;25199;28800;633;875;855;846;1;1538;8462
27/03/2023;2023;3;Mar;Q1;13;CNC Lathe;2;15;13;2;3339;25461;28800;665;884;868;867;1;1333;8667
28/03/2023;2023;3;Mar;Q1;13;CNC Lathe;2;18;16;2;4219;24581;28800;689;854;908;889;1;1111;8889
29/03/2023;2023;3;Mar;Q1;13;CNC Lathe;2;19;18;1;4105;24695;28800;673;857;829;947;1;526;9474
30/03/2023;2023;3;Mar;Q1;13;CNC Lathe;2;15;14;1;5354;23446;28800;680;814;894;933;1;667;9333
31/03/2023;2023;3;Mar;Q1;13;CNC Lathe;2;15;15;0;5620;23180;28800;721;805;895;1000;1;0;1000
01/04/2023;2023;4;Apr;Q2;13;CNC Lathe;2;12;11;1;3417;25383;28800;723;881;895;917;1;833;9167
02/04/2023;2023;4;Apr;Q2;13;CNC Lathe;2;20;18;2;4043;24757;28800;650;860;840;900;1;100;900
03/04/2023;2023;4;Apr;Q2;14;CNC Lathe;2;11;9;2;4201;24599;28800;566;854;809;818;1;1818;8182
04/04/2023;2023;4;Apr;Q2;14;CNC Lathe;2;18;16;2;3397;25403;28800;696;882;887;889;1;1111;8889
05/04/2023;2023;4;Apr;Q2;14;CNC Lathe;2;14;13;1;4550;24250;28800;684;842;875;929;1;714;9286
06/04/2023;2023;4;Apr;Q2;14;CNC Lathe;2;13;10;3;3849;24951;28800;602;866;903;769;1;2308;7692
07/04/2023;2023;4;Apr;Q2;14;CNC Lathe;2;12;10;2;3179;25621;28800;625;890;844;833;1;1667;8333
08/04/2023;2023;4;Apr;Q2;14;CNC Lathe;2;22;18;4;3816;24984;28800;635;868;894;818;1;1818;8182
09/04/2023;2023;4;Apr;Q2;14;CNC Lathe;2;16;14;2;3236;25564;28800;703;888;905;875;1;125;875
10/04/2023;2023;4;Apr;Q2;15;CNC Lathe;2;15;14;1;4880;23920;28800;670;831;865;933;1;667;9333
11/04/2023;2023;4;Apr;Q2;15;CNC Lathe;2;17;17;0;5580;23220;28800;711;806;882;1000;1;0;1000
12/04/2023;2023;4;Apr;Q2;15;CNC Lathe;2;13;11;2;4240;24560;28800;636;853;881;846;1;1538;8462
13/04/2023;2023;4;Apr;Q2;15;CNC Lathe;2;15;15;0;4132;24668;28800;719;857;839;1000;1;0;1000
14/04/2023;2023;4;Apr;Q2;15;CNC Lathe;2;15;14;1;4166;24634;28800;708;855;886;933;1;667;9333
15/04/2023;2023;4;Apr;Q2;15;CNC Lathe;2;14;13;1;4998;23802;28800;709;826;924;929;1;714;9286
16/04/2023;2023;4;Apr;Q2;15;CNC Lathe;2;18;16;2;4981;23819;28800;639;827;869;889;1;1111;8889
17/04/2023;2023;4;Apr;Q2;16;CNC Lathe;2;14;12;2;3949;24851;28800;604;863;817;857;1;1429;8571
18/04/2023;2023;4;Apr;Q2;16;CNC Lathe;2;11;11;0;4247;24553;28800;720;853;844;1000;1;0;1000
19/04/2023;2023;4;Apr;Q2;16;CNC Lathe;2;14;13;1;4570;24230;28800;630;841;806;929;1;714;9286
20/04/2023;2023;4;Apr;Q2;16;CNC Lathe;2;16;14;2;3123;25677;28800;712;892;913;875;1;125;875
21/04/2023;2023;4;Apr;Q2;16;CNC Lathe;2;13;9;4;5023;23777;28800;511;826;895;692;1;3077;6923
22/04/2023;2023;4;Apr;Q2;16;CNC Lathe;2;13;11;2;5445;23355;28800;584;811;851;846;1;1538;8462
23/04/2023;2023;4;Apr;Q2;16;CNC Lathe;2;14;11;3;4984;23816;28800;532;827;819;786;1;2143;7857
24/04/2023;2023;4;Apr;Q2;17;CNC Lathe;2;18;15;3;3035;25765;28800;626;895;839;833;1;1667;8333
25/04/2023;2023;4;Apr;Q2;17;CNC Lathe;2;14;12;2;2450;26350;28800;663;915;846;857;1;1429;8571
26/04/2023;2023;4;Apr;Q2;17;CNC Lathe;2;19;18;1;4615;24185;28800;694;840;872;947;1;526;9474
27/04/2023;2023;4;Apr;Q2;17;CNC Lathe;2;13;11;2;3428;25372;28800;649;881;871;846;1;1538;8462
28/04/2023;2023;4;Apr;Q2;17;CNC Lathe;2;16;14;2;4274;24526;28800;681;852;915;875;1;125;875
29/04/2023;2023;4;Apr;Q2;17;CNC Lathe;2;14;12;2;5283;23517;28800;591;817;844;857;1;1429;8571
30/04/2023;2023;4;Apr;Q2;17;CNC Lathe;2;17;15;2;3511;25289;28800;632;878;816;882;1;1176;8824
01/05/2023;2023;5;May;Q2;18;CNC Lathe;2;12;11;1;3737;25063;28800;660;870;828;917;1;833;9167
02/05/2023;2023;5;May;Q2;18;CNC Lathe;2;17;16;1;4266;24534;28800;695;852;867;941;1;588;9412
03/05/2023;2023;5;May;Q2;18;CNC Lathe;2;15;14;1;2993;25807;28800;705;896;843;933;1;667;9333
04/05/2023;2023;5;May;Q2;18;CNC Lathe;2;13;13;0;3430;25370;28800;756;881;858;1000;1;0;1000
05/05/2023;2023;5;May;Q2;18;CNC Lathe;2;15;12;3;4062;24738;28800;586;859;852;800;1;200;800
06/05/2023;2023;5;May;Q2;18;CNC Lathe;2;19;18;1;3799;25001;28800;742;868;902;947;1;526;9474
07/05/2023;2023;5;May;Q2;18;CNC Lathe;2;15;15;0;4534;24266;28800;714;843;848;1000;1;0;1000
08/05/2023;2023;5;May;Q2;19;CNC Lathe;2;13;12;1;6278;22522;28800;617;782;855;923;1;769;9231
09/05/2023;2023;5;May;Q2;19;CNC Lathe;2;12;10;2;4122;24678;28800;638;857;893;833;1;1667;8333
10/05/2023;2023;5;May;Q2;19;CNC Lathe;2;16;15;1;3362;25438;28800;703;883;848;938;1;625;9375
11/05/2023;2023;5;May;Q2;19;CNC Lathe;2;16;15;1;5189;23611;28800;678;820;883;938;1;625;9375
12/05/2023;2023;5;May;Q2;19;CNC Lathe;2;17;15;2;2758;26042;28800;702;904;880;882;1;1176;8824
13/05/2023;2023;5;May;Q2;19;CNC Lathe;2;11;10;1;2919;25881;28800;713;899;873;909;1;909;9091
14/05/2023;2023;5;May;Q2;19;CNC Lathe;2;12;9;3;3561;25239;28800;545;876;829;750;1;250;750
15/05/2023;2023;5;May;Q2;20;CNC Lathe;2;18;14;4;3814;24986;28800;615;868;911;778;1;2222;7778
16/05/2023;2023;5;May;Q2;20;CNC Lathe;2;16;14;2;3542;25258;28800;725;877;945;875;1;125;875
17/05/2023;2023;5;May;Q2;20;CNC Lathe;2;17;16;1;4017;24783;28800;703;861;868;941;1;588;9412
18/05/2023;2023;5;May;Q2;20;CNC Lathe;2;12;10;2;4264;24536;28800;590;852;832;833;1;1667;8333
19/05/2023;2023;5;May;Q2;20;CNC Lathe;2;12;12;0;4907;23893;28800;721;830;869;1000;1;0;1000
20/05/2023;2023;5;May;Q2;20;CNC Lathe;2;18;16;2;4116;24684;28800;687;857;902;889;1;1111;8889
21/05/2023;2023;5;May;Q2;20;CNC Lathe;2;18;17;1;3588;25212;28800;700;875;847;944;1;556;9444
22/05/2023;2023;5;May;Q2;21;CNC Lathe;2;12;9;3;4863;23937;28800;538;831;864;750;1;250;750
23/05/2023;2023;5;May;Q2;21;CNC Lathe;2;12;12;0;3381;25419;28800;777;883;880;1000;1;0;1000
24/05/2023;2023;5;May;Q2;21;CNC Lathe;2;15;13;2;2722;26078;28800;714;905;910;867;1;1333;8667
25/05/2023;2023;5;May;Q2;21;CNC Lathe;2;13;11;2;5017;23783;28800;625;826;895;846;1;1538;8462
26/05/2023;2023;5;May;Q2;21;CNC Lathe;2;13;12;1;4965;23835;28800;685;828;896;923;1;769;9231
27/05/2023;2023;5;May;Q2;21;CNC Lathe;2;12;12;0;3402;25398;28800;752;882;853;1000;1;0;1000
28/05/2023;2023;5;May;Q2;21;CNC Lathe;2;14;10;4;3720;25080;28800;549;871;882;714;1;2857;7143
29/05/2023;2023;5;May;Q2;22;CNC Lathe;2;12;11;1;3301;25499;28800;684;885;843;917;1;833;9167
30/05/2023;2023;5;May;Q2;22;CNC Lathe;2;12;11;1;4306;24494;28800;700;850;897;917;1;833;9167
31/05/2023;2023;5;May;Q2;22;CNC Lathe;2;16;15;1;5443;23357;28800;690;811;908;938;1;625;9375
01/06/2023;2023;6;Jun;Q2;22;CNC Lathe;2;15;14;1;4611;24189;28800;695;840;887;933;1;667;9333
02/06/2023;2023;6;Jun;Q2;22;CNC Lathe;2;16;15;1;4880;23920;28800;666;831;855;938;1;625;9375
03/06/2023;2023;6;Jun;Q2;22;CNC Lathe;2;11;11;0;4705;24095;28800;720;837;861;1000;1;0;1000
04/06/2023;2023;6;Jun;Q2;22;CNC Lathe;2;15;15;0;4042;24758;28800;800;860;931;1000;1;0;1000
05/06/2023;2023;6;Jun;Q2;23;CNC Lathe;2;21;17;4;4918;23882;28800;575;829;856;810;1;1905;8095
06/06/2023;2023;6;Jun;Q2;23;CNC Lathe;2;14;13;1;4645;24155;28800;704;839;904;929;1;714;9286
07/06/2023;2023;6;Jun;Q2;23;CNC Lathe;2;17;16;1;5206;23594;28800;678;819;880;941;1;588;9412
08/06/2023;2023;6;Jun;Q2;23;CNC Lathe;2;17;15;2;3671;25129;28800;659;873;856;882;1;1176;8824
09/06/2023;2023;6;Jun;Q2;23;CNC Lathe;2;17;14;3;2637;26163;28800;614;908;821;824;1;1765;8235
10/06/2023;2023;6;Jun;Q2;23;CNC Lathe;2;16;16;0;4887;23913;28800;727;830;875;1000;1;0;1000
11/06/2023;2023;6;Jun;Q2;23;CNC Lathe;2;17;15;2;4325;24475;28800;653;850;871;882;1;1176;8824
12/06/2023;2023;6;Jun;Q2;24;CNC Lathe;2;17;17;0;3803;24997;28800;808;868;931;1000;1;0;1000
13/06/2023;2023;6;Jun;Q2;24;CNC Lathe;2;17;17;0;3848;24952;28800;726;866;838;1000;1;0;1000
14/06/2023;2023;6;Jun;Q2;24;CNC Lathe;2;12;12;0;6108;22692;28800;747;788;948;1000;1;0;1000
15/06/2023;2023;6;Jun;Q2;24;CNC Lathe;2;10;8;2;3523;25277;28800;619;878;881;800;1;200;800
16/06/2023;2023;6;Jun;Q2;24;CNC Lathe;2;11;11;0;3352;25448;28800;779;884;881;1000;1;0;1000
17/06/2023;2023;6;Jun;Q2;24;CNC Lathe;2;14;14;0;4111;24689;28800;726;857;847;1000;1;0;1000
18/06/2023;2023;6;Jun;Q2;24;CNC Lathe;2;17;16;1;4997;23803;28800;684;826;879;941;1;588;9412
19/06/2023;2023;6;Jun;Q2;25;CNC Lathe;2;12;10;2;5884;22916;28800;586;796;884;833;1;1667;8333
20/06/2023;2023;6;Jun;Q2;25;CNC Lathe;2;18;17;1;4574;24226;28800;715;841;901;944;1;556;9444
21/06/2023;2023;6;Jun;Q2;25;CNC Lathe;2;14;13;1;3015;25785;28800;693;895;834;929;1;714;9286
22/06/2023;2023;6;Jun;Q2;25;CNC Lathe;2;14;14;0;5636;23164;28800;737;804;917;1000;1;0;1000
23/06/2023;2023;6;Jun;Q2;25;CNC Lathe;2;13;12;1;4027;24773;28800;699;860;881;923;1;769;9231
24/06/2023;2023;6;Jun;Q2;25;CNC Lathe;2;10;9;1;3365;25435;28800;707;883;889;900;1;100;900
25/06/2023;2023;6;Jun;Q2;25;CNC Lathe;2;16;14;2;3170;25630;28800;670;890;860;875;1;125;875
26/06/2023;2023;6;Jun;Q2;26;CNC Lathe;2;20;19;1;4718;24082;28800;664;836;836;950;1;50;950
27/06/2023;2023;6;Jun;Q2;26;CNC Lathe;2;15;14;1;4235;24565;28800;693;853;871;933;1;667;9333
28/06/2023;2023;6;Jun;Q2;26;CNC Lathe;2;10;10;0;4321;24479;28800;743;850;875;1000;1;0;1000
29/06/2023;2023;6;Jun;Q2;26;CNC Lathe;2;17;16;1;5082;23718;28800;636;824;820;941;1;588;9412
30/06/2023;2023;6;Jun;Q2;26;CNC Lathe;2;11;11;0;3394;25406;28800;790;882;896;1000;1;0;1000
01/07/2023;2023;7;Jul;Q3;26;CNC Lathe;2;12;10;2;5147;23653;28800;618;821;903;833;1;1667;8333
02/07/2023;2023;7;Jul;Q3;26;CNC Lathe;2;14;10;4;3623;25177;28800;526;874;843;714;1;2857;7143
03/07/2023;2023;7;Jul;Q3;27;CNC Lathe;2;15;11;4;5792;23008;28800;488;799;832;733;1;2667;7333
04/07/2023;2023;7;Jul;Q3;27;CNC Lathe;2;12;10;2;4526;24274;28800;602;843;857;833;1;1667;8333
05/07/2023;2023;7;Jul;Q3;27;CNC Lathe;2;14;12;2;3298;25502;28800;659;885;869;857;1;1429;8571
06/07/2023;2023;7;Jul;Q3;27;CNC Lathe;2;17;15;2;2405;26395;28800;695;916;859;882;1;1176;8824
07/07/2023;2023;7;Jul;Q3;27;CNC Lathe;2;17;16;1;4696;24104;28800;682;837;866;941;1;588;9412
08/07/2023;2023;7;Jul;Q3;27;CNC Lathe;2;18;16;2;3740;25060;28800;677;870;876;889;1;1111;8889
09/07/2023;2023;7;Jul;Q3;27;CNC Lathe;2;20;18;2;3917;24883;28800;638;864;820;900;1;100;900
10/07/2023;2023;7;Jul;Q3;28;CNC Lathe;2;17;15;2;4662;24138;28800;610;838;824;882;1;1176;8824
11/07/2023;2023;7;Jul;Q3;28;CNC Lathe;2;15;13;2;4859;23941;28800;557;831;773;867;1;1333;8667
12/07/2023;2023;7;Jul;Q3;28;CNC Lathe;2;17;16;1;5032;23768;28800;700;825;901;941;1;588;9412
13/07/2023;2023;7;Jul;Q3;28;CNC Lathe;2;16;15;1;3093;25707;28800;727;893;869;938;1;625;9375
14/07/2023;2023;7;Jul;Q3;28;CNC Lathe;2;16;13;3;5195;23605;28800;602;820;904;812;1;1875;8125
15/07/2023;2023;7;Jul;Q3;28;CNC Lathe;2;16;16;0;3574;25226;28800;726;876;828;1000;1;0;1000
16/07/2023;2023;7;Jul;Q3;28;CNC Lathe;2;13;12;1;2218;26582;28800;740;923;869;923;1;769;9231
17/07/2023;2023;7;Jul;Q3;29;CNC Lathe;2;12;9;3;3090;25710;28800;586;893;875;750;1;250;750
18/07/2023;2023;7;Jul;Q3;29;CNC Lathe;2;15;13;2;4219;24581;28800;628;854;848;867;1;1333;8667
19/07/2023;2023;7;Jul;Q3;29;CNC Lathe;2;15;13;2;3251;25549;28800;626;887;814;867;1;1333;8667
20/07/2023;2023;7;Jul;Q3;29;CNC Lathe;2;13;12;1;3971;24829;28800;739;862;929;923;1;769;9231
21/07/2023;2023;7;Jul;Q3;29;CNC Lathe;2;16;15;1;4316;24484;28800;731;850;917;938;1;625;9375
22/07/2023;2023;7;Jul;Q3;29;CNC Lathe;2;21;17;4;3896;24904;28800;598;865;855;810;1;1905;8095
23/07/2023;2023;7;Jul;Q3;29;CNC Lathe;2;10;9;1;3643;25157;28800;696;874;886;900;1;100;900
24/07/2023;2023;7;Jul;Q3;30;CNC Lathe;2;17;15;2;3031;25769;28800;672;895;851;882;1;1176;8824
25/07/2023;2023;7;Jul;Q3;30;CNC Lathe;2;15;15;0;4060;24740;28800;716;859;833;1000;1;0;1000
26/07/2023;2023;7;Jul;Q3;30;CNC Lathe;2;16;16;0;2373;26427;28800;855;918;931;1000;1;0;1000
27/07/2023;2023;7;Jul;Q3;30;CNC Lathe;2;14;10;4;3488;25312;28800;509;879;811;714;1;2857;7143
28/07/2023;2023;7;Jul;Q3;30;CNC Lathe;2;15;14;1;3292;25508;28800;709;886;858;933;1;667;9333
29/07/2023;2023;7;Jul;Q3;30;CNC Lathe;2;15;13;2;3849;24951;28800;654;866;871;867;1;1333;8667
30/07/2023;2023;7;Jul;Q3;30;CNC Lathe;2;14;14;0;3870;24930;28800;801;866;925;1000;1;0;1000
31/07/2023;2023;7;Jul;Q3;31;CNC Lathe;2;11;10;1;4818;23982;28800;681;833;899;909;1;909;9091
01/08/2023;2023;8;Aug;Q3;31;CNC Lathe;2;14;11;3;5322;23478;28800;519;815;810;786;1;2143;7857
02/08/2023;2023;8;Aug;Q3;31;CNC Lathe;2;11;10;1;3139;25661;28800;703;891;868;909;1;909;9091
03/08/2023;2023;8;Aug;Q3;31;CNC Lathe;2;17;17;0;5653;23147;28800;698;804;869;1000;1;0;1000
04/08/2023;2023;8;Aug;Q3;31;CNC Lathe;2;10;9;1;3412;25388;28800;682;882;860;900;1;100;900
05/08/2023;2023;8;Aug;Q3;31;CNC Lathe;2;18;15;3;4182;24618;28800;634;855;890;833;1;1667;8333
06/08/2023;2023;8;Aug;Q3;31;CNC Lathe;2;16;15;1;4455;24345;28800;649;845;819;938;1;625;9375
07/08/2023;2023;8;Aug;Q3;32;CNC Lathe;2;16;13;3;6019;22781;28800;549;791;854;812;1;1875;8125
08/08/2023;2023;8;Aug;Q3;32;CNC Lathe;2;9;8;1;3604;25196;28800;688;875;885;889;1;1111;8889
09/08/2023;2023;8;Aug;Q3;32;CNC Lathe;2;14;11;3;2590;26210;28800;638;910;892;786;1;2143;7857
10/08/2023;2023;8;Aug;Q3;32;CNC Lathe;2;18;16;2;5247;23553;28800;635;818;873;889;1;1111;8889
11/08/2023;2023;8;Aug;Q3;32;CNC Lathe;2;14;14;0;3369;25431;28800;758;883;858;1000;1;0;1000
12/08/2023;2023;8;Aug;Q3;32;CNC Lathe;2;12;11;1;3750;25050;28800;689;870;864;917;1;833;9167
13/08/2023;2023;8;Aug;Q3;32;CNC Lathe;2;13;13;0;3139;25661;28800;796;891;894;1000;1;0;1000
14/08/2023;2023;8;Aug;Q3;33;CNC Lathe;2;15;12;3;3752;25048;28800;605;870;869;800;1;200;800
15/08/2023;2023;8;Aug;Q3;33;CNC Lathe;2;13;11;2;3363;25437;28800;622;883;832;846;1;1538;8462
16/08/2023;2023;8;Aug;Q3;33;CNC Lathe;2;18;16;2;4589;24211;28800;617;841;825;889;1;1111;8889
17/08/2023;2023;8;Aug;Q3;33;CNC Lathe;2;15;14;1;4108;24692;28800;653;857;816;933;1;667;9333
18/08/2023;2023;8;Aug;Q3;33;CNC Lathe;2;14;14;0;3492;25308;28800;807;879;919;1000;1;0;1000
19/08/2023;2023;8;Aug;Q3;33;CNC Lathe;2;12;10;2;4847;23953;28800;621;832;896;833;1;1667;8333
20/08/2023;2023;8;Aug;Q3;33;CNC Lathe;2;16;15;1;4248;24552;28800;691;852;864;938;1;625;9375
21/08/2023;2023;8;Aug;Q3;34;CNC Lathe;2;16;15;1;2550;26250;28800;728;911;852;938;1;625;9375
22/08/2023;2023;8;Aug;Q3;34;CNC Lathe;2;13;11;2;4786;24014;28800;598;834;848;846;1;1538;8462
23/08/2023;2023;8;Aug;Q3;34;CNC Lathe;2;9;9;0;4192;24608;28800;774;854;906;1000;1;0;1000
24/08/2023;2023;8;Aug;Q3;34;CNC Lathe;2;16;15;1;5167;23633;28800;719;821;934;938;1;625;9375
25/08/2023;2023;8;Aug;Q3;34;CNC Lathe;2;15;14;1;4142;24658;28800;677;856;847;933;1;667;9333
26/08/2023;2023;8;Aug;Q3;34;CNC Lathe;2;16;16;0;3402;25398;28800;800;882;908;1000;1;0;1000
27/08/2023;2023;8;Aug;Q3;34;CNC Lathe;2;20;15;5;3877;24923;28800;564;865;869;750;1;250;750
28/08/2023;2023;8;Aug;Q3;35;CNC Lathe;2;15;14;1;4692;24108;28800;672;837;861;933;1;667;9333
29/08/2023;2023;8;Aug;Q3;35;CNC Lathe;2;14;14;0;3419;25381;28800;811;881;920;1000;1;0;1000
30/08/2023;2023;8;Aug;Q3;35;CNC Lathe;2;12;12;0;3686;25114;28800;757;872;868;1000;1;0;1000
31/08/2023;2023;8;Aug;Q3;35;CNC Lathe;2;14;12;2;3863;24937;28800;652;866;878;857;1;1429;8571
01/09/2023;2023;9;Sep;Q3;35;CNC Lathe;2;16;15;1;3113;25687;28800;733;892;877;938;1;625;9375
02/09/2023;2023;9;Sep;Q3;35;CNC Lathe;2;15;13;2;3431;25369;28800;620;881;812;867;1;1333;8667
03/09/2023;2023;9;Sep;Q3;35;CNC Lathe;2;20;20;0;4182;24618;28800;751;855;878;1000;1;0;1000
04/09/2023;2023;9;Sep;Q3;36;CNC Lathe;2;16;16;0;5014;23786;28800;701;826;848;1000;1;0;1000
05/09/2023;2023;9;Sep;Q3;36;CNC Lathe;2;15;14;1;4299;24501;28800;650;851;819;933;1;667;9333
06/09/2023;2023;9;Sep;Q3;36;CNC Lathe;2;13;11;2;4005;24795;28800;619;861;850;846;1;1538;8462
07/09/2023;2023;9;Sep;Q3;36;CNC Lathe;2;16;13;3;3370;25430;28800;610;883;850;812;1;1875;8125
08/09/2023;2023;9;Sep;Q3;36;CNC Lathe;2;13;13;0;4928;23872;28800;749;829;904;1000;1;0;1000
09/09/2023;2023;9;Sep;Q3;36;CNC Lathe;2;16;14;2;4393;24407;28800;616;847;831;875;1;125;875
10/09/2023;2023;9;Sep;Q3;36;CNC Lathe;2;16;13;3;3471;25329;28800;601;879;841;812;1;1875;8125
11/09/2023;2023;9;Sep;Q3;37;CNC Lathe;2;15;14;1;4769;24031;28800;682;834;876;933;1;667;9333
12/09/2023;2023;9;Sep;Q3;37;CNC Lathe;2;13;11;2;4495;24305;28800;587;844;822;846;1;1538;8462
13/09/2023;2023;9;Sep;Q3;37;CNC Lathe;2;9;9;0;3385;25415;28800;746;882;845;1000;1;0;1000
14/09/2023;2023;9;Sep;Q3;37;CNC Lathe;2;18;14;4;3960;24840;28800;544;862;810;778;1;2222;7778
15/09/2023;2023;9;Sep;Q3;37;CNC Lathe;2;16;14;2;3644;25156;28800;688;873;900;875;1;125;875
16/09/2023;2023;9;Sep;Q3;37;CNC Lathe;2;16;12;4;6171;22629;28800;505;786;858;750;1;250;750
17/09/2023;2023;9;Sep;Q3;37;CNC Lathe;2;11;10;1;4472;24328;28800;666;845;867;909;1;909;9091
18/09/2023;2023;9;Sep;Q3;38;CNC Lathe;2;19;18;1;4193;24607;28800;728;854;900;947;1;526;9474
19/09/2023;2023;9;Sep;Q3;38;CNC Lathe;2;14;11;3;4424;24376;28800;561;846;843;786;1;2143;7857
20/09/2023;2023;9;Sep;Q3;38;CNC Lathe;2;14;13;1;5157;23643;28800;653;821;857;929;1;714;9286
21/09/2023;2023;9;Sep;Q3;38;CNC Lathe;2;12;11;1;3975;24825;28800;657;862;831;917;1;833;9167
22/09/2023;2023;9;Sep;Q3;38;CNC Lathe;2;10;9;1;3565;25235;28800;656;876;831;900;1;100;900
23/09/2023;2023;9;Sep;Q3;38;CNC Lathe;2;18;15;3;4725;24075;28800;582;836;836;833;1;1667;8333
24/09/2023;2023;9;Sep;Q3;38;CNC Lathe;2;19;15;4;3901;24899;28800;581;865;851;789;1;2105;7895
25/09/2023;2023;9;Sep;Q3;39;CNC Lathe;2;15;14;1;3177;25623;28800;710;890;855;933;1;667;9333
26/09/2023;2023;9;Sep;Q3;39;CNC Lathe;2;13;11;2;3020;25780;28800;665;895;878;846;1;1538;8462
27/09/2023;2023;9;Sep;Q3;39;CNC Lathe;2;14;12;2;5279;23521;28800;586;817;837;857;1;1429;8571
28/09/2023;2023;9;Sep;Q3;39;CNC Lathe;2;14;14;0;4149;24651;28800;752;856;879;1000;1;0;1000
29/09/2023;2023;9;Sep;Q3;39;CNC Lathe;2;12;11;1;3566;25234;28800;711;876;885;917;1;833;9167
30/09/2023;2023;9;Sep;Q3;39;CNC Lathe;2;14;13;1;3853;24947;28800;685;866;852;929;1;714;9286
01/10/2023;2023;10;Oct;Q4;39;CNC Lathe;2;16;15;1;4695;24105;28800;659;837;840;938;1;625;9375
02/10/2023;2023;10;Oct;Q4;40;CNC Lathe;2;18;13;5;3805;24995;28800;546;868;871;722;1;2778;7222
03/10/2023;2023;10;Oct;Q4;40;CNC Lathe;2;15;13;2;2871;25929;28800;672;900;861;867;1;1333;8667
04/10/2023;2023;10;Oct;Q4;40;CNC Lathe;2;11;9;2;4306;24494;28800;609;850;876;818;1;1818;8182
05/10/2023;2023;10;Oct;Q4;40;CNC Lathe;2;16;12;4;5019;23781;28800;571;826;923;750;1;250;750
06/10/2023;2023;10;Oct;Q4;40;CNC Lathe;2;14;13;1;4965;23835;28800;669;828;870;929;1;714;9286
07/10/2023;2023;10;Oct;Q4;40;CNC Lathe;2;19;16;3;3590;25210;28800;623;875;846;842;1;1579;8421
08/10/2023;2023;10;Oct;Q4;40;CNC Lathe;2;19;17;2;5068;23732;28800;617;824;837;895;1;1053;8947
09/10/2023;2023;10;Oct;Q4;41;CNC Lathe;2;19;16;3;4214;24586;28800;603;854;838;842;1;1579;8421
10/10/2023;2023;10;Oct;Q4;41;CNC Lathe;2;14;14;0;5046;23754;28800;674;825;817;1000;1;0;1000
11/10/2023;2023;10;Oct;Q4;41;CNC Lathe;2;20;16;4;4506;24294;28800;608;844;900;800;1;200;800
12/10/2023;2023;10;Oct;Q4;41;CNC Lathe;2;16;15;1;2812;25988;28800;669;902;790;938;1;625;9375
13/10/2023;2023;10;Oct;Q4;41;CNC Lathe;2;20;19;1;5454;23346;28800;681;811;885;950;1;50;950
14/10/2023;2023;10;Oct;Q4;41;CNC Lathe;2;14;12;2;4084;24716;28800;616;858;838;857;1;1429;8571
15/10/2023;2023;10;Oct;Q4;41;CNC Lathe;2;14;13;1;4509;24291;28800;666;843;850;929;1;714;9286
16/10/2023;2023;10;Oct;Q4;42;CNC Lathe;2;16;14;2;2956;25844;28800;657;897;837;875;1;125;875
17/10/2023;2023;10;Oct;Q4;42;CNC Lathe;2;16;15;1;4451;24349;28800;728;845;918;938;1;625;9375
18/10/2023;2023;10;Oct;Q4;42;CNC Lathe;2;18;15;3;4934;23866;28800;600;829;869;833;1;1667;8333
19/10/2023;2023;10;Oct;Q4;42;CNC Lathe;2;14;13;1;5607;23193;28800;670;805;895;929;1;714;9286
20/10/2023;2023;10;Oct;Q4;42;CNC Lathe;2;18;18;0;5174;23626;28800;749;820;913;1000;1;0;1000
21/10/2023;2023;10;Oct;Q4;42;CNC Lathe;2;17;16;1;4490;24310;28800;694;844;874;941;1;588;9412
22/10/2023;2023;10;Oct;Q4;42;CNC Lathe;2;15;14;1;2794;26006;28800;697;903;826;933;1;667;9333
23/10/2023;2023;10;Oct;Q4;43;CNC Lathe;2;17;16;1;4149;24651;28800;693;856;860;941;1;588;9412
24/10/2023;2023;10;Oct;Q4;43;CNC Lathe;2;14;13;1;3563;25237;28800;685;876;842;929;1;714;9286
25/10/2023;2023;10;Oct;Q4;43;CNC Lathe;2;21;19;2;4232;24568;28800;656;853;851;905;1;952;9048
26/10/2023;2023;10;Oct;Q4;43;CNC Lathe;2;8;8;0;3059;25741;28800;773;894;865;1000;1;0;1000
27/10/2023;2023;10;Oct;Q4;43;CNC Lathe;2;17;15;2;3872;24928;28800;659;866;863;882;1;1176;8824
28/10/2023;2023;10;Oct;Q4;43;CNC Lathe;2;10;8;2;3624;25176;28800;617;874;882;800;1;200;800
29/10/2023;2023;10;Oct;Q4;43;CNC Lathe;2;14;14;0;3599;25201;28800;776;875;887;1000;1;0;1000
30/10/2023;2023;10;Oct;Q4;44;CNC Lathe;2;15;13;2;3607;25193;28800;655;875;863;867;1;1333;8667
31/10/2023;2023;10;Oct;Q4;44;CNC Lathe;2;19;17;2;3932;24868;28800;681;863;882;895;1;1053;8947
01/11/2023;2023;11;Nov;Q4;44;CNC Lathe;2;13;12;1;4274;24526;28800;667;852;849;923;1;769;9231
02/11/2023;2023;11;Nov;Q4;44;CNC Lathe;2;19;16;3;2022;26778;28800;715;930;914;842;1;1579;8421
03/11/2023;2023;11;Nov;Q4;44;CNC Lathe;2;12;11;1;2121;26679;28800;720;926;848;917;1;833;9167
04/11/2023;2023;11;Nov;Q4;44;CNC Lathe;2;19;17;2;3769;25031;28800;707;869;910;895;1;1053;8947
05/11/2023;2023;11;Nov;Q4;44;CNC Lathe;2;14;14;0;3882;24918;28800;707;865;817;1000;1;0;1000
06/11/2023;2023;11;Nov;Q4;45;CNC Lathe;2;15;13;2;4195;24605;28800;633;854;855;867;1;1333;8667
07/11/2023;2023;11;Nov;Q4;45;CNC Lathe;2;14;12;2;3454;25346;28800;646;880;857;857;1;1429;8571
08/11/2023;2023;11;Nov;Q4;45;CNC Lathe;2;19;19;0;4050;24750;28800;754;859;878;1000;1;0;1000
09/11/2023;2023;11;Nov;Q4;45;CNC Lathe;2;18;17;1;4145;24655;28800;726;856;898;944;1;556;9444
10/11/2023;2023;11;Nov;Q4;45;CNC Lathe;2;16;12;4;3448;25352;28800;544;880;825;750;1;250;750
11/11/2023;2023;11;Nov;Q4;45;CNC Lathe;2;12;11;1;4862;23938;28800;632;831;830;917;1;833;9167
12/11/2023;2023;11;Nov;Q4;45;CNC Lathe;2;13;12;1;4185;24615;28800;646;855;819;923;1;769;9231
13/11/2023;2023;11;Nov;Q4;46;CNC Lathe;2;12;9;3;4485;24315;28800;579;844;914;750;1;250;750
14/11/2023;2023;11;Nov;Q4;46;CNC Lathe;2;9;8;1;4098;24702;28800;670;858;878;889;1;1111;8889
15/11/2023;2023;11;Nov;Q4;46;CNC Lathe;2;19;17;2;5743;23057;28800;595;801;830;895;1;1053;8947
16/11/2023;2023;11;Nov;Q4;46;CNC Lathe;2;14;12;2;4524;24276;28800;616;843;853;857;1;1429;8571
17/11/2023;2023;11;Nov;Q4;46;CNC Lathe;2;14;11;3;3648;25152;28800;624;873;909;786;1;2143;7857
18/11/2023;2023;11;Nov;Q4;46;CNC Lathe;2;19;17;2;4706;24094;28800;642;837;858;895;1;1053;8947
19/11/2023;2023;11;Nov;Q4;46;CNC Lathe;2;14;13;1;2718;26082;28800;720;906;856;929;1;714;9286
20/11/2023;2023;11;Nov;Q4;47;CNC Lathe;2;13;12;1;4139;24661;28800;665;856;841;923;1;769;9231
21/11/2023;2023;11;Nov;Q4;47;CNC Lathe;2;14;10;4;4300;24500;28800;506;851;832;714;1;2857;7143
22/11/2023;2023;11;Nov;Q4;47;CNC Lathe;2;12;10;2;4148;24652;28800;648;856;909;833;1;1667;8333
23/11/2023;2023;11;Nov;Q4;47;CNC Lathe;2;16;16;0;3772;25028;28800;805;869;926;1000;1;0;1000
24/11/2023;2023;11;Nov;Q4;47;CNC Lathe;2;14;11;3;3224;25576;28800;582;888;834;786;1;2143;7857
25/11/2023;2023;11;Nov;Q4;47;CNC Lathe;2;14;13;1;3404;25396;28800;751;882;917;929;1;714;9286
26/11/2023;2023;11;Nov;Q4;47;CNC Lathe;2;13;13;0;4125;24675;28800;729;857;851;1000;1;0;1000
27/11/2023;2023;11;Nov;Q4;48;CNC Lathe;2;15;13;2;3142;25658;28800;685;891;887;867;1;1333;8667
28/11/2023;2023;11;Nov;Q4;48;CNC Lathe;2;15;14;1;5473;23327;28800;693;810;917;933;1;667;9333
29/11/2023;2023;11;Nov;Q4;48;CNC Lathe;2;14;11;3;1907;26893;28800;633;934;863;786;1;2143;7857
30/11/2023;2023;11;Nov;Q4;48;CNC Lathe;2;14;14;0;3781;25019;28800;744;869;857;1000;1;0;1000
01/12/2023;2023;12;Dec;Q4;48;CNC Lathe;2;15;12;3;4132;24668;28800;614;857;896;800;1;200;800
02/12/2023;2023;12;Dec;Q4;48;CNC Lathe;2;15;13;2;4453;24347;28800;608;845;829;867;1;1333;8667
03/12/2023;2023;12;Dec;Q4;48;CNC Lathe;2;15;15;0;3302;25498;28800;804;885;908;1000;1;0;1000
04/12/2023;2023;12;Dec;Q4;49;CNC Lathe;2;13;9;4;4959;23841;28800;500;828;873;692;1;3077;6923
05/12/2023;2023;12;Dec;Q4;49;CNC Lathe;2;18;16;2;2915;25885;28800;677;899;848;889;1;1111;8889
06/12/2023;2023;12;Dec;Q4;49;CNC Lathe;2;15;14;1;3585;25215;28800;692;876;847;933;1;667;9333
07/12/2023;2023;12;Dec;Q4;49;CNC Lathe;2;14;13;1;4544;24256;28800;641;842;820;929;1;714;9286
08/12/2023;2023;12;Dec;Q4;49;CNC Lathe;2;16;13;3;4883;23917;28800;573;830;849;812;1;1875;8125
09/12/2023;2023;12;Dec;Q4;49;CNC Lathe;2;15;14;1;2907;25893;28800;721;899;859;933;1;667;9333
10/12/2023;2023;12;Dec;Q4;49;CNC Lathe;2;10;10;0;6181;22619;28800;653;785;831;1000;1;0;1000
11/12/2023;2023;12;Dec;Q4;50;CNC Lathe;2;16;16;0;3317;25483;28800;767;885;866;1000;1;0;1000
12/12/2023;2023;12;Dec;Q4;50;CNC Lathe;2;12;11;1;2981;25819;28800;727;896;884;917;1;833;9167
13/12/2023;2023;12;Dec;Q4;50;CNC Lathe;2;18;15;3;4449;24351;28800;606;846;861;833;1;1667;8333
14/12/2023;2023;12;Dec;Q4;50;CNC Lathe;2;14;13;1;3761;25039;28800;719;869;891;929;1;714;9286
15/12/2023;2023;12;Dec;Q4;50;CNC Lathe;2;17;16;1;3641;25159;28800;691;874;840;941;1;588;9412
16/12/2023;2023;12;Dec;Q4;50;CNC Lathe;2;13;13;0;4524;24276;28800;761;843;903;1000;1;0;1000
17/12/2023;2023;12;Dec;Q4;50;CNC Lathe;2;15;14;1;2808;25992;28800;735;902;872;933;1;667;9333
18/12/2023;2023;12;Dec;Q4;51;CNC Lathe;2;18;14;4;2666;26134;28800;650;907;922;778;1;2222;7778
19/12/2023;2023;12;Dec;Q4;51;CNC Lathe;2;14;13;1;3559;25241;28800;775;876;952;929;1;714;9286
20/12/2023;2023;12;Dec;Q4;51;CNC Lathe;2;13;9;4;4914;23886;28800;489;829;852;692;1;3077;6923
21/12/2023;2023;12;Dec;Q4;51;CNC Lathe;2;17;15;2;3594;25206;28800;659;875;853;882;1;1176;8824
22/12/2023;2023;12;Dec;Q4;51;CNC Lathe;2;17;16;1;5335;23465;28800;659;815;859;941;1;588;9412
23/12/2023;2023;12;Dec;Q4;51;CNC Lathe;2;14;11;3;5013;23787;28800;577;826;889;786;1;2143;7857
24/12/2023;2023;12;Dec;Q4;51;CNC Lathe;2;10;9;1;4271;24529;28800;701;852;914;900;1;100;900
25/12/2023;2023;12;Dec;Q4;52;CNC Lathe;2;13;11;2;4317;24483;28800;608;850;845;846;1;1538;8462
26/12/2023;2023;12;Dec;Q4;52;CNC Lathe;2;17;12;5;4270;24530;28800;530;852;881;706;1;2941;7059
27/12/2023;2023;12;Dec;Q4;52;CNC Lathe;2;13;13;0;4171;24629;28800;738;855;863;1000;1;0;1000
28/12/2023;2023;12;Dec;Q4;52;CNC Lathe;2;15;15;0;3746;25054;28800;774;870;889;1000;1;0;1000
29/12/2023;2023;12;Dec;Q4;52;CNC Lathe;2;13;11;2;3840;24960;28800;675;867;920;846;1;1538;8462
30/12/2023;2023;12;Dec;Q4;52;CNC Lathe;2;10;10;0;3177;25623;28800;765;890;860;1000;1;0;1000
31/12/2023;2023;12;Dec;Q4;52;CNC Lathe;2;13;13;0;2256;26544;28800;747;922;810;1000;1;0;1000
01/01/2024;2024;1;Jan;Q1;1;CNC Lathe;2;14;12;2;5383;23417;28800;623;813;894;857;1;1429;8571
02/01/2024;2024;1;Jan;Q1;1;CNC Lathe;2;16;13;3;4917;23883;28800;569;829;845;812;1;1875;8125
03/01/2024;2024;1;Jan;Q1;1;CNC Lathe;2;21;19;2;4945;23855;28800;678;828;904;905;1;952;9048
04/01/2024;2024;1;Jan;Q1;1;CNC Lathe;2;13;11;2;3396;25404;28800;674;882;902;846;1;1538;8462
05/01/2024;2024;1;Jan;Q1;1;CNC Lathe;2;14;12;2;4143;24657;28800;672;856;915;857;1;1429;8571
06/01/2024;2024;1;Jan;Q1;1;CNC Lathe;2;15;14;1;3957;24843;28800;699;863;868;933;1;667;9333
07/01/2024;2024;1;Jan;Q1;1;CNC Lathe;2;16;13;3;3363;25437;28800;630;883;878;812;1;1875;8125
08/01/2024;2024;1;Jan;Q1;2;CNC Lathe;2;16;15;1;4513;24287;28800;717;843;907;938;1;625;9375
09/01/2024;2024;1;Jan;Q1;2;CNC Lathe;2;18;16;2;3757;25043;28800;675;870;873;889;1;1111;8889
10/01/2024;2024;1;Jan;Q1;2;CNC Lathe;2;8;7;1;4762;24038;28800;614;835;841;875;1;125;875
11/01/2024;2024;1;Jan;Q1;2;CNC Lathe;2;9;8;1;3309;25491;28800;663;885;843;889;1;1111;8889
12/01/2024;2024;1;Jan;Q1;2;CNC Lathe;2;14;13;1;5657;23143;28800;646;804;866;929;1;714;9286
13/01/2024;2024;1;Jan;Q1;2;CNC Lathe;2;18;16;2;3455;25345;28800;637;880;814;889;1;1111;8889
14/01/2024;2024;1;Jan;Q1;2;CNC Lathe;2;11;9;2;4395;24405;28800;591;847;853;818;1;1818;8182
15/01/2024;2024;1;Jan;Q1;3;CNC Lathe;2;7;5;2;4877;23923;28800;531;831;896;714;1;2857;7143
16/01/2024;2024;1;Jan;Q1;3;CNC Lathe;2;17;15;2;3729;25071;28800;601;871;783;882;1;1176;8824
17/01/2024;2024;1;Jan;Q1;3;CNC Lathe;2;16;14;2;4928;23872;28800;660;829;911;875;1;125;875
18/01/2024;2024;1;Jan;Q1;3;CNC Lathe;2;12;9;3;3175;25625;28800;598;890;897;750;1;250;750
19/01/2024;2024;1;Jan;Q1;3;CNC Lathe;2;12;12;0;5433;23367;28800;683;811;842;1000;1;0;1000
20/01/2024;2024;1;Jan;Q1;3;CNC Lathe;2;12;12;0;4222;24578;28800;748;853;877;1000;1;0;1000
21/01/2024;2024;1;Jan;Q1;3;CNC Lathe;2;15;13;2;3708;25092;28800;648;871;858;867;1;1333;8667
22/01/2024;2024;1;Jan;Q1;4;CNC Lathe;2;13;11;2;3958;24842;28800;657;863;900;846;1;1538;8462
23/01/2024;2024;1;Jan;Q1;4;CNC Lathe;2;16;13;3;4891;23909;28800;601;830;892;812;1;1875;8125
24/01/2024;2024;1;Jan;Q1;4;CNC Lathe;2;7;7;0;3718;25082;28800;705;871;810;1000;1;0;1000
25/01/2024;2024;1;Jan;Q1;4;CNC Lathe;2;13;13;0;3579;25221;28800;769;876;878;1000;1;0;1000
26/01/2024;2024;1;Jan;Q1;4;CNC Lathe;2;12;11;1;4023;24777;28800;671;860;851;917;1;833;9167
27/01/2024;2024;1;Jan;Q1;4;CNC Lathe;2;14;13;1;3219;25581;28800;710;888;861;929;1;714;9286
28/01/2024;2024;1;Jan;Q1;4;CNC Lathe;2;14;13;1;5743;23057;28800;619;801;833;929;1;714;9286
29/01/2024;2024;1;Jan;Q1;5;CNC Lathe;2;17;14;3;3733;25067;28800;658;870;918;824;1;1765;8235
30/01/2024;2024;1;Jan;Q1;5;CNC Lathe;2;10;10;0;4910;23890;28800;741;830;894;1000;1;0;1000
31/01/2024;2024;1;Jan;Q1;5;CNC Lathe;2;15;12;3;4386;24414;28800;565;848;833;800;1;200;800
01/02/2024;2024;2;Feb;Q1;5;CNC Lathe;2;16;15;1;3381;25419;28800;672;883;812;938;1;625;9375
02/02/2024;2024;2;Feb;Q1;5;CNC Lathe;2;20;18;2;4205;24595;28800;649;854;845;900;1;100;900
03/02/2024;2024;2;Feb;Q1;5;CNC Lathe;2;14;14;0;4870;23930;28800;725;831;873;1000;1;0;1000
04/02/2024;2024;2;Feb;Q1;5;CNC Lathe;2;16;15;1;4051;24749;28800;698;859;866;938;1;625;9375
05/02/2024;2024;2;Feb;Q1;6;CNC Lathe;2;10;10;0;5214;23586;28800;738;819;901;1000;1;0;1000
06/02/2024;2024;2;Feb;Q1;6;CNC Lathe;2;9;6;3;5070;23730;28800;486;824;885;667;1;3333;6667
07/02/2024;2024;2;Feb;Q1;6;CNC Lathe;2;17;14;3;4984;23816;28800;607;827;891;824;1;1765;8235
08/02/2024;2024;2;Feb;Q1;6;CNC Lathe;2;15;14;1;3823;24977;28800;704;867;869;933;1;667;9333
09/02/2024;2024;2;Feb;Q1;6;CNC Lathe;2;18;17;1;3301;25499;28800;678;885;810;944;1;556;9444
10/02/2024;2024;2;Feb;Q1;6;CNC Lathe;2;11;8;3;3693;25107;28800;540;872;851;727;1;2727;7273
11/02/2024;2024;2;Feb;Q1;6;CNC Lathe;2;16;15;1;4375;24425;28800;711;848;894;938;1;625;9375
12/02/2024;2024;2;Feb;Q1;7;CNC Lathe;2;20;19;1;4669;24131;28800;682;838;856;950;1;50;950
13/02/2024;2024;2;Feb;Q1;7;CNC Lathe;2;16;14;2;2381;26419;28800;703;917;875;875;1;125;875
14/02/2024;2024;2;Feb;Q1;7;CNC Lathe;2;16;12;4;4203;24597;28800;543;854;847;750;1;250;750
15/02/2024;2024;2;Feb;Q1;7;CNC Lathe;2;15;15;0;4343;24457;28800;699;849;823;1000;1;0;1000
16/02/2024;2024;2;Feb;Q1;7;CNC Lathe;2;11;11;0;3976;24824;28800;736;862;854;1000;1;0;1000
17/02/2024;2024;2;Feb;Q1;7;CNC Lathe;2;19;15;4;5297;23503;28800;560;816;869;789;1;2105;7895
18/02/2024;2024;2;Feb;Q1;7;CNC Lathe;2;13;13;0;4565;24235;28800;703;841;835;1000;1;0;1000
19/02/2024;2024;2;Feb;Q1;8;CNC Lathe;2;16;16;0;5313;23487;28800;693;816;850;1000;1;0;1000
20/02/2024;2024;2;Feb;Q1;8;CNC Lathe;2;11;10;1;4028;24772;28800;646;860;826;909;1;909;9091
21/02/2024;2024;2;Feb;Q1;8;CNC Lathe;2;12;10;2;4999;23801;28800;617;826;896;833;1;1667;8333
22/02/2024;2024;2;Feb;Q1;8;CNC Lathe;2;19;17;2;5587;23213;28800;611;806;848;895;1;1053;8947
23/02/2024;2024;2;Feb;Q1;8;CNC Lathe;2;14;9;5;5314;23486;28800;476;815;908;643;1;3571;6429
24/02/2024;2024;2;Feb;Q1;8;CNC Lathe;2;19;16;3;3290;25510;28800;679;886;910;842;1;1579;8421
25/02/2024;2024;2;Feb;Q1;8;CNC Lathe;2;15;15;0;3996;24804;28800;737;861;855;1000;1;0;1000
26/02/2024;2024;2;Feb;Q1;9;CNC Lathe;2;10;6;4;3919;24881;28800;427;864;823;600;1;400;600
27/02/2024;2024;2;Feb;Q1;9;CNC Lathe;2;17;16;1;4622;24178;28800;621;840;786;941;1;588;9412
28/02/2024;2024;2;Feb;Q1;9;CNC Lathe;2;13;12;1;4788;24012;28800;621;834;807;923;1;769;9231
29/02/2024;2024;2;Feb;Q1;9;CNC Lathe;2;17;15;2;3504;25296;28800;628;878;811;882;1;1176;8824
01/03/2024;2024;3;Mar;Q1;9;CNC Lathe;2;15;14;1;4267;24533;28800;720;852;905;933;1;667;9333
02/03/2024;2024;3;Mar;Q1;9;CNC Lathe;2;11;11;0;2509;26291;28800;787;913;862;1000;1;0;1000
03/03/2024;2024;3;Mar;Q1;9;CNC Lathe;2;15;15;0;5424;23376;28800;707;812;871;1000;1;0;1000
04/03/2024;2024;3;Mar;Q1;10;CNC Lathe;2;21;19;2;3779;25021;28800;615;869;782;905;1;952;9048
05/03/2024;2024;3;Mar;Q1;10;CNC Lathe;2;16;13;3;4257;24543;28800;566;852;817;812;1;1875;8125
06/03/2024;2024;3;Mar;Q1;10;CNC Lathe;2;15;13;2;3949;24851;28800;664;863;888;867;1;1333;8667
07/03/2024;2024;3;Mar;Q1;10;CNC Lathe;2;18;11;7;5175;23625;28800;435;820;868;611;1;3889;6111
08/03/2024;2024;3;Mar;Q1;10;CNC Lathe;2;16;15;1;1821;26979;28800;749;937;853;938;1;625;9375
09/03/2024;2024;3;Mar;Q1;10;CNC Lathe;2;16;15;1;4196;24604;28800;703;854;877;938;1;625;9375
10/03/2024;2024;3;Mar;Q1;10;CNC Lathe;2;12;12;0;4121;24679;28800;783;857;914;1000;1;0;1000
11/03/2024;2024;3;Mar;Q1;11;CNC Lathe;2;16;16;0;3828;24972;28800;737;867;850;1000;1;0;1000
12/03/2024;2024;3;Mar;Q1;11;CNC Lathe;2;18;17;1;5663;23137;28800;653;803;860;944;1;556;9444
13/03/2024;2024;3;Mar;Q1;11;CNC Lathe;2;13;11;2;3463;25337;28800;644;880;865;846;1;1538;8462
14/03/2024;2024;3;Mar;Q1;11;CNC Lathe;2;19;15;4;4860;23940;28800;617;831;940;789;1;2105;7895
15/03/2024;2024;3;Mar;Q1;11;CNC Lathe;2;15;11;4;4510;24290;28800;486;843;786;733;1;2667;7333
16/03/2024;2024;3;Mar;Q1;11;CNC Lathe;2;13;13;0;5272;23528;28800;720;817;881;1000;1;0;1000
17/03/2024;2024;3;Mar;Q1;11;CNC Lathe;2;18;15;3;3648;25152;28800;622;873;854;833;1;1667;8333
18/03/2024;2024;3;Mar;Q1;12;CNC Lathe;2;14;13;1;3593;25207;28800;713;875;877;929;1;714;9286
19/03/2024;2024;3;Mar;Q1;12;CNC Lathe;2;17;17;0;5133;23667;28800;687;822;835;1000;1;0;1000
20/03/2024;2024;3;Mar;Q1;12;CNC Lathe;2;14;11;3;4568;24232;28800;566;841;856;786;1;2143;7857
21/03/2024;2024;3;Mar;Q1;12;CNC Lathe;2;15;13;2;2909;25891;28800;688;899;882;867;1;1333;8667
22/03/2024;2024;3;Mar;Q1;12;CNC Lathe;2;16;16;0;3756;25044;28800;839;870;965;1000;1;0;1000
23/03/2024;2024;3;Mar;Q1;12;CNC Lathe;2;16;15;1;4535;24265;28800;700;843;886;938;1;625;9375
24/03/2024;2024;3;Mar;Q1;12;CNC Lathe;2;10;10;0;4915;23885;28800;687;829;829;1000;1;0;1000
25/03/2024;2024;3;Mar;Q1;13;CNC Lathe;2;12;10;2;3638;25162;28800;614;874;843;833;1;1667;8333
26/03/2024;2024;3;Mar;Q1;13;CNC Lathe;2;18;16;2;1756;27044;28800;703;939;842;889;1;1111;8889
27/03/2024;2024;3;Mar;Q1;13;CNC Lathe;2;15;10;5;4650;24150;28800;445;839;796;667;1;3333;6667
28/03/2024;2024;3;Mar;Q1;13;CNC Lathe;2;14;14;0;3182;25618;28800;753;890;847;1000;1;0;1000
29/03/2024;2024;3;Mar;Q1;13;CNC Lathe;2;11;10;1;2511;26289;28800;733;913;883;909;1;909;9091
30/03/2024;2024;3;Mar;Q1;13;CNC Lathe;2;12;11;1;1825;26975;28800;699;937;814;917;1;833;9167
31/03/2024;2024;3;Mar;Q1;13;CNC Lathe;2;10;9;1;4895;23905;28800;668;830;894;900;1;100;900
01/04/2024;2024;4;Apr;Q2;14;CNC Lathe;2;15;14;1;4318;24482;28800;694;850;875;933;1;667;9333
02/04/2024;2024;4;Apr;Q2;14;CNC Lathe;2;13;11;2;4020;24780;28800;606;860;833;846;1;1538;8462
03/04/2024;2024;4;Apr;Q2;14;CNC Lathe;2;12;9;3;5379;23421;28800;520;813;853;750;1;250;750
04/04/2024;2024;4;Apr;Q2;14;CNC Lathe;2;15;11;4;4747;24053;28800;559;835;913;733;1;2667;7333
05/04/2024;2024;4;Apr;Q2;14;CNC Lathe;2;16;13;3;5571;23229;28800;579;807;883;812;1;1875;8125
06/04/2024;2024;4;Apr;Q2;14;CNC Lathe;2;21;17;4;3037;25763;28800;622;895;858;810;1;1905;8095
07/04/2024;2024;4;Apr;Q2;14;CNC Lathe;2;11;10;1;4181;24619;28800;660;855;850;909;1;909;9091
08/04/2024;2024;4;Apr;Q2;15;CNC Lathe;2;18;15;3;2849;25951;28800;646;901;861;833;1;1667;8333
09/04/2024;2024;4;Apr;Q2;15;CNC Lathe;2;18;17;1;4017;24783;28800;683;861;840;944;1;556;9444
10/04/2024;2024;4;Apr;Q2;15;CNC Lathe;2;13;12;1;4001;24799;28800;625;861;786;923;1;769;9231
11/04/2024;2024;4;Apr;Q2;15;CNC Lathe;2;16;15;1;4738;24062;28800;727;835;928;938;1;625;9375
12/04/2024;2024;4;Apr;Q2;15;CNC Lathe;2;14;13;1;4248;24552;28800;683;852;863;929;1;714;9286
13/04/2024;2024;4;Apr;Q2;15;CNC Lathe;2;15;14;1;4735;24065;28800;680;836;872;933;1;667;9333
14/04/2024;2024;4;Apr;Q2;15;CNC Lathe;2;19;14;5;4802;23998;28800;526;833;856;737;1;2632;7368
15/04/2024;2024;4;Apr;Q2;16;CNC Lathe;2;17;16;1;6024;22776;28800;620;791;833;941;1;588;9412
16/04/2024;2024;4;Apr;Q2;16;CNC Lathe;2;16;16;0;3944;24856;28800;735;863;852;1000;1;0;1000
17/04/2024;2024;4;Apr;Q2;16;CNC Lathe;2;14;13;1;3418;25382;28800;657;881;803;929;1;714;9286
18/04/2024;2024;4;Apr;Q2;16;CNC Lathe;2;11;11;0;4417;24383;28800;793;847;936;1000;1;0;1000
19/04/2024;2024;4;Apr;Q2;16;CNC Lathe;2;14;14;0;3534;25266;28800;716;877;816;1000;1;0;1000
20/04/2024;2024;4;Apr;Q2;16;CNC Lathe;2;18;17;1;5458;23342;28800;630;810;823;944;1;556;9444
21/04/2024;2024;4;Apr;Q2;16;CNC Lathe;2;11;10;1;3971;24829;28800;661;862;843;909;1;909;9091
22/04/2024;2024;4;Apr;Q2;17;CNC Lathe;2;12;11;1;3734;25066;28800;720;870;902;917;1;833;9167
23/04/2024;2024;4;Apr;Q2;17;CNC Lathe;2;15;12;3;3813;24987;28800;596;868;858;800;1;200;800
24/04/2024;2024;4;Apr;Q2;17;CNC Lathe;2;12;10;2;4815;23985;28800;566;833;816;833;1;1667;8333
25/04/2024;2024;4;Apr;Q2;17;CNC Lathe;2;13;12;1;4077;24723;28800;714;858;901;923;1;769;9231
26/04/2024;2024;4;Apr;Q2;17;CNC Lathe;2;14;13;1;3670;25130;28800;716;873;883;929;1;714;9286
27/04/2024;2024;4;Apr;Q2;17;CNC Lathe;2;11;10;1;5612;23188;28800;642;805;876;909;1;909;9091
28/04/2024;2024;4;Apr;Q2;17;CNC Lathe;2;12;10;2;3489;25311;28800;646;879;883;833;1;1667;8333
29/04/2024;2024;4;Apr;Q2;18;CNC Lathe;2;17;17;0;4240;24560;28800;802;853;940;1000;1;0;1000
30/04/2024;2024;4;Apr;Q2;18;CNC Lathe;2;11;11;0;4759;24041;28800;779;835;933;1000;1;0;1000
01/05/2024;2024;5;May;Q2;18;CNC Lathe;2;11;9;2;2836;25964;28800;615;902;834;818;1;1818;8182
02/05/2024;2024;5;May;Q2;18;CNC Lathe;2;13;12;1;4614;24186;28800;708;840;914;923;1;769;9231
03/05/2024;2024;5;May;Q2;18;CNC Lathe;2;17;17;0;3322;25478;28800;771;885;871;1000;1;0;1000
04/05/2024;2024;5;May;Q2;18;CNC Lathe;2;14;13;1;4903;23897;28800;674;830;875;929;1;714;9286
05/05/2024;2024;5;May;Q2;18;CNC Lathe;2;14;11;3;3399;25401;28800;554;882;800;786;1;2143;7857
06/05/2024;2024;5;May;Q2;19;CNC Lathe;2;15;12;3;4793;24007;28800;568;834;852;800;1;200;800
07/05/2024;2024;5;May;Q2;19;CNC Lathe;2;10;9;1;5141;23659;28800;614;821;830;900;1;100;900
08/05/2024;2024;5;May;Q2;19;CNC Lathe;2;16;15;1;4935;23865;28800;689;829;886;938;1;625;9375
09/05/2024;2024;5;May;Q2;19;CNC Lathe;2;16;14;2;4422;24378;28800;663;846;895;875;1;125;875
10/05/2024;2024;5;May;Q2;19;CNC Lathe;2;14;10;4;4015;24785;28800;484;861;787;714;1;2857;7143
11/05/2024;2024;5;May;Q2;19;CNC Lathe;2;18;13;5;3725;25075;28800;539;871;857;722;1;2778;7222
12/05/2024;2024;5;May;Q2;19;CNC Lathe;2;12;12;0;5448;23352;28800;727;811;897;1000;1;0;1000
13/05/2024;2024;5;May;Q2;20;CNC Lathe;2;18;15;3;3621;25179;28800;620;874;852;833;1;1667;8333
14/05/2024;2024;5;May;Q2;20;CNC Lathe;2;15;14;1;3337;25463;28800;729;884;883;933;1;667;9333
15/05/2024;2024;5;May;Q2;20;CNC Lathe;2;14;13;1;4770;24030;28800;674;834;870;929;1;714;9286
16/05/2024;2024;5;May;Q2;20;CNC Lathe;2;15;13;2;3540;25260;28800;661;877;870;867;1;1333;8667
17/05/2024;2024;5;May;Q2;20;CNC Lathe;2;15;14;1;3410;25390;28800;698;882;849;933;1;667;9333
18/05/2024;2024;5;May;Q2;20;CNC Lathe;2;18;14;4;2994;25806;28800;569;896;816;778;1;2222;7778
19/05/2024;2024;5;May;Q2;20;CNC Lathe;2;12;12;0;3803;24997;28800;711;868;820;1000;1;0;1000
20/05/2024;2024;5;May;Q2;21;CNC Lathe;2;13;12;1;4140;24660;28800;697;856;882;923;1;769;9231
21/05/2024;2024;5;May;Q2;21;CNC Lathe;2;18;14;4;4415;24385;28800;565;847;859;778;1;2222;7778
22/05/2024;2024;5;May;Q2;21;CNC Lathe;2;13;10;3;5011;23789;28800;542;826;853;769;1;2308;7692
23/05/2024;2024;5;May;Q2;21;CNC Lathe;2;17;16;1;4654;24146;28800;666;838;843;941;1;588;9412
24/05/2024;2024;5;May;Q2;21;CNC Lathe;2;20;18;2;4049;24751;28800;656;859;848;900;1;100;900
25/05/2024;2024;5;May;Q2;21;CNC Lathe;2;14;12;2;4043;24757;28800;659;860;894;857;1;1429;8571
26/05/2024;2024;5;May;Q2;21;CNC Lathe;2;17;16;1;4639;24161;28800;668;839;846;941;1;588;9412
27/05/2024;2024;5;May;Q2;22;CNC Lathe;2;12;9;3;5281;23519;28800;497;817;812;750;1;250;750
28/05/2024;2024;5;May;Q2;22;CNC Lathe;2;17;13;4;4316;24484;28800;574;850;884;765;1;2353;7647
29/05/2024;2024;5;May;Q2;22;CNC Lathe;2;16;15;1;3815;24985;28800;692;868;851;938;1;625;9375
30/05/2024;2024;5;May;Q2;22;CNC Lathe;2;16;16;0;3374;25426;28800;758;883;859;1000;1;0;1000
31/05/2024;2024;5;May;Q2;22;CNC Lathe;2;13;13;0;2993;25807;28800;818;896;913;1000;1;0;1000
01/06/2024;2024;6;Jun;Q2;22;CNC Lathe;2;11;8;3;4771;24029;28800;520;834;857;727;1;2727;7273
02/06/2024;2024;6;Jun;Q2;22;CNC Lathe;2;16;15;1;4697;24103;28800;681;837;868;938;1;625;9375
03/06/2024;2024;6;Jun;Q2;23;CNC Lathe;2;9;8;1;4696;24104;28800;608;837;818;889;1;1111;8889
04/06/2024;2024;6;Jun;Q2;23;CNC Lathe;2;14;13;1;4102;24698;28800;677;858;850;929;1;714;9286
05/06/2024;2024;6;Jun;Q2;23;CNC Lathe;2;18;16;2;5395;23405;28800;635;813;879;889;1;1111;8889
06/06/2024;2024;6;Jun;Q2;23;CNC Lathe;2;16;16;0;3802;24998;28800;698;868;805;1000;1;0;1000
07/06/2024;2024;6;Jun;Q2;23;CNC Lathe;2;20;19;1;5014;23786;28800;679;826;865;950;1;50;950
08/06/2024;2024;6;Jun;Q2;23;CNC Lathe;2;18;14;4;4177;24623;28800;573;855;861;778;1;2222;7778
09/06/2024;2024;6;Jun;Q2;23;CNC Lathe;2;13;10;3;3698;25102;28800;576;872;859;769;1;2308;7692
10/06/2024;2024;6;Jun;Q2;24;CNC Lathe;2;15;13;2;4709;24091;28800;648;836;894;867;1;1333;8667
11/06/2024;2024;6;Jun;Q2;24;CNC Lathe;2;15;15;0;4555;24245;28800;732;842;869;1000;1;0;1000
12/06/2024;2024;6;Jun;Q2;24;CNC Lathe;2;11;10;1;4510;24290;28800;697;843;909;909;1;909;9091
13/06/2024;2024;6;Jun;Q2;24;CNC Lathe;2;12;11;1;4278;24522;28800;643;851;824;917;1;833;9167
14/06/2024;2024;6;Jun;Q2;24;CNC Lathe;2;13;12;1;4178;24622;28800;681;855;863;923;1;769;9231
15/06/2024;2024;6;Jun;Q2;24;CNC Lathe;2;9;7;2;6221;22579;28800;525;784;861;778;1;2222;7778
16/06/2024;2024;6;Jun;Q2;24;CNC Lathe;2;15;13;2;5207;23593;28800;583;819;821;867;1;1333;8667
17/06/2024;2024;6;Jun;Q2;25;CNC Lathe;2;14;14;0;4819;23981;28800;742;833;891;1000;1;0;1000
18/06/2024;2024;6;Jun;Q2;25;CNC Lathe;2;10;8;2;4304;24496;28800;638;851;938;800;1;200;800
19/06/2024;2024;6;Jun;Q2;25;CNC Lathe;2;16;12;4;5058;23742;28800;530;824;857;750;1;250;750
20/06/2024;2024;6;Jun;Q2;25;CNC Lathe;2;17;17;0;4646;24154;28800;734;839;875;1000;1;0;1000
21/06/2024;2024;6;Jun;Q2;25;CNC Lathe;2;16;14;2;4232;24568;28800;643;853;861;875;1;125;875
22/06/2024;2024;6;Jun;Q2;25;CNC Lathe;2;14;13;1;3954;24846;28800;668;863;834;929;1;714;9286
23/06/2024;2024;6;Jun;Q2;25;CNC Lathe;2;17;16;1;4142;24658;28800;641;856;796;941;1;588;9412
24/06/2024;2024;6;Jun;Q2;26;CNC Lathe;2;17;16;1;1540;27260;28800;743;947;834;941;1;588;9412
25/06/2024;2024;6;Jun;Q2;26;CNC Lathe;2;16;14;2;4387;24413;28800;601;848;810;875;1;125;875
26/06/2024;2024;6;Jun;Q2;26;CNC Lathe;2;13;10;3;3799;25001;28800;612;868;916;769;1;2308;7692
27/06/2024;2024;6;Jun;Q2;26;CNC Lathe;2;16;14;2;5551;23249;28800;603;807;854;875;1;125;875
28/06/2024;2024;6;Jun;Q2;26;CNC Lathe;2;18;18;0;4226;24574;28800;722;853;846;1000;1;0;1000
29/06/2024;2024;6;Jun;Q2;26;CNC Lathe;2;13;11;2;3209;25591;28800;668;889;889;846;1;1538;8462
30/06/2024;2024;6;Jun;Q2;26;CNC Lathe;2;21;19;2;4168;24632;28800;634;855;820;905;1;952;9048
01/07/2024;2024;7;Jul;Q3;27;CNC Lathe;2;14;11;3;3329;25471;28800;578;884;832;786;1;2143;7857
02/07/2024;2024;7;Jul;Q3;27;CNC Lathe;2;15;14;1;4609;24191;28800;674;840;860;933;1;667;9333
03/07/2024;2024;7;Jul;Q3;27;CNC Lathe;2;13;13;0;4455;24345;28800;755;845;893;1000;1;0;1000
04/07/2024;2024;7;Jul;Q3;27;CNC Lathe;2;16;15;1;5016;23784;28800;678;826;875;938;1;625;9375
05/07/2024;2024;7;Jul;Q3;27;CNC Lathe;2;10;8;2;3544;25256;28800;608;877;867;800;1;200;800
06/07/2024;2024;7;Jul;Q3;27;CNC Lathe;2;14;13;1;4239;24561;28800;682;853;861;929;1;714;9286
07/07/2024;2024;7;Jul;Q3;27;CNC Lathe;2;12;10;2;3061;25739;28800;649;894;872;833;1;1667;8333
08/07/2024;2024;7;Jul;Q3;28;CNC Lathe;2;15;14;1;4801;23999;28800;673;833;865;933;1;667;9333
09/07/2024;2024;7;Jul;Q3;28;CNC Lathe;2;18;17;1;4647;24153;28800;652;839;823;944;1;556;9444
10/07/2024;2024;7;Jul;Q3;28;CNC Lathe;2;17;15;2;4627;24173;28800;637;839;860;882;1;1176;8824
11/07/2024;2024;7;Jul;Q3;28;CNC Lathe;2;9;6;3;4211;24589;28800;467;854;821;667;1;3333;6667
12/07/2024;2024;7;Jul;Q3;28;CNC Lathe;2;21;17;4;4559;24241;28800;587;842;861;810;1;1905;8095
13/07/2024;2024;7;Jul;Q3;28;CNC Lathe;2;16;15;1;5561;23239;28800;637;807;842;938;1;625;9375
14/07/2024;2024;7;Jul;Q3;28;CNC Lathe;2;13;12;1;3970;24830;28800;752;862;945;923;1;769;9231
15/07/2024;2024;7;Jul;Q3;29;CNC Lathe;2;15;15;0;4327;24473;28800;728;850;857;1000;1;0;1000
16/07/2024;2024;7;Jul;Q3;29;CNC Lathe;2;15;14;1;3295;25505;28800;669;886;810;933;1;667;9333
17/07/2024;2024;7;Jul;Q3;29;CNC Lathe;2;13;12;1;3479;25321;28800;693;879;853;923;1;769;9231
18/07/2024;2024;7;Jul;Q3;29;CNC Lathe;2;16;13;3;4292;24508;28800;606;851;876;812;1;1875;8125
19/07/2024;2024;7;Jul;Q3;29;CNC Lathe;2;13;10;3;5139;23661;28800;579;822;915;769;1;2308;7692
20/07/2024;2024;7;Jul;Q3;29;CNC Lathe;2;14;13;1;3994;24806;28800;670;861;838;929;1;714;9286
21/07/2024;2024;7;Jul;Q3;29;CNC Lathe;2;13;12;1;4011;24789;28800;639;861;804;923;1;769;9231
22/07/2024;2024;7;Jul;Q3;30;CNC Lathe;2;11;9;2;3867;24933;28800;628;866;886;818;1;1818;8182
23/07/2024;2024;7;Jul;Q3;30;CNC Lathe;2;15;12;3;3760;25040;28800;564;869;811;800;1;200;800
24/07/2024;2024;7;Jul;Q3;30;CNC Lathe;2;17;17;0;4458;24342;28800;713;845;843;1000;1;0;1000
25/07/2024;2024;7;Jul;Q3;30;CNC Lathe;2;16;15;1;2949;25851;28800;715;898;849;938;1;625;9375
26/07/2024;2024;7;Jul;Q3;30;CNC Lathe;2;17;16;1;5288;23512;28800;657;816;856;941;1;588;9412
27/07/2024;2024;7;Jul;Q3;30;CNC Lathe;2;16;15;1;3650;25150;28800;722;873;882;938;1;625;9375
28/07/2024;2024;7;Jul;Q3;30;CNC Lathe;2;14;14;0;4818;23982;28800;695;833;835;1000;1;0;1000
29/07/2024;2024;7;Jul;Q3;31;CNC Lathe;2;17;17;0;3141;25659;28800;756;891;849;1000;1;0;1000
30/07/2024;2024;7;Jul;Q3;31;CNC Lathe;2;11;10;1;4773;24027;28800;650;834;858;909;1;909;9091
31/07/2024;2024;7;Jul;Q3;31;CNC Lathe;2;13;12;1;4776;24024;28800;665;834;863;923;1;769;9231
01/08/2024;2024;8;Aug;Q3;31;CNC Lathe;2;12;12;0;4533;24267;28800;726;843;861;1000;1;0;1000
02/08/2024;2024;8;Aug;Q3;31;CNC Lathe;2;18;17;1;3373;25427;28800;728;883;873;944;1;556;9444
03/08/2024;2024;8;Aug;Q3;31;CNC Lathe;2;18;15;3;4420;24380;28800;626;847;887;833;1;1667;8333
04/08/2024;2024;8;Aug;Q3;31;CNC Lathe;2;16;13;3;3214;25586;28800;629;888;871;812;1;1875;8125
05/08/2024;2024;8;Aug;Q3;32;CNC Lathe;2;18;16;2;3997;24803;28800;669;861;874;889;1;1111;8889
06/08/2024;2024;8;Aug;Q3;32;CNC Lathe;2;13;12;1;5077;23723;28800;611;824;804;923;1;769;9231
07/08/2024;2024;8;Aug;Q3;32;CNC Lathe;2;16;12;4;4881;23919;28800;536;831;860;750;1;250;750
08/08/2024;2024;8;Aug;Q3;32;CNC Lathe;2;15;14;1;4223;24577;28800;696;853;874;933;1;667;9333
09/08/2024;2024;8;Aug;Q3;32;CNC Lathe;2;17;16;1;3389;25411;28800;733;882;883;941;1;588;9412
10/08/2024;2024;8;Aug;Q3;32;CNC Lathe;2;15;14;1;4753;24047;28800;650;835;834;933;1;667;9333
11/08/2024;2024;8;Aug;Q3;32;CNC Lathe;2;14;14;0;4226;24574;28800;713;853;835;1000;1;0;1000
12/08/2024;2024;8;Aug;Q3;33;CNC Lathe;2;16;15;1;2256;26544;28800;724;922;838;938;1;625;9375
13/08/2024;2024;8;Aug;Q3;33;CNC Lathe;2;17;13;4;4869;23931;28800;557;831;876;765;1;2353;7647
14/08/2024;2024;8;Aug;Q3;33;CNC Lathe;2;13;11;2;4190;24610;28800;646;855;893;846;1;1538;8462
15/08/2024;2024;8;Aug;Q3;33;CNC Lathe;2;15;14;1;5222;23578;28800;645;819;844;933;1;667;9333
16/08/2024;2024;8;Aug;Q3;33;CNC Lathe;2;12;9;3;3288;25512;28800;591;886;889;750;1;250;750
17/08/2024;2024;8;Aug;Q3;33;CNC Lathe;2;8;8;0;1535;27265;28800;816;947;862;1000;1;0;1000
18/08/2024;2024;8;Aug;Q3;33;CNC Lathe;2;16;15;1;4445;24355;28800;677;846;854;938;1;625;9375
19/08/2024;2024;8;Aug;Q3;34;CNC Lathe;2;17;15;2;4455;24345;28800;635;845;851;882;1;1176;8824
20/08/2024;2024;8;Aug;Q3;34;CNC Lathe;2;16;14;2;2786;26014;28800;698;903;884;875;1;125;875
21/08/2024;2024;8;Aug;Q3;34;CNC Lathe;2;10;10;0;3386;25414;28800;767;882;869;1000;1;0;1000
22/08/2024;2024;8;Aug;Q3;34;CNC Lathe;2;14;13;1;6530;22270;28800;672;773;936;929;1;714;9286
23/08/2024;2024;8;Aug;Q3;34;CNC Lathe;2;9;8;1;3953;24847;28800;636;863;829;889;1;1111;8889
24/08/2024;2024;8;Aug;Q3;34;CNC Lathe;2;19;16;3;4825;23975;28800;614;832;876;842;1;1579;8421
25/08/2024;2024;8;Aug;Q3;34;CNC Lathe;2;12;10;2;3662;25138;28800;611;873;840;833;1;1667;8333
26/08/2024;2024;8;Aug;Q3;35;CNC Lathe;2;18;17;1;2450;26350;28800;716;915;828;944;1;556;9444
27/08/2024;2024;8;Aug;Q3;35;CNC Lathe;2;18;18;0;4067;24733;28800;737;859;858;1000;1;0;1000
28/08/2024;2024;8;Aug;Q3;35;CNC Lathe;2;13;12;1;3986;24814;28800;686;862;863;923;1;769;9231
29/08/2024;2024;8;Aug;Q3;35;CNC Lathe;2;12;12;0;3873;24927;28800;829;866;958;1000;1;0;1000
30/08/2024;2024;8;Aug;Q3;35;CNC Lathe;2;16;12;4;4113;24687;28800;548;857;852;750;1;250;750
31/08/2024;2024;8;Aug;Q3;35;CNC Lathe;2;13;12;1;4432;24368;28800;640;846;819;923;1;769;9231
01/09/2024;2024;9;Sep;Q3;35;CNC Lathe;2;15;14;1;4084;24716;28800;695;858;867;933;1;667;9333
02/09/2024;2024;9;Sep;Q3;36;CNC Lathe;2;14;12;2;3146;25654;28800;601;891;787;857;1;1429;8571
03/09/2024;2024;9;Sep;Q3;36;CNC Lathe;2;10;9;1;4619;24181;28800;646;840;855;900;1;100;900
04/09/2024;2024;9;Sep;Q3;36;CNC Lathe;2;9;9;0;2569;26231;28800;782;911;859;1000;1;0;1000
05/09/2024;2024;9;Sep;Q3;36;CNC Lathe;2;16;13;3;2484;26316;28800;657;914;885;812;1;1875;8125
06/09/2024;2024;9;Sep;Q3;36;CNC Lathe;2;13;10;3;4832;23968;28800;571;832;891;769;1;2308;7692
07/09/2024;2024;9;Sep;Q3;36;CNC Lathe;2;14;12;2;4637;24163;28800;605;839;841;857;1;1429;8571
08/09/2024;2024;9;Sep;Q3;36;CNC Lathe;2;17;17;0;4162;24638;28800;730;855;853;1000;1;0;1000
09/09/2024;2024;9;Sep;Q3;37;CNC Lathe;2;18;16;2;3035;25765;28800;661;895;832;889;1;1111;8889
10/09/2024;2024;9;Sep;Q3;37;CNC Lathe;2;14;12;2;3614;25186;28800;614;875;819;857;1;1429;8571
11/09/2024;2024;9;Sep;Q3;37;CNC Lathe;2;14;14;0;3989;24811;28800;748;861;869;1000;1;0;1000
12/09/2024;2024;9;Sep;Q3;37;CNC Lathe;2;16;15;1;2866;25934;28800;687;900;814;938;1;625;9375
13/09/2024;2024;9;Sep;Q3;37;CNC Lathe;2;11;9;2;3588;25212;28800;604;875;844;818;1;1818;8182
14/09/2024;2024;9;Sep;Q3;37;CNC Lathe;2;16;16;0;4759;24041;28800;688;835;824;1000;1;0;1000
15/09/2024;2024;9;Sep;Q3;37;CNC Lathe;2;16;14;2;5412;23388;28800;623;812;877;875;1;125;875
16/09/2024;2024;9;Sep;Q3;38;CNC Lathe;2;17;15;2;3857;24943;28800;703;866;920;882;1;1176;8824
17/09/2024;2024;9;Sep;Q3;38;CNC Lathe;2;10;9;1;4847;23953;28800;609;832;813;900;1;100;900
18/09/2024;2024;9;Sep;Q3;38;CNC Lathe;2;13;13;0;2598;26202;28800;723;910;794;1000;1;0;1000
19/09/2024;2024;9;Sep;Q3;38;CNC Lathe;2;13;11;2;4765;24035;28800;603;835;854;846;1;1538;8462
20/09/2024;2024;9;Sep;Q3;38;CNC Lathe;2;15;14;1;3533;25267;28800;703;877;859;933;1;667;9333
21/09/2024;2024;9;Sep;Q3;38;CNC Lathe;2;16;14;2;4469;24331;28800;640;845;866;875;1;125;875
22/09/2024;2024;9;Sep;Q3;38;CNC Lathe;2;19;16;3;4001;24799;28800;611;861;843;842;1;1579;8421
23/09/2024;2024;9;Sep;Q3;39;CNC Lathe;2;14;12;2;5322;23478;28800;595;815;851;857;1;1429;8571
24/09/2024;2024;9;Sep;Q3;39;CNC Lathe;2;14;10;4;3474;25326;28800;547;879;871;714;1;2857;7143
25/09/2024;2024;9;Sep;Q3;39;CNC Lathe;2;18;16;2;4738;24062;28800;664;835;894;889;1;1111;8889
26/09/2024;2024;9;Sep;Q3;39;CNC Lathe;2;16;15;1;3975;24825;28800;639;862;791;938;1;625;9375
27/09/2024;2024;9;Sep;Q3;39;CNC Lathe;2;18;14;4;4077;24723;28800;564;858;845;778;1;2222;7778
28/09/2024;2024;9;Sep;Q3;39;CNC Lathe;2;16;14;2;4055;24745;28800;651;859;865;875;1;125;875
29/09/2024;2024;9;Sep;Q3;39;CNC Lathe;2;12;11;1;3498;25302;28800;666;879;826;917;1;833;9167
30/09/2024;2024;9;Sep;Q3;40;CNC Lathe;2;11;11;0;4198;24602;28800;784;854;917;1000;1;0;1000
01/10/2024;2024;10;Oct;Q4;40;CNC Lathe;2;11;9;2;4157;24643;28800;585;856;836;818;1;1818;8182
02/10/2024;2024;10;Oct;Q4;40;CNC Lathe;2;17;16;1;4413;24387;28800;683;847;857;941;1;588;9412
03/10/2024;2024;10;Oct;Q4;40;CNC Lathe;2;18;16;2;4281;24519;28800;664;851;877;889;1;1111;8889
04/10/2024;2024;10;Oct;Q4;40;CNC Lathe;2;20;18;2;4882;23918;28800;626;830;838;900;1;100;900
05/10/2024;2024;10;Oct;Q4;40;CNC Lathe;2;17;16;1;4987;23813;28800;618;827;795;941;1;588;9412
06/10/2024;2024;10;Oct;Q4;40;CNC Lathe;2;18;16;2;3325;25475;28800;663;885;843;889;1;1111;8889
07/10/2024;2024;10;Oct;Q4;41;CNC Lathe;2;13;13;0;4941;23859;28800;740;828;893;1000;1;0;1000
08/10/2024;2024;10;Oct;Q4;41;CNC Lathe;2;12;11;1;3211;25589;28800;689;889;846;917;1;833;9167
09/10/2024;2024;10;Oct;Q4;41;CNC Lathe;2;17;15;2;4705;24095;28800;612;837;829;882;1;1176;8824
10/10/2024;2024;10;Oct;Q4;41;CNC Lathe;2;16;15;1;4732;24068;28800;697;836;890;938;1;625;9375
11/10/2024;2024;10;Oct;Q4;41;CNC Lathe;2;15;13;2;2601;26199;28800;667;910;847;867;1;1333;8667
12/10/2024;2024;10;Oct;Q4;41;CNC Lathe;2;16;13;3;4288;24512;28800;581;851;840;812;1;1875;8125
13/10/2024;2024;10;Oct;Q4;41;CNC Lathe;2;16;13;3;3815;24985;28800;608;868;863;812;1;1875;8125
14/10/2024;2024;10;Oct;Q4;42;CNC Lathe;2;18;18;0;3571;25229;28800;775;876;884;1000;1;0;1000
15/10/2024;2024;10;Oct;Q4;42;CNC Lathe;2;18;17;1;5347;23453;28800;723;814;940;944;1;556;9444
16/10/2024;2024;10;Oct;Q4;42;CNC Lathe;2;16;14;2;3660;25140;28800;677;873;886;875;1;125;875
17/10/2024;2024;10;Oct;Q4;42;CNC Lathe;2;17;13;4;3531;25269;28800;602;877;898;765;1;2353;7647
18/10/2024;2024;10;Oct;Q4;42;CNC Lathe;2;16;13;3;4274;24526;28800;582;852;841;812;1;1875;8125
19/10/2024;2024;10;Oct;Q4;42;CNC Lathe;2;14;11;3;4787;24013;28800;539;834;823;786;1;2143;7857
20/10/2024;2024;10;Oct;Q4;42;CNC Lathe;2;17;16;1;4091;24709;28800;695;858;860;941;1;588;9412
21/10/2024;2024;10;Oct;Q4;43;CNC Lathe;2;11;10;1;5192;23608;28800;642;820;862;909;1;909;9091
22/10/2024;2024;10;Oct;Q4;43;CNC Lathe;2;18;16;2;4657;24143;28800;612;838;821;889;1;1111;8889
23/10/2024;2024;10;Oct;Q4;43;CNC Lathe;2;12;12;0;2376;26424;28800;782;918;852;1000;1;0;1000
24/10/2024;2024;10;Oct;Q4;43;CNC Lathe;2;16;16;0;3764;25036;28800;758;869;872;1000;1;0;1000
25/10/2024;2024;10;Oct;Q4;43;CNC Lathe;2;13;10;3;3737;25063;28800;583;870;870;769;1;2308;7692
26/10/2024;2024;10;Oct;Q4;43;CNC Lathe;2;16;15;1;4614;24186;28800;689;840;875;938;1;625;9375
27/10/2024;2024;10;Oct;Q4;43;CNC Lathe;2;15;14;1;2000;26800;28800;754;931;868;933;1;667;9333
28/10/2024;2024;10;Oct;Q4;44;CNC Lathe;2;11;11;0;6356;22444;28800;655;779;841;1000;1;0;1000
29/10/2024;2024;10;Oct;Q4;44;CNC Lathe;2;16;12;4;4657;24143;28800;528;838;840;750;1;250;750
30/10/2024;2024;10;Oct;Q4;44;CNC Lathe;2;13;12;1;4335;24465;28800;641;849;817;923;1;769;9231
31/10/2024;2024;10;Oct;Q4;44;CNC Lathe;2;17;15;2;5205;23595;28800;665;819;919;882;1;1176;8824
01/11/2024;2024;11;Nov;Q4;44;CNC Lathe;2;15;12;3;6183;22617;28800;539;785;858;800;1;200;800
02/11/2024;2024;11;Nov;Q4;44;CNC Lathe;2;16;15;1;4943;23857;28800;660;828;850;938;1;625;9375
03/11/2024;2024;11;Nov;Q4;44;CNC Lathe;2;12;11;1;5009;23791;28800;626;826;826;917;1;833;9167
04/11/2024;2024;11;Nov;Q4;45;CNC Lathe;2;13;13;0;4320;24480;28800;815;850;959;1000;1;0;1000
05/11/2024;2024;11;Nov;Q4;45;CNC Lathe;2;14;14;0;4091;24709;28800;705;858;821;1000;1;0;1000
06/11/2024;2024;11;Nov;Q4;45;CNC Lathe;2;17;14;3;3809;24991;28800;603;868;843;824;1;1765;8235
07/11/2024;2024;11;Nov;Q4;45;CNC Lathe;2;20;17;3;3514;25286;28800;651;878;872;850;1;150;850
08/11/2024;2024;11;Nov;Q4;45;CNC Lathe;2;13;12;1;3631;25169;28800;709;874;879;923;1;769;9231
09/11/2024;2024;11;Nov;Q4;45;CNC Lathe;2;18;17;1;3073;25727;28800;752;893;891;944;1;556;9444
10/11/2024;2024;11;Nov;Q4;45;CNC Lathe;2;9;8;1;4146;24654;28800;700;856;920;889;1;1111;8889
11/11/2024;2024;11;Nov;Q4;46;CNC Lathe;2;12;12;0;2791;26009;28800;791;903;875;1000;1;0;1000
12/11/2024;2024;11;Nov;Q4;46;CNC Lathe;2;12;12;0;4371;24429;28800;697;848;822;1000;1;0;1000
13/11/2024;2024;11;Nov;Q4;46;CNC Lathe;2;11;11;0;4179;24621;28800;726;855;849;1000;1;0;1000
14/11/2024;2024;11;Nov;Q4;46;CNC Lathe;2;11;11;0;4334;24466;28800;738;850;869;1000;1;0;1000
15/11/2024;2024;11;Nov;Q4;46;CNC Lathe;2;16;13;3;3770;25030;28800;656;869;929;812;1;1875;8125
16/11/2024;2024;11;Nov;Q4;46;CNC Lathe;2;14;13;1;6801;21999;28800;575;764;810;929;1;714;9286
17/11/2024;2024;11;Nov;Q4;46;CNC Lathe;2;16;15;1;5355;23445;28800;686;814;899;938;1;625;9375
18/11/2024;2024;11;Nov;Q4;47;CNC Lathe;2;17;15;2;3162;25638;28800;679;890;864;882;1;1176;8824
19/11/2024;2024;11;Nov;Q4;47;CNC Lathe;2;16;13;3;4406;24394;28800;610;847;887;812;1;1875;8125
20/11/2024;2024;11;Nov;Q4;47;CNC Lathe;2;17;16;1;3698;25102;28800;701;872;854;941;1;588;9412
21/11/2024;2024;11;Nov;Q4;47;CNC Lathe;2;15;15;0;3356;25444;28800;732;883;829;1000;1;0;1000
22/11/2024;2024;11;Nov;Q4;47;CNC Lathe;2;12;11;1;3082;25718;28800;723;893;884;917;1;833;9167
23/11/2024;2024;11;Nov;Q4;47;CNC Lathe;2;18;15;3;4574;24226;28800;617;841;880;833;1;1667;8333
24/11/2024;2024;11;Nov;Q4;47;CNC Lathe;2;13;12;1;3636;25164;28800;719;874;891;923;1;769;9231
25/11/2024;2024;11;Nov;Q4;48;CNC Lathe;2;12;10;2;5025;23775;28800;590;826;858;833;1;1667;8333
26/11/2024;2024;11;Nov;Q4;48;CNC Lathe;2;15;11;4;5047;23753;28800;506;825;837;733;1;2667;7333
27/11/2024;2024;11;Nov;Q4;48;CNC Lathe;2;13;11;2;5367;23433;28800;554;814;805;846;1;1538;8462
28/11/2024;2024;11;Nov;Q4;48;CNC Lathe;2;14;12;2;3492;25308;28800;667;879;886;857;1;1429;8571
29/11/2024;2024;11;Nov;Q4;48;CNC Lathe;2;16;14;2;4610;24190;28800;641;840;873;875;1;125;875
30/11/2024;2024;11;Nov;Q4;48;CNC Lathe;2;16;16;0;4742;24058;28800;689;835;825;1000;1;0;1000
01/12/2024;2024;12;Dec;Q4;48;CNC Lathe;2;13;9;4;3811;24989;28800;504;868;840;692;1;3077;6923
02/12/2024;2024;12;Dec;Q4;49;CNC Lathe;2;14;13;1;3560;25240;28800;685;876;842;929;1;714;9286
03/12/2024;2024;12;Dec;Q4;49;CNC Lathe;2;18;17;1;5565;23235;28800;615;807;807;944;1;556;9444
04/12/2024;2024;12;Dec;Q4;49;CNC Lathe;2;16;14;2;4401;24399;28800;615;847;830;875;1;125;875
05/12/2024;2024;12;Dec;Q4;49;CNC Lathe;2;21;20;1;4745;24055;28800;652;835;819;952;1;476;9524
06/12/2024;2024;12;Dec;Q4;49;CNC Lathe;2;18;16;2;3518;25282;28800;658;878;844;889;1;1111;8889
07/12/2024;2024;12;Dec;Q4;49;CNC Lathe;2;18;16;2;3183;25617;28800;658;889;833;889;1;1111;8889
08/12/2024;2024;12;Dec;Q4;49;CNC Lathe;2;11;10;1;3730;25070;28800;635;870;802;909;1;909;9091
09/12/2024;2024;12;Dec;Q4;50;CNC Lathe;2;17;14;3;4105;24695;28800;655;857;927;824;1;1765;8235
10/12/2024;2024;12;Dec;Q4;50;CNC Lathe;2;15;14;1;3314;25486;28800;744;885;901;933;1;667;9333
11/12/2024;2024;12;Dec;Q4;50;CNC Lathe;2;14;13;1;4202;24598;28800;659;854;831;929;1;714;9286
12/12/2024;2024;12;Dec;Q4;50;CNC Lathe;2;15;13;2;2788;26012;28800;679;903;867;867;1;1333;8667
13/12/2024;2024;12;Dec;Q4;50;CNC Lathe;2;18;16;2;3267;25533;28800;687;887;872;889;1;1111;8889
14/12/2024;2024;12;Dec;Q4;50;CNC Lathe;2;16;13;3;4775;24025;28800;609;834;899;812;1;1875;8125
15/12/2024;2024;12;Dec;Q4;50;CNC Lathe;2;13;12;1;4718;24082;28800;641;836;830;923;1;769;9231
16/12/2024;2024;12;Dec;Q4;51;CNC Lathe;2;17;15;2;3880;24920;28800;684;865;895;882;1;1176;8824
17/12/2024;2024;12;Dec;Q4;51;CNC Lathe;2;13;13;0;3353;25447;28800;741;884;839;1000;1;0;1000
18/12/2024;2024;12;Dec;Q4;51;CNC Lathe;2;16;12;4;3345;25455;28800;538;884;812;750;1;250;750
19/12/2024;2024;12;Dec;Q4;51;CNC Lathe;2;14;13;1;3896;24904;28800;709;865;883;929;1;714;9286
20/12/2024;2024;12;Dec;Q4;51;CNC Lathe;2;14;12;2;4753;24047;28800;646;835;902;857;1;1429;8571
21/12/2024;2024;12;Dec;Q4;51;CNC Lathe;2;17;17;0;4991;23809;28800;783;827;947;1000;1;0;1000
22/12/2024;2024;12;Dec;Q4;51;CNC Lathe;2;12;12;0;3792;25008;28800;709;868;817;1000;1;0;1000
23/12/2024;2024;12;Dec;Q4;52;CNC Lathe;2;20;18;2;3239;25561;28800;705;888;882;900;1;100;900
24/12/2024;2024;12;Dec;Q4;52;CNC Lathe;2;10;8;2;4435;24365;28800;571;846;844;800;1;200;800
25/12/2024;2024;12;Dec;Q4;52;CNC Lathe;2;13;12;1;3517;25283;28800;717;878;885;923;1;769;9231
26/12/2024;2024;12;Dec;Q4;52;CNC Lathe;2;16;12;4;3774;25026;28800;526;869;808;750;1;250;750
27/12/2024;2024;12;Dec;Q4;52;CNC Lathe;2;17;15;2;5326;23474;28800;586;815;815;882;1;1176;8824
28/12/2024;2024;12;Dec;Q4;52;CNC Lathe;2;15;14;1;4906;23894;28800;644;830;831;933;1;667;9333
29/12/2024;2024;12;Dec;Q4;52;CNC Lathe;2;15;15;0;4343;24457;28800;731;849;861;1000;1;0;1000
30/12/2024;2024;12;Dec;Q4;1;CNC Lathe;2;16;13;3;3139;25661;28800;605;891;836;812;1;1875;8125
31/12/2024;2024;12;Dec;Q4;1;CNC Lathe;2;14;13;1;4388;24412;28800;693;848;881;929;1;714;9286
01/01/2023;2023;1;Jan;Q1;52;CNC Milling;3;15;11;4;4834;23966;28800;494;832;810;733;1;2667;7333
02/01/2023;2023;1;Jan;Q1;1;CNC Milling;3;17;13;4;3608;25192;28800;584;875;873;765;1;2353;7647
03/01/2023;2023;1;Jan;Q1;1;CNC Milling;3;18;17;1;3761;25039;28800;672;869;818;944;1;556;9444
04/01/2023;2023;1;Jan;Q1;1;CNC Milling;3;17;14;3;4565;24235;28800;562;841;811;824;1;1765;8235
05/01/2023;2023;1;Jan;Q1;1;CNC Milling;3;16;10;6;2403;26397;28800;480;917;838;625;1;375;625
06/01/2023;2023;1;Jan;Q1;1;CNC Milling;3;12;11;1;5970;22830;28800;603;793;830;917;1;833;9167
07/01/2023;2023;1;Jan;Q1;1;CNC Milling;3;15;14;1;4868;23932;28800;653;831;842;933;1;667;9333
08/01/2023;2023;1;Jan;Q1;1;CNC Milling;3;14;13;1;5571;23229;28800;600;807;801;929;1;714;9286
09/01/2023;2023;1;Jan;Q1;2;CNC Milling;3;14;13;1;3059;25741;28800;733;894;883;929;1;714;9286
10/01/2023;2023;1;Jan;Q1;2;CNC Milling;3;14;14;0;5587;23213;28800;716;806;888;1000;1;0;1000
11/01/2023;2023;1;Jan;Q1;2;CNC Milling;3;12;12;0;6470;22330;28800;608;775;784;1000;1;0;1000
12/01/2023;2023;1;Jan;Q1;2;CNC Milling;3;10;10;0;3292;25508;28800;782;886;883;1000;1;0;1000
13/01/2023;2023;1;Jan;Q1;2;CNC Milling;3;13;12;1;5163;23637;28800;623;821;822;923;1;769;9231
14/01/2023;2023;1;Jan;Q1;2;CNC Milling;3;16;15;1;4474;24326;28800;696;845;879;938;1;625;9375
15/01/2023;2023;1;Jan;Q1;2;CNC Milling;3;11;9;2;3092;25708;28800;619;893;848;818;1;1818;8182
16/01/2023;2023;1;Jan;Q1;3;CNC Milling;3;15;13;2;4914;23886;28800;612;829;851;867;1;1333;8667
17/01/2023;2023;1;Jan;Q1;3;CNC Milling;3;20;20;0;5219;23581;28800;691;819;844;1000;1;0;1000
18/01/2023;2023;1;Jan;Q1;3;CNC Milling;3;18;16;2;3935;24865;28800;684;863;891;889;1;1111;8889
19/01/2023;2023;1;Jan;Q1;3;CNC Milling;3;20;17;3;5516;23284;28800;555;808;808;850;1;150;850
20/01/2023;2023;1;Jan;Q1;3;CNC Milling;3;16;12;4;2982;25818;28800;585;896;871;750;1;250;750
21/01/2023;2023;1;Jan;Q1;3;CNC Milling;3;18;18;0;3136;25664;28800;791;891;887;1000;1;0;1000
22/01/2023;2023;1;Jan;Q1;3;CNC Milling;3;13;12;1;4595;24205;28800;678;840;874;923;1;769;9231
23/01/2023;2023;1;Jan;Q1;4;CNC Milling;3;13;10;3;4496;24304;28800;603;844;929;769;1;2308;7692
24/01/2023;2023;1;Jan;Q1;4;CNC Milling;3;8;6;2;3832;24968;28800;541;867;832;750;1;250;750
25/01/2023;2023;1;Jan;Q1;4;CNC Milling;3;18;15;3;5198;23602;28800;603;820;883;833;1;1667;8333
26/01/2023;2023;1;Jan;Q1;4;CNC Milling;3;19;16;3;4948;23852;28800;590;828;846;842;1;1579;8421
27/01/2023;2023;1;Jan;Q1;4;CNC Milling;3;14;14;0;5241;23559;28800;730;818;892;1000;1;0;1000
28/01/2023;2023;1;Jan;Q1;4;CNC Milling;3;14;13;1;4363;24437;28800;670;849;850;929;1;714;9286
29/01/2023;2023;1;Jan;Q1;4;CNC Milling;3;13;12;1;5012;23788;28800;638;826;837;923;1;769;9231
30/01/2023;2023;1;Jan;Q1;5;CNC Milling;3;16;15;1;4075;24725;28800;720;859;894;938;1;625;9375
31/01/2023;2023;1;Jan;Q1;5;CNC Milling;3;18;15;3;6311;22489;28800;542;781;833;833;1;1667;8333
01/02/2023;2023;2;Feb;Q1;5;CNC Milling;3;10;10;0;3746;25054;28800;698;870;802;1000;1;0;1000
02/02/2023;2023;2;Feb;Q1;5;CNC Milling;3;16;14;2;6357;22443;28800;568;779;832;875;1;125;875
03/02/2023;2023;2;Feb;Q1;5;CNC Milling;3;14;11;3;4504;24296;28800;577;844;871;786;1;2143;7857
04/02/2023;2023;2;Feb;Q1;5;CNC Milling;3;15;14;1;3243;25557;28800;743;887;897;933;1;667;9333
05/02/2023;2023;2;Feb;Q1;5;CNC Milling;3;16;11;5;5697;23103;28800;471;802;854;688;1;3125;6875
06/02/2023;2023;2;Feb;Q1;6;CNC Milling;3;15;10;5;4586;24214;28800;502;841;895;667;1;3333;6667
07/02/2023;2023;2;Feb;Q1;6;CNC Milling;3;15;13;2;5235;23565;28800;570;818;804;867;1;1333;8667
08/02/2023;2023;2;Feb;Q1;6;CNC Milling;3;15;15;0;5568;23232;28800;674;807;835;1000;1;0;1000
09/02/2023;2023;2;Feb;Q1;6;CNC Milling;3;18;17;1;4776;24024;28800;662;834;840;944;1;556;9444
10/02/2023;2023;2;Feb;Q1;6;CNC Milling;3;16;15;1;3943;24857;28800;685;863;846;938;1;625;9375
11/02/2023;2023;2;Feb;Q1;6;CNC Milling;3;16;15;1;5346;23454;28800;651;814;853;938;1;625;9375
12/02/2023;2023;2;Feb;Q1;6;CNC Milling;3;12;11;1;4474;24326;28800;676;845;873;917;1;833;9167
13/02/2023;2023;2;Feb;Q1;7;CNC Milling;3;14;10;4;5087;23713;28800;491;823;835;714;1;2857;7143
14/02/2023;2023;2;Feb;Q1;7;CNC Milling;3;18;17;1;2546;26254;28800;736;912;855;944;1;556;9444
15/02/2023;2023;2;Feb;Q1;7;CNC Milling;3;15;13;2;4873;23927;28800;611;831;848;867;1;1333;8667
16/02/2023;2023;2;Feb;Q1;7;CNC Milling;3;17;17;0;3902;24898;28800;708;865;819;1000;1;0;1000
17/02/2023;2023;2;Feb;Q1;7;CNC Milling;3;20;18;2;5952;22848;28800;604;793;846;900;1;100;900
18/02/2023;2023;2;Feb;Q1;7;CNC Milling;3;18;14;4;5031;23769;28800;542;825;845;778;1;2222;7778
19/02/2023;2023;2;Feb;Q1;7;CNC Milling;3;15;14;1;4688;24112;28800;660;837;844;933;1;667;9333
20/02/2023;2023;2;Feb;Q1;8;CNC Milling;3;14;14;0;4908;23892;28800;706;830;851;1000;1;0;1000
21/02/2023;2023;2;Feb;Q1;8;CNC Milling;3;8;7;1;3580;25220;28800;653;876;853;875;1;125;875
22/02/2023;2023;2;Feb;Q1;8;CNC Milling;3;15;13;2;5925;22875;28800;575;794;835;867;1;1333;8667
23/02/2023;2023;2;Feb;Q1;8;CNC Milling;3;14;12;2;6255;22545;28800;599;783;893;857;1;1429;8571
24/02/2023;2023;2;Feb;Q1;8;CNC Milling;3;16;15;1;4825;23975;28800;632;832;810;938;1;625;9375
25/02/2023;2023;2;Feb;Q1;8;CNC Milling;3;15;14;1;5896;22904;28800;613;795;825;933;1;667;9333
26/02/2023;2023;2;Feb;Q1;8;CNC Milling;3;14;10;4;3964;24836;28800;582;862;945;714;1;2857;7143
27/02/2023;2023;2;Feb;Q1;9;CNC Milling;3;10;7;3;3760;25040;28800;496;869;815;700;1;300;700
28/02/2023;2023;2;Feb;Q1;9;CNC Milling;3;13;12;1;4510;24290;28800;626;843;804;923;1;769;9231
01/03/2023;2023;3;Mar;Q1;9;CNC Milling;3;16;13;3;4862;23938;28800;591;831;875;812;1;1875;8125
02/03/2023;2023;3;Mar;Q1;9;CNC Milling;3;20;18;2;4121;24679;28800;601;857;779;900;1;100;900
03/03/2023;2023;3;Mar;Q1;9;CNC Milling;3;15;14;1;4954;23846;28800;651;828;842;933;1;667;9333
04/03/2023;2023;3;Mar;Q1;9;CNC Milling;3;16;15;1;4747;24053;28800;723;835;923;938;1;625;9375
05/03/2023;2023;3;Mar;Q1;9;CNC Milling;3;18;16;2;3580;25220;28800;621;876;797;889;1;1111;8889
06/03/2023;2023;3;Mar;Q1;10;CNC Milling;3;13;12;1;4937;23863;28800;599;829;783;923;1;769;9231
07/03/2023;2023;3;Mar;Q1;10;CNC Milling;3;16;16;0;5246;23554;28800;653;818;799;1000;1;0;1000
08/03/2023;2023;3;Mar;Q1;10;CNC Milling;3;13;12;1;4627;24173;28800;682;839;881;923;1;769;9231
09/03/2023;2023;3;Mar;Q1;10;CNC Milling;3;17;14;3;5504;23296;28800;592;809;888;824;1;1765;8235
10/03/2023;2023;3;Mar;Q1;10;CNC Milling;3;16;14;2;3384;25416;28800;643;882;833;875;1;125;875
11/03/2023;2023;3;Mar;Q1;10;CNC Milling;3;16;14;2;4892;23908;28800;634;830;873;875;1;125;875
12/03/2023;2023;3;Mar;Q1;10;CNC Milling;3;13;10;3;3426;25374;28800;608;881;897;769;1;2308;7692
13/03/2023;2023;3;Mar;Q1;11;CNC Milling;3;17;17;0;3477;25323;28800;801;879;911;1000;1;0;1000
14/03/2023;2023;3;Mar;Q1;11;CNC Milling;3;21;19;2;3909;24891;28800;658;864;842;905;1;952;9048
15/03/2023;2023;3;Mar;Q1;11;CNC Milling;3;12;10;2;3630;25170;28800;562;874;772;833;1;1667;8333
16/03/2023;2023;3;Mar;Q1;11;CNC Milling;3;14;12;2;3983;24817;28800;607;862;822;857;1;1429;8571
17/03/2023;2023;3;Mar;Q1;11;CNC Milling;3;16;15;1;4282;24518;28800;667;851;835;938;1;625;9375
18/03/2023;2023;3;Mar;Q1;11;CNC Milling;3;17;16;1;5222;23578;28800;648;819;841;941;1;588;9412
19/03/2023;2023;3;Mar;Q1;11;CNC Milling;3;14;11;3;4186;24614;28800;566;855;844;786;1;2143;7857
20/03/2023;2023;3;Mar;Q1;12;CNC Milling;3;7;6;1;3055;25745;28800;680;894;888;857;1;1429;8571
21/03/2023;2023;3;Mar;Q1;12;CNC Milling;3;19;15;4;5493;23307;28800;571;809;893;789;1;2105;7895
22/03/2023;2023;3;Mar;Q1;12;CNC Milling;3;17;15;2;3724;25076;28800;649;871;844;882;1;1176;8824
23/03/2023;2023;3;Mar;Q1;12;CNC Milling;3;10;9;1;4421;24379;28800;676;846;887;900;1;100;900
24/03/2023;2023;3;Mar;Q1;12;CNC Milling;3;13;11;2;4873;23927;28800;606;831;862;846;1;1538;8462
25/03/2023;2023;3;Mar;Q1;12;CNC Milling;3;19;16;3;4652;24148;28800;602;838;852;842;1;1579;8421
26/03/2023;2023;3;Mar;Q1;12;CNC Milling;3;19;17;2;5452;23348;28800;639;811;881;895;1;1053;8947
27/03/2023;2023;3;Mar;Q1;13;CNC Milling;3;18;16;2;4902;23898;28800;629;830;852;889;1;1111;8889
28/03/2023;2023;3;Mar;Q1;13;CNC Milling;3;15;12;3;3703;25097;28800;641;871;920;800;1;200;800
29/03/2023;2023;3;Mar;Q1;13;CNC Milling;3;15;14;1;6422;22378;28800;581;777;801;933;1;667;9333
30/03/2023;2023;3;Mar;Q1;13;CNC Milling;3;15;14;1;4647;24153;28800;652;839;832;933;1;667;9333
31/03/2023;2023;3;Mar;Q1;13;CNC Milling;3;18;18;0;4341;24459;28800;718;849;846;1000;1;0;1000
01/04/2023;2023;4;Apr;Q2;13;CNC Milling;3;13;10;3;5336;23464;28800;542;815;865;769;1;2308;7692
02/04/2023;2023;4;Apr;Q2;13;CNC Milling;3;13;13;0;4696;24104;28800;747;837;893;1000;1;0;1000
03/04/2023;2023;4;Apr;Q2;14;CNC Milling;3;18;16;2;4830;23970;28800;628;832;849;889;1;1111;8889
04/04/2023;2023;4;Apr;Q2;14;CNC Milling;3;15;14;1;6703;22097;28800;574;767;802;933;1;667;9333
05/04/2023;2023;4;Apr;Q2;14;CNC Milling;3;19;17;2;4227;24573;28800;671;853;879;895;1;1053;8947
06/04/2023;2023;4;Apr;Q2;14;CNC Milling;3;13;11;2;4189;24611;28800;633;855;876;846;1;1538;8462
07/04/2023;2023;4;Apr;Q2;14;CNC Milling;3;15;15;0;4578;24222;28800;659;841;784;1000;1;0;1000
08/04/2023;2023;4;Apr;Q2;14;CNC Milling;3;13;11;2;5432;23368;28800;583;811;850;846;1;1538;8462
09/04/2023;2023;4;Apr;Q2;14;CNC Milling;3;15;13;2;3125;25675;28800;615;891;796;867;1;1333;8667
10/04/2023;2023;4;Apr;Q2;15;CNC Milling;3;11;9;2;2715;26085;28800;613;906;827;818;1;1818;8182
11/04/2023;2023;4;Apr;Q2;15;CNC Milling;3;14;14;0;3948;24852;28800;707;863;819;1000;1;0;1000
12/04/2023;2023;4;Apr;Q2;15;CNC Milling;3;11;8;3;3011;25789;28800;571;895;878;727;1;2727;7273
13/04/2023;2023;4;Apr;Q2;15;CNC Milling;3;17;15;2;4093;24707;28800;646;858;854;882;1;1176;8824
14/04/2023;2023;4;Apr;Q2;15;CNC Milling;3;17;14;3;4923;23877;28800;551;829;806;824;1;1765;8235
15/04/2023;2023;4;Apr;Q2;15;CNC Milling;3;10;9;1;3676;25124;28800;691;872;880;900;1;100;900
16/04/2023;2023;4;Apr;Q2;15;CNC Milling;3;19;17;2;3197;25603;28800;637;889;801;895;1;1053;8947
17/04/2023;2023;4;Apr;Q2;16;CNC Milling;3;22;17;5;4535;24265;28800;561;843;861;773;1;2273;7727
18/04/2023;2023;4;Apr;Q2;16;CNC Milling;3;15;12;3;5245;23555;28800;538;818;822;800;1;200;800
19/04/2023;2023;4;Apr;Q2;16;CNC Milling;3;13;12;1;2957;25843;28800;694;897;838;923;1;769;9231
20/04/2023;2023;4;Apr;Q2;16;CNC Milling;3;23;21;2;5207;23593;28800;649;819;867;913;1;87;913
21/04/2023;2023;4;Apr;Q2;16;CNC Milling;3;12;11;1;5204;23596;28800;652;819;868;917;1;833;9167
22/04/2023;2023;4;Apr;Q2;16;CNC Milling;3;15;14;1;5327;23473;28800;681;815;895;933;1;667;9333
23/04/2023;2023;4;Apr;Q2;16;CNC Milling;3;16;15;1;5563;23237;28800;641;807;847;938;1;625;9375
24/04/2023;2023;4;Apr;Q2;17;CNC Milling;3;19;18;1;6443;22357;28800;633;776;860;947;1;526;9474
25/04/2023;2023;4;Apr;Q2;17;CNC Milling;3;16;13;3;4155;24645;28800;581;856;835;812;1;1875;8125
26/04/2023;2023;4;Apr;Q2;17;CNC Milling;3;14;14;0;4571;24229;28800;720;841;856;1000;1;0;1000
27/04/2023;2023;4;Apr;Q2;17;CNC Milling;3;13;11;2;4101;24699;28800;628;858;865;846;1;1538;8462
28/04/2023;2023;4;Apr;Q2;17;CNC Milling;3;14;14;0;4475;24325;28800;715;845;847;1000;1;0;1000
29/04/2023;2023;4;Apr;Q2;17;CNC Milling;3;12;11;1;5845;22955;28800;576;797;789;917;1;833;9167
30/04/2023;2023;4;Apr;Q2;17;CNC Milling;3;15;15;0;3270;25530;28800;763;886;861;1000;1;0;1000
01/05/2023;2023;5;May;Q2;18;CNC Milling;3;14;13;1;3703;25097;28800;698;871;862;929;1;714;9286
02/05/2023;2023;5;May;Q2;18;CNC Milling;3;11;9;2;5705;23095;28800;543;802;827;818;1;1818;8182
03/05/2023;2023;5;May;Q2;18;CNC Milling;3;19;15;4;5386;23414;28800;518;813;806;789;1;2105;7895
04/05/2023;2023;5;May;Q2;18;CNC Milling;3;14;13;1;4148;24652;28800;715;856;900;929;1;714;9286
05/05/2023;2023;5;May;Q2;18;CNC Milling;3;12;11;1;5238;23562;28800;650;818;867;917;1;833;9167
06/05/2023;2023;5;May;Q2;18;CNC Milling;3;15;14;1;4778;24022;28800;656;834;842;933;1;667;9333
07/05/2023;2023;5;May;Q2;18;CNC Milling;3;15;12;3;5815;22985;28800;518;798;811;800;1;200;800
08/05/2023;2023;5;May;Q2;19;CNC Milling;3;10;8;2;4540;24260;28800;554;842;822;800;1;200;800
09/05/2023;2023;5;May;Q2;19;CNC Milling;3;16;14;2;5391;23409;28800;636;813;894;875;1;125;875
10/05/2023;2023;5;May;Q2;19;CNC Milling;3;12;10;2;6837;21963;28800;543;763;855;833;1;1667;8333
11/05/2023;2023;5;May;Q2;19;CNC Milling;3;20;16;4;5008;23792;28800;549;826;831;800;1;200;800
12/05/2023;2023;5;May;Q2;19;CNC Milling;3;17;17;0;4517;24283;28800;731;843;867;1000;1;0;1000
13/05/2023;2023;5;May;Q2;19;CNC Milling;3;14;13;1;5120;23680;28800;628;822;822;929;1;714;9286
14/05/2023;2023;5;May;Q2;19;CNC Milling;3;13;10;3;4146;24654;28800;593;856;901;769;1;2308;7692
15/05/2023;2023;5;May;Q2;20;CNC Milling;3;15;13;2;6610;22190;28800;598;770;896;867;1;1333;8667
16/05/2023;2023;5;May;Q2;20;CNC Milling;3;17;15;2;4634;24166;28800;618;839;834;882;1;1176;8824
17/05/2023;2023;5;May;Q2;20;CNC Milling;3;15;13;2;4229;24571;28800;613;853;829;867;1;1333;8667
18/05/2023;2023;5;May;Q2;20;CNC Milling;3;15;14;1;3726;25074;28800;618;871;761;933;1;667;9333
19/05/2023;2023;5;May;Q2;20;CNC Milling;3;15;13;2;5455;23345;28800;562;811;800;867;1;1333;8667
20/05/2023;2023;5;May;Q2;20;CNC Milling;3;13;11;2;5249;23551;28800;557;818;804;846;1;1538;8462
21/05/2023;2023;5;May;Q2;20;CNC Milling;3;14;13;1;4028;24772;28800;683;860;855;929;1;714;9286
22/05/2023;2023;5;May;Q2;21;CNC Milling;3;9;8;1;4989;23811;28800;617;827;839;889;1;1111;8889
23/05/2023;2023;5;May;Q2;21;CNC Milling;3;18;15;3;3124;25676;28800;598;892;804;833;1;1667;8333
24/05/2023;2023;5;May;Q2;21;CNC Milling;3;16;15;1;4639;24161;28800;661;839;840;938;1;625;9375
25/05/2023;2023;5;May;Q2;21;CNC Milling;3;13;12;1;4878;23922;28800;665;831;867;923;1;769;9231
26/05/2023;2023;5;May;Q2;21;CNC Milling;3;20;18;2;6001;22799;28800;618;792;868;900;1;100;900
27/05/2023;2023;5;May;Q2;21;CNC Milling;3;15;13;2;3784;25016;28800;591;869;785;867;1;1333;8667
28/05/2023;2023;5;May;Q2;21;CNC Milling;3;12;11;1;3330;25470;28800;686;884;846;917;1;833;9167
29/05/2023;2023;5;May;Q2;22;CNC Milling;3;17;15;2;3672;25128;28800;618;872;803;882;1;1176;8824
30/05/2023;2023;5;May;Q2;22;CNC Milling;3;16;13;3;3277;25523;28800;634;886;881;812;1;1875;8125
31/05/2023;2023;5;May;Q2;22;CNC Milling;3;16;15;1;5669;23131;28800;660;803;877;938;1;625;9375
01/06/2023;2023;6;Jun;Q2;22;CNC Milling;3;14;11;3;5859;22941;28800;513;797;819;786;1;2143;7857
02/06/2023;2023;6;Jun;Q2;22;CNC Milling;3;16;11;5;4760;24040;28800;473;835;824;688;1;3125;6875
03/06/2023;2023;6;Jun;Q2;22;CNC Milling;3;14;14;0;5566;23234;28800;673;807;834;1000;1;0;1000
04/06/2023;2023;6;Jun;Q2;22;CNC Milling;3;17;16;1;4593;24207;28800;612;841;773;941;1;588;9412
05/06/2023;2023;6;Jun;Q2;23;CNC Milling;3;10;7;3;4388;24412;28800;511;848;861;700;1;300;700
06/06/2023;2023;6;Jun;Q2;23;CNC Milling;3;14;10;4;4175;24625;28800;513;855;841;714;1;2857;7143
07/06/2023;2023;6;Jun;Q2;23;CNC Milling;3;20;19;1;4196;24604;28800;717;854;883;950;1;50;950
08/06/2023;2023;6;Jun;Q2;23;CNC Milling;3;13;13;0;3088;25712;28800;726;893;813;1000;1;0;1000
09/06/2023;2023;6;Jun;Q2;23;CNC Milling;3;13;13;0;4710;24090;28800;693;836;829;1000;1;0;1000
10/06/2023;2023;6;Jun;Q2;23;CNC Milling;3;14;9;5;4437;24363;28800;434;846;799;643;1;3571;6429
11/06/2023;2023;6;Jun;Q2;23;CNC Milling;3;12;12;0;5140;23660;28800;670;822;816;1000;1;0;1000
12/06/2023;2023;6;Jun;Q2;24;CNC Milling;3;9;8;1;4557;24243;28800;606;842;810;889;1;1111;8889
13/06/2023;2023;6;Jun;Q2;24;CNC Milling;3;15;12;3;4328;24472;28800;601;850;884;800;1;200;800
14/06/2023;2023;6;Jun;Q2;24;CNC Milling;3;16;16;0;3694;25106;28800;720;872;826;1000;1;0;1000
15/06/2023;2023;6;Jun;Q2;24;CNC Milling;3;15;13;2;4538;24262;28800;624;842;854;867;1;1333;8667
16/06/2023;2023;6;Jun;Q2;24;CNC Milling;3;15;14;1;5134;23666;28800;642;822;837;933;1;667;9333
17/06/2023;2023;6;Jun;Q2;24;CNC Milling;3;15;12;3;3450;25350;28800;568;880;807;800;1;200;800
18/06/2023;2023;6;Jun;Q2;24;CNC Milling;3;18;17;1;4551;24249;28800;671;842;844;944;1;556;9444
19/06/2023;2023;6;Jun;Q2;25;CNC Milling;3;15;13;2;4682;24118;28800;632;837;870;867;1;1333;8667
20/06/2023;2023;6;Jun;Q2;25;CNC Milling;3;14;12;2;3831;24969;28800;601;867;809;857;1;1429;8571
21/06/2023;2023;6;Jun;Q2;25;CNC Milling;3;14;13;1;3947;24853;28800;703;863;878;929;1;714;9286
22/06/2023;2023;6;Jun;Q2;25;CNC Milling;3;17;17;0;4680;24120;28800;688;838;821;1000;1;0;1000
23/06/2023;2023;6;Jun;Q2;25;CNC Milling;3;19;17;2;3459;25341;28800;656;880;834;895;1;1053;8947
24/06/2023;2023;6;Jun;Q2;25;CNC Milling;3;13;12;1;4786;24014;28800;668;834;868;923;1;769;9231
25/06/2023;2023;6;Jun;Q2;25;CNC Milling;3;15;12;3;3672;25128;28800;578;872;827;800;1;200;800
26/06/2023;2023;6;Jun;Q2;26;CNC Milling;3;16;13;3;5424;23376;28800;561;812;851;812;1;1875;8125
27/06/2023;2023;6;Jun;Q2;26;CNC Milling;3;12;11;1;6565;22235;28800;594;772;839;917;1;833;9167
28/06/2023;2023;6;Jun;Q2;26;CNC Milling;3;15;13;2;3703;25097;28800;645;871;854;867;1;1333;8667
29/06/2023;2023;6;Jun;Q2;26;CNC Milling;3;11;10;1;4951;23849;28800;579;828;769;909;1;909;9091
30/06/2023;2023;6;Jun;Q2;26;CNC Milling;3;10;8;2;3823;24977;28800;547;867;788;800;1;200;800
01/07/2023;2023;7;Jul;Q3;26;CNC Milling;3;16;15;1;5404;23396;28800;663;812;871;938;1;625;9375
02/07/2023;2023;7;Jul;Q3;26;CNC Milling;3;14;13;1;3341;25459;28800;727;884;885;929;1;714;9286
03/07/2023;2023;7;Jul;Q3;27;CNC Milling;3;16;15;1;4903;23897;28800;637;830;819;938;1;625;9375
04/07/2023;2023;7;Jul;Q3;27;CNC Milling;3;15;13;2;3692;25108;28800;636;872;842;867;1;1333;8667
05/07/2023;2023;7;Jul;Q3;27;CNC Milling;3;12;11;1;4288;24512;28800;671;851;860;917;1;833;9167
06/07/2023;2023;7;Jul;Q3;27;CNC Milling;3;15;14;1;3551;25249;28800;715;877;874;933;1;667;9333
07/07/2023;2023;7;Jul;Q3;27;CNC Milling;3;12;12;0;5209;23591;28800;640;819;781;1000;1;0;1000
08/07/2023;2023;7;Jul;Q3;27;CNC Milling;3;19;16;3;3724;25076;28800;601;871;820;842;1;1579;8421
09/07/2023;2023;7;Jul;Q3;27;CNC Milling;3;11;11;0;4967;23833;28800;694;828;839;1000;1;0;1000
10/07/2023;2023;7;Jul;Q3;28;CNC Milling;3;15;14;1;4165;24635;28800;698;855;874;933;1;667;9333
11/07/2023;2023;7;Jul;Q3;28;CNC Milling;3;12;11;1;4371;24429;28800;727;848;935;917;1;833;9167
12/07/2023;2023;7;Jul;Q3;28;CNC Milling;3;17;16;1;4605;24195;28800;666;840;842;941;1;588;9412
13/07/2023;2023;7;Jul;Q3;28;CNC Milling;3;14;12;2;3792;25008;28800;597;868;802;857;1;1429;8571
14/07/2023;2023;7;Jul;Q3;28;CNC Milling;3;14;13;1;4661;24139;28800;672;838;864;929;1;714;9286
15/07/2023;2023;7;Jul;Q3;28;CNC Milling;3;17;15;2;5842;22958;28800;629;797;895;882;1;1176;8824
16/07/2023;2023;7;Jul;Q3;28;CNC Milling;3;15;13;2;3777;25023;28800;643;869;854;867;1;1333;8667
17/07/2023;2023;7;Jul;Q3;29;CNC Milling;3;17;16;1;5522;23278;28800;623;808;819;941;1;588;9412
18/07/2023;2023;7;Jul;Q3;29;CNC Milling;3;12;12;0;5813;22987;28800;704;798;883;1000;1;0;1000
19/07/2023;2023;7;Jul;Q3;29;CNC Milling;3;11;9;2;3743;25057;28800;621;870;873;818;1;1818;8182
20/07/2023;2023;7;Jul;Q3;29;CNC Milling;3;15;14;1;3171;25629;28800;677;890;815;933;1;667;9333
21/07/2023;2023;7;Jul;Q3;29;CNC Milling;3;14;13;1;4743;24057;28800;669;835;863;929;1;714;9286
22/07/2023;2023;7;Jul;Q3;29;CNC Milling;3;17;17;0;3983;24817;28800;762;862;884;1000;1;0;1000
23/07/2023;2023;7;Jul;Q3;29;CNC Milling;3;15;13;2;6145;22655;28800;607;787;890;867;1;1333;8667
24/07/2023;2023;7;Jul;Q3;30;CNC Milling;3;16;14;2;4504;24296;28800;626;844;848;875;1;125;875
25/07/2023;2023;7;Jul;Q3;30;CNC Milling;3;11;10;1;3756;25044;28800;662;870;838;909;1;909;9091
26/07/2023;2023;7;Jul;Q3;30;CNC Milling;3;20;17;3;3447;25353;28800;667;880;892;850;1;150;850
27/07/2023;2023;7;Jul;Q3;30;CNC Milling;3;15;14;1;5448;23352;28800;612;811;809;933;1;667;9333
28/07/2023;2023;7;Jul;Q3;30;CNC Milling;3;17;16;1;3962;24838;28800;702;862;865;941;1;588;9412
29/07/2023;2023;7;Jul;Q3;30;CNC Milling;3;13;11;2;4512;24288;28800;573;843;803;846;1;1538;8462
30/07/2023;2023;7;Jul;Q3;30;CNC Milling;3;16;12;4;5328;23472;28800;542;815;886;750;1;250;750
31/07/2023;2023;7;Jul;Q3;31;CNC Milling;3;12;12;0;4040;24760;28800;723;860;841;1000;1;0;1000
01/08/2023;2023;8;Aug;Q3;31;CNC Milling;3;16;14;2;4432;24368;28800;661;846;893;875;1;125;875
02/08/2023;2023;8;Aug;Q3;31;CNC Milling;3;14;13;1;4458;24342;28800;680;845;867;929;1;714;9286
03/08/2023;2023;8;Aug;Q3;31;CNC Milling;3;15;15;0;5085;23715;28800;666;823;808;1000;1;0;1000
04/08/2023;2023;8;Aug;Q3;31;CNC Milling;3;17;16;1;5002;23798;28800;699;826;898;941;1;588;9412
05/08/2023;2023;8;Aug;Q3;31;CNC Milling;3;12;12;0;4276;24524;28800;769;852;903;1000;1;0;1000
06/08/2023;2023;8;Aug;Q3;31;CNC Milling;3;13;11;2;4530;24270;28800;627;843;880;846;1;1538;8462
07/08/2023;2023;8;Aug;Q3;32;CNC Milling;3;16;14;2;4141;24659;28800;617;856;824;875;1;125;875
08/08/2023;2023;8;Aug;Q3;32;CNC Milling;3;21;20;1;3151;25649;28800;712;891;840;952;1;476;9524
09/08/2023;2023;8;Aug;Q3;32;CNC Milling;3;15;15;0;4704;24096;28800;715;837;855;1000;1;0;1000
10/08/2023;2023;8;Aug;Q3;32;CNC Milling;3;17;14;3;6166;22634;28800;535;786;826;824;1;1765;8235
11/08/2023;2023;8;Aug;Q3;32;CNC Milling;3;15;14;1;3683;25117;28800;739;872;908;933;1;667;9333
12/08/2023;2023;8;Aug;Q3;32;CNC Milling;3;20;18;2;3782;25018;28800;668;869;855;900;1;100;900
13/08/2023;2023;8;Aug;Q3;32;CNC Milling;3;10;9;1;3694;25106;28800;595;872;758;900;1;100;900
14/08/2023;2023;8;Aug;Q3;33;CNC Milling;3;15;13;2;5121;23679;28800;614;822;862;867;1;1333;8667
15/08/2023;2023;8;Aug;Q3;33;CNC Milling;3;11;10;1;4874;23926;28800;633;831;838;909;1;909;9091
16/08/2023;2023;8;Aug;Q3;33;CNC Milling;3;8;8;0;4331;24469;28800;720;850;847;1000;1;0;1000
17/08/2023;2023;8;Aug;Q3;33;CNC Milling;3;16;15;1;3652;25148;28800;686;873;837;938;1;625;9375
18/08/2023;2023;8;Aug;Q3;33;CNC Milling;3;16;15;1;4556;24244;28800;692;842;877;938;1;625;9375
19/08/2023;2023;8;Aug;Q3;33;CNC Milling;3;14;13;1;3073;25727;28800;737;893;888;929;1;714;9286
20/08/2023;2023;8;Aug;Q3;33;CNC Milling;3;15;13;2;4602;24198;28800;626;840;860;867;1;1333;8667
21/08/2023;2023;8;Aug;Q3;34;CNC Milling;3;24;22;2;5253;23547;28800;628;818;838;917;1;833;9167
22/08/2023;2023;8;Aug;Q3;34;CNC Milling;3;14;14;0;3354;25446;28800;750;884;849;1000;1;0;1000
23/08/2023;2023;8;Aug;Q3;34;CNC Milling;3;17;15;2;3102;25698;28800;670;892;851;882;1;1176;8824
24/08/2023;2023;8;Aug;Q3;34;CNC Milling;3;13;11;2;5886;22914;28800;554;796;823;846;1;1538;8462
25/08/2023;2023;8;Aug;Q3;34;CNC Milling;3;16;12;4;3926;24874;28800;563;864;870;750;1;250;750
26/08/2023;2023;8;Aug;Q3;34;CNC Milling;3;14;12;2;5489;23311;28800;601;809;866;857;1;1429;8571
27/08/2023;2023;8;Aug;Q3;34;CNC Milling;3;14;13;1;4335;24465;28800;712;849;902;929;1;714;9286
28/08/2023;2023;8;Aug;Q3;35;CNC Milling;3;20;18;2;4328;24472;28800;683;850;893;900;1;100;900
29/08/2023;2023;8;Aug;Q3;35;CNC Milling;3;18;14;4;4865;23935;28800;534;831;827;778;1;2222;7778
30/08/2023;2023;8;Aug;Q3;35;CNC Milling;3;16;13;3;3682;25118;28800;622;872;878;812;1;1875;8125
31/08/2023;2023;8;Aug;Q3;35;CNC Milling;3;9;9;0;4592;24208;28800;687;841;818;1000;1;0;1000
01/09/2023;2023;9;Sep;Q3;35;CNC Milling;3;14;13;1;4132;24668;28800;695;857;874;929;1;714;9286
02/09/2023;2023;9;Sep;Q3;35;CNC Milling;3;23;21;2;3292;25508;28800;673;886;832;913;1;87;913
03/09/2023;2023;9;Sep;Q3;35;CNC Milling;3;15;13;2;4775;24025;28800;589;834;815;867;1;1333;8667
04/09/2023;2023;9;Sep;Q3;36;CNC Milling;3;18;15;3;4238;24562;28800;611;853;860;833;1;1667;8333
05/09/2023;2023;9;Sep;Q3;36;CNC Milling;3;19;17;2;4333;24467;28800;577;850;759;895;1;1053;8947
06/09/2023;2023;9;Sep;Q3;36;CNC Milling;3;16;16;0;3391;25409;28800;697;882;790;1000;1;0;1000
07/09/2023;2023;9;Sep;Q3;36;CNC Milling;3;13;11;2;5897;22903;28800;568;795;844;846;1;1538;8462
08/09/2023;2023;9;Sep;Q3;36;CNC Milling;3;9;7;2;5258;23542;28800;542;817;853;778;1;2222;7778
09/09/2023;2023;9;Sep;Q3;36;CNC Milling;3;17;16;1;5336;23464;28800;642;815;837;941;1;588;9412
10/09/2023;2023;9;Sep;Q3;36;CNC Milling;3;13;11;2;4200;24600;28800;576;854;796;846;1;1538;8462
11/09/2023;2023;9;Sep;Q3;37;CNC Milling;3;16;15;1;2926;25874;28800;692;898;822;938;1;625;9375
12/09/2023;2023;9;Sep;Q3;37;CNC Milling;3;12;9;3;6220;22580;28800;508;784;863;750;1;250;750
13/09/2023;2023;9;Sep;Q3;37;CNC Milling;3;14;11;3;4419;24381;28800;579;847;870;786;1;2143;7857
14/09/2023;2023;9;Sep;Q3;37;CNC Milling;3;15;13;2;3803;24997;28800;639;868;849;867;1;1333;8667
15/09/2023;2023;9;Sep;Q3;37;CNC Milling;3;16;14;2;4846;23954;28800;647;832;889;875;1;125;875
16/09/2023;2023;9;Sep;Q3;37;CNC Milling;3;12;9;3;5517;23283;28800;524;808;864;750;1;250;750
17/09/2023;2023;9;Sep;Q3;37;CNC Milling;3;18;16;2;4453;24347;28800;620;845;825;889;1;1111;8889
18/09/2023;2023;9;Sep;Q3;38;CNC Milling;3;14;13;1;5617;23183;28800;628;805;840;929;1;714;9286
19/09/2023;2023;9;Sep;Q3;38;CNC Milling;3;11;9;2;5442;23358;28800;532;811;802;818;1;1818;8182
20/09/2023;2023;9;Sep;Q3;38;CNC Milling;3;15;14;1;3510;25290;28800;694;878;846;933;1;667;9333
21/09/2023;2023;9;Sep;Q3;38;CNC Milling;3;15;14;1;3870;24930;28800;717;866;888;933;1;667;9333
22/09/2023;2023;9;Sep;Q3;38;CNC Milling;3;16;13;3;5330;23470;28800;578;815;873;812;1;1875;8125
23/09/2023;2023;9;Sep;Q3;38;CNC Milling;3;19;16;3;2046;26754;28800;702;929;898;842;1;1579;8421
24/09/2023;2023;9;Sep;Q3;38;CNC Milling;3;14;13;1;4340;24460;28800;662;849;840;929;1;714;9286
25/09/2023;2023;9;Sep;Q3;39;CNC Milling;3;15;14;1;3193;25607;28800;743;889;896;933;1;667;9333
26/09/2023;2023;9;Sep;Q3;39;CNC Milling;3;12;11;1;4047;24753;28800;664;859;843;917;1;833;9167
27/09/2023;2023;9;Sep;Q3;39;CNC Milling;3;17;16;1;4206;24594;28800;723;854;900;941;1;588;9412
28/09/2023;2023;9;Sep;Q3;39;CNC Milling;3;16;15;1;4153;24647;28800;681;856;849;938;1;625;9375
29/09/2023;2023;9;Sep;Q3;39;CNC Milling;3;14;12;2;3979;24821;28800;646;862;874;857;1;1429;8571
30/09/2023;2023;9;Sep;Q3;39;CNC Milling;3;10;10;0;3492;25308;28800;791;879;900;1000;1;0;1000
01/10/2023;2023;10;Oct;Q4;39;CNC Milling;3;19;17;2;6524;22276;28800;584;773;843;895;1;1053;8947
02/10/2023;2023;10;Oct;Q4;40;CNC Milling;3;12;11;1;6144;22656;28800;618;787;857;917;1;833;9167
03/10/2023;2023;10;Oct;Q4;40;CNC Milling;3;14;10;4;3434;25366;28800;562;881;894;714;1;2857;7143
04/10/2023;2023;10;Oct;Q4;40;CNC Milling;3;16;15;1;5889;22911;28800;631;796;845;938;1;625;9375
05/10/2023;2023;10;Oct;Q4;40;CNC Milling;3;12;12;0;4116;24684;28800;690;857;805;1000;1;0;1000
06/10/2023;2023;10;Oct;Q4;40;CNC Milling;3;11;11;0;4589;24211;28800;776;841;923;1000;1;0;1000
07/10/2023;2023;10;Oct;Q4;40;CNC Milling;3;9;8;1;4417;24383;28800;628;847;834;889;1;1111;8889
08/10/2023;2023;10;Oct;Q4;40;CNC Milling;3;17;15;2;3883;24917;28800;653;865;855;882;1;1176;8824
09/10/2023;2023;10;Oct;Q4;41;CNC Milling;3;14;13;1;5353;23447;28800;672;814;889;929;1;714;9286
10/10/2023;2023;10;Oct;Q4;41;CNC Milling;3;23;21;2;4586;24214;28800;637;841;829;913;1;87;913
11/10/2023;2023;10;Oct;Q4;41;CNC Milling;3;12;12;0;4047;24753;28800;701;859;816;1000;1;0;1000
12/10/2023;2023;10;Oct;Q4;41;CNC Milling;3;13;12;1;3306;25494;28800;702;885;859;923;1;769;9231
13/10/2023;2023;10;Oct;Q4;41;CNC Milling;3;14;13;1;3674;25126;28800;639;872;789;929;1;714;9286
14/10/2023;2023;10;Oct;Q4;41;CNC Milling;3;16;16;0;3005;25795;28800;753;896;840;1000;1;0;1000
15/10/2023;2023;10;Oct;Q4;41;CNC Milling;3;14;14;0;4484;24316;28800;725;844;858;1000;1;0;1000
16/10/2023;2023;10;Oct;Q4;42;CNC Milling;3;17;17;0;3403;25397;28800;741;882;841;1000;1;0;1000
17/10/2023;2023;10;Oct;Q4;42;CNC Milling;3;12;12;0;4236;24564;28800;680;853;798;1000;1;0;1000
18/10/2023;2023;10;Oct;Q4;42;CNC Milling;3;11;10;1;5699;23101;28800;659;802;904;909;1;909;9091
19/10/2023;2023;10;Oct;Q4;42;CNC Milling;3;10;10;0;5546;23254;28800;689;807;854;1000;1;0;1000
20/10/2023;2023;10;Oct;Q4;42;CNC Milling;3;9;9;0;4444;24356;28800;760;846;899;1000;1;0;1000
21/10/2023;2023;10;Oct;Q4;42;CNC Milling;3;14;14;0;4395;24405;28800;713;847;841;1000;1;0;1000
22/10/2023;2023;10;Oct;Q4;42;CNC Milling;3;14;10;4;6155;22645;28800;461;786;820;714;1;2857;7143
23/10/2023;2023;10;Oct;Q4;43;CNC Milling;3;13;10;3;4939;23861;28800;548;829;859;769;1;2308;7692
24/10/2023;2023;10;Oct;Q4;43;CNC Milling;3;19;18;1;4180;24620;28800;682;855;843;947;1;526;9474
25/10/2023;2023;10;Oct;Q4;43;CNC Milling;3;18;17;1;3197;25603;28800;680;889;810;944;1;556;9444
26/10/2023;2023;10;Oct;Q4;43;CNC Milling;3;14;13;1;4826;23974;28800;696;832;900;929;1;714;9286
27/10/2023;2023;10;Oct;Q4;43;CNC Milling;3;10;9;1;5215;23585;28800;611;819;829;900;1;100;900
28/10/2023;2023;10;Oct;Q4;43;CNC Milling;3;14;14;0;3908;24892;28800;681;864;787;1000;1;0;1000
29/10/2023;2023;10;Oct;Q4;43;CNC Milling;3;14;12;2;4734;24066;28800;641;836;895;857;1;1429;8571
30/10/2023;2023;10;Oct;Q4;44;CNC Milling;3;13;12;1;4148;24652;28800;658;856;833;923;1;769;9231
31/10/2023;2023;10;Oct;Q4;44;CNC Milling;3;13;10;3;4309;24491;28800;543;850;829;769;1;2308;7692
01/11/2023;2023;11;Nov;Q4;44;CNC Milling;3;13;13;0;2248;26552;28800;728;922;790;1000;1;0;1000
02/11/2023;2023;11;Nov;Q4;44;CNC Milling;3;14;11;3;4275;24525;28800;608;852;909;786;1;2143;7857
03/11/2023;2023;11;Nov;Q4;44;CNC Milling;3;13;11;2;5340;23460;28800;556;815;806;846;1;1538;8462
04/11/2023;2023;11;Nov;Q4;44;CNC Milling;3;16;16;0;3908;24892;28800;736;864;852;1000;1;0;1000
05/11/2023;2023;11;Nov;Q4;44;CNC Milling;3;16;15;1;4520;24280;28800;696;843;881;938;1;625;9375
06/11/2023;2023;11;Nov;Q4;45;CNC Milling;3;13;13;0;3797;25003;28800;750;868;864;1000;1;0;1000
07/11/2023;2023;11;Nov;Q4;45;CNC Milling;3;19;18;1;4796;24004;28800;670;833;848;947;1;526;9474
08/11/2023;2023;11;Nov;Q4;45;CNC Milling;3;12;11;1;4280;24520;28800;618;851;792;917;1;833;9167
09/11/2023;2023;11;Nov;Q4;45;CNC Milling;3;11;10;1;3633;25167;28800;653;874;822;909;1;909;9091
10/11/2023;2023;11;Nov;Q4;45;CNC Milling;3;16;15;1;5665;23135;28800;645;803;856;938;1;625;9375
11/11/2023;2023;11;Nov;Q4;45;CNC Milling;3;13;10;3;5304;23496;28800;517;816;823;769;1;2308;7692
12/11/2023;2023;11;Nov;Q4;45;CNC Milling;3;16;16;0;3932;24868;28800;740;863;857;1000;1;0;1000
13/11/2023;2023;11;Nov;Q4;46;CNC Milling;3;9;6;3;4919;23881;28800;483;829;873;667;1;3333;6667
14/11/2023;2023;11;Nov;Q4;46;CNC Milling;3;19;18;1;4954;23846;28800;692;828;883;947;1;526;9474
15/11/2023;2023;11;Nov;Q4;46;CNC Milling;3;17;14;3;5048;23752;28800;549;825;808;824;1;1765;8235
16/11/2023;2023;11;Nov;Q4;46;CNC Milling;3;11;10;1;2957;25843;28800;754;897;925;909;1;909;9091
17/11/2023;2023;11;Nov;Q4;46;CNC Milling;3;11;11;0;5374;23426;28800;713;813;876;1000;1;0;1000
18/11/2023;2023;11;Nov;Q4;46;CNC Milling;3;20;16;4;3964;24836;28800;586;862;850;800;1;200;800
19/11/2023;2023;11;Nov;Q4;46;CNC Milling;3;13;12;1;4153;24647;28800;701;856;887;923;1;769;9231
20/11/2023;2023;11;Nov;Q4;47;CNC Milling;3;13;11;2;6833;21967;28800;600;763;930;846;1;1538;8462
21/11/2023;2023;11;Nov;Q4;47;CNC Milling;3;9;8;1;4743;24057;28800;595;835;801;889;1;1111;8889
22/11/2023;2023;11;Nov;Q4;47;CNC Milling;3;14;13;1;4128;24672;28800;670;857;842;929;1;714;9286
23/11/2023;2023;11;Nov;Q4;47;CNC Milling;3;15;13;2;2500;26300;28800;609;913;769;867;1;1333;8667
24/11/2023;2023;11;Nov;Q4;47;CNC Milling;3;17;14;3;5717;23083;28800;565;801;857;824;1;1765;8235
25/11/2023;2023;11;Nov;Q4;47;CNC Milling;3;11;11;0;3270;25530;28800;765;886;862;1000;1;0;1000
26/11/2023;2023;11;Nov;Q4;47;CNC Milling;3;11;9;2;3576;25224;28800;608;876;849;818;1;1818;8182
27/11/2023;2023;11;Nov;Q4;48;CNC Milling;3;16;13;3;4177;24623;28800;575;855;828;812;1;1875;8125
28/11/2023;2023;11;Nov;Q4;48;CNC Milling;3;18;18;0;5740;23060;28800;625;801;780;1000;1;0;1000
29/11/2023;2023;11;Nov;Q4;48;CNC Milling;3;11;11;0;5165;23635;28800;708;821;863;1000;1;0;1000
30/11/2023;2023;11;Nov;Q4;48;CNC Milling;3;18;15;3;4332;24468;28800;637;850;899;833;1;1667;8333
01/12/2023;2023;12;Dec;Q4;48;CNC Milling;3;15;14;1;4749;24051;28800;647;835;830;933;1;667;9333
02/12/2023;2023;12;Dec;Q4;48;CNC Milling;3;18;16;2;3936;24864;28800;664;863;865;889;1;1111;8889
03/12/2023;2023;12;Dec;Q4;48;CNC Milling;3;15;15;0;4598;24202;28800;669;840;797;1000;1;0;1000
04/12/2023;2023;12;Dec;Q4;49;CNC Milling;3;8;7;1;4539;24261;28800;638;842;866;875;1;125;875
05/12/2023;2023;12;Dec;Q4;49;CNC Milling;3;15;15;0;5340;23460;28800;682;815;837;1000;1;0;1000
06/12/2023;2023;12;Dec;Q4;49;CNC Milling;3;18;16;2;5338;23462;28800;597;815;824;889;1;1111;8889
07/12/2023;2023;12;Dec;Q4;49;CNC Milling;3;13;11;2;4915;23885;28800;578;829;824;846;1;1538;8462
08/12/2023;2023;12;Dec;Q4;49;CNC Milling;3;14;13;1;4149;24651;28800;665;856;837;929;1;714;9286
09/12/2023;2023;12;Dec;Q4;49;CNC Milling;3;15;14;1;5137;23663;28800;662;822;863;933;1;667;9333
10/12/2023;2023;12;Dec;Q4;49;CNC Milling;3;7;4;3;4391;24409;28800;390;848;805;571;1;4286;5714
11/12/2023;2023;12;Dec;Q4;50;CNC Milling;3;20;17;3;3505;25295;28800;624;878;836;850;1;150;850
12/12/2023;2023;12;Dec;Q4;50;CNC Milling;3;13;10;3;4112;24688;28800;560;857;849;769;1;2308;7692
13/12/2023;2023;12;Dec;Q4;50;CNC Milling;3;17;16;1;4549;24251;28800;644;842;813;941;1;588;9412
14/12/2023;2023;12;Dec;Q4;50;CNC Milling;3;15;13;2;5288;23512;28800;645;816;911;867;1;1333;8667
15/12/2023;2023;12;Dec;Q4;50;CNC Milling;3;19;19;0;4309;24491;28800;698;850;821;1000;1;0;1000
16/12/2023;2023;12;Dec;Q4;50;CNC Milling;3;16;16;0;3391;25409;28800;730;882;827;1000;1;0;1000
17/12/2023;2023;12;Dec;Q4;50;CNC Milling;3;15;14;1;4524;24276;28800;643;843;817;933;1;667;9333
18/12/2023;2023;12;Dec;Q4;51;CNC Milling;3;13;12;1;4575;24225;28800;707;841;911;923;1;769;9231
19/12/2023;2023;12;Dec;Q4;51;CNC Milling;3;17;14;3;4639;24161;28800;600;839;869;824;1;1765;8235
20/12/2023;2023;12;Dec;Q4;51;CNC Milling;3;10;9;1;5296;23504;28800;601;816;818;900;1;100;900
21/12/2023;2023;12;Dec;Q4;51;CNC Milling;3;17;15;2;5385;23415;28800;637;813;888;882;1;1176;8824
22/12/2023;2023;12;Dec;Q4;51;CNC Milling;3;12;10;2;3942;24858;28800;616;863;857;833;1;1667;8333
23/12/2023;2023;12;Dec;Q4;51;CNC Milling;3;19;17;2;3922;24878;28800;664;864;859;895;1;1053;8947
24/12/2023;2023;12;Dec;Q4;51;CNC Milling;3;16;15;1;3543;25257;28800;689;877;838;938;1;625;9375
25/12/2023;2023;12;Dec;Q4;52;CNC Milling;3;17;15;2;5098;23702;28800;599;823;825;882;1;1176;8824
26/12/2023;2023;12;Dec;Q4;52;CNC Milling;3;15;14;1;5769;23031;28800;643;800;861;933;1;667;9333
27/12/2023;2023;12;Dec;Q4;52;CNC Milling;3;10;10;0;4191;24609;28800;710;854;831;1000;1;0;1000
28/12/2023;2023;12;Dec;Q4;52;CNC Milling;3;13;8;5;4257;24543;28800;478;852;912;615;1;3846;6154
29/12/2023;2023;12;Dec;Q4;52;CNC Milling;3;17;17;0;5785;23015;28800;645;799;807;1000;1;0;1000
30/12/2023;2023;12;Dec;Q4;52;CNC Milling;3;16;16;0;4926;23874;28800;748;829;902;1000;1;0;1000
31/12/2023;2023;12;Dec;Q4;52;CNC Milling;3;18;14;4;4863;23937;28800;547;831;846;778;1;2222;7778
01/01/2024;2024;1;Jan;Q1;1;CNC Milling;3;15;14;1;4656;24144;28800;650;838;831;933;1;667;9333
02/01/2024;2024;1;Jan;Q1;1;CNC Milling;3;17;15;2;4057;24743;28800;622;859;820;882;1;1176;8824
03/01/2024;2024;1;Jan;Q1;1;CNC Milling;3;11;11;0;4317;24483;28800;728;850;856;1000;1;0;1000
04/01/2024;2024;1;Jan;Q1;1;CNC Milling;3;12;10;2;3788;25012;28800;596;868;823;833;1;1667;8333
05/01/2024;2024;1;Jan;Q1;1;CNC Milling;3;10;8;2;3685;25115;28800;575;872;824;800;1;200;800
06/01/2024;2024;1;Jan;Q1;1;CNC Milling;3;12;8;4;6725;22075;28800;427;766;835;667;1;3333;6667
07/01/2024;2024;1;Jan;Q1;1;CNC Milling;3;11;11;0;5010;23790;28800;742;826;898;1000;1;0;1000
08/01/2024;2024;1;Jan;Q1;2;CNC Milling;3;19;19;0;6136;22664;28800;681;787;866;1000;1;0;1000
09/01/2024;2024;1;Jan;Q1;2;CNC Milling;3;13;12;1;3991;24809;28800;691;861;869;923;1;769;9231
10/01/2024;2024;1;Jan;Q1;2;CNC Milling;3;16;14;2;3557;25243;28800;687;876;896;875;1;125;875
11/01/2024;2024;1;Jan;Q1;2;CNC Milling;3;15;12;3;3817;24983;28800;605;867;872;800;1;200;800
12/01/2024;2024;1;Jan;Q1;2;CNC Milling;3;14;13;1;4344;24456;28800;634;849;804;929;1;714;9286
13/01/2024;2024;1;Jan;Q1;2;CNC Milling;3;13;12;1;4780;24020;28800;671;834;872;923;1;769;9231
14/01/2024;2024;1;Jan;Q1;2;CNC Milling;3;16;14;2;4602;24198;28800;644;840;876;875;1;125;875
15/01/2024;2024;1;Jan;Q1;3;CNC Milling;3;15;14;1;4011;24789;28800;694;861;864;933;1;667;9333
16/01/2024;2024;1;Jan;Q1;3;CNC Milling;3;15;12;3;4828;23972;28800;556;832;835;800;1;200;800
17/01/2024;2024;1;Jan;Q1;3;CNC Milling;3;13;12;1;4911;23889;28800;659;829;860;923;1;769;9231
18/01/2024;2024;1;Jan;Q1;3;CNC Milling;3;13;11;2;5411;23389;28800;578;812;841;846;1;1538;8462
19/01/2024;2024;1;Jan;Q1;3;CNC Milling;3;16;14;2;6140;22660;28800;557;787;809;875;1;125;875
20/01/2024;2024;1;Jan;Q1;3;CNC Milling;3;15;12;3;4400;24400;28800;554;847;817;800;1;200;800
21/01/2024;2024;1;Jan;Q1;3;CNC Milling;3;15;14;1;5898;22902;28800;643;795;866;933;1;667;9333
22/01/2024;2024;1;Jan;Q1;4;CNC Milling;3;13;10;3;4807;23993;28800;520;833;811;769;1;2308;7692
23/01/2024;2024;1;Jan;Q1;4;CNC Milling;3;20;19;1;3295;25505;28800;685;886;815;950;1;50;950
24/01/2024;2024;1;Jan;Q1;4;CNC Milling;3;13;12;1;6437;22363;28800;622;776;867;923;1;769;9231
25/01/2024;2024;1;Jan;Q1;4;CNC Milling;3;14;13;1;6901;21899;28800;598;760;847;929;1;714;9286
26/01/2024;2024;1;Jan;Q1;4;CNC Milling;3;14;13;1;5332;23468;28800;652;815;861;929;1;714;9286
27/01/2024;2024;1;Jan;Q1;4;CNC Milling;3;20;18;2;4830;23970;28800;600;832;801;900;1;100;900
28/01/2024;2024;1;Jan;Q1;4;CNC Milling;3;14;13;1;4487;24313;28800;675;844;861;929;1;714;9286
29/01/2024;2024;1;Jan;Q1;5;CNC Milling;3;13;9;4;4305;24495;28800;483;851;820;692;1;3077;6923
30/01/2024;2024;1;Jan;Q1;5;CNC Milling;3;15;15;0;5894;22906;28800;642;795;808;1000;1;0;1000
31/01/2024;2024;1;Jan;Q1;5;CNC Milling;3;13;11;2;4728;24072;28800;583;836;825;846;1;1538;8462
01/02/2024;2024;2;Feb;Q1;5;CNC Milling;3;15;10;5;6333;22467;28800;462;780;888;667;1;3333;6667
02/02/2024;2024;2;Feb;Q1;5;CNC Milling;3;21;21;0;4778;24022;28800;692;834;830;1000;1;0;1000
03/02/2024;2024;2;Feb;Q1;5;CNC Milling;3;15;13;2;4354;24446;28800;674;849;916;867;1;1333;8667
04/02/2024;2024;2;Feb;Q1;5;CNC Milling;3;15;14;1;4174;24626;28800;617;855;773;933;1;667;9333
05/02/2024;2024;2;Feb;Q1;6;CNC Milling;3;13;13;0;4039;24761;28800;679;860;790;1000;1;0;1000
06/02/2024;2024;2;Feb;Q1;6;CNC Milling;3;19;17;2;5233;23567;28800;649;818;887;895;1;1053;8947
07/02/2024;2024;2;Feb;Q1;6;CNC Milling;3;20;15;5;3516;25284;28800;589;878;895;750;1;250;750
08/02/2024;2024;2;Feb;Q1;6;CNC Milling;3;17;17;0;3968;24832;28800;701;862;813;1000;1;0;1000
09/02/2024;2024;2;Feb;Q1;6;CNC Milling;3;16;14;2;6002;22798;28800;585;792;844;875;1;125;875
10/02/2024;2024;2;Feb;Q1;6;CNC Milling;3;14;13;1;3839;24961;28800;697;867;866;929;1;714;9286
11/02/2024;2024;2;Feb;Q1;6;CNC Milling;3;16;13;3;5564;23236;28800;547;807;834;812;1;1875;8125
12/02/2024;2024;2;Feb;Q1;7;CNC Milling;3;12;12;0;2787;26013;28800;765;903;847;1000;1;0;1000
13/02/2024;2024;2;Feb;Q1;7;CNC Milling;3;12;10;2;6121;22679;28800;553;787;842;833;1;1667;8333
14/02/2024;2024;2;Feb;Q1;7;CNC Milling;3;11;9;2;3539;25261;28800;568;877;792;818;1;1818;8182
15/02/2024;2024;2;Feb;Q1;7;CNC Milling;3;16;14;2;3913;24887;28800;628;864;830;875;1;125;875
16/02/2024;2024;2;Feb;Q1;7;CNC Milling;3;11;8;3;5390;23410;28800;498;813;842;727;1;2727;7273
17/02/2024;2024;2;Feb;Q1;7;CNC Milling;3;13;10;3;5001;23799;28800;537;826;845;769;1;2308;7692
18/02/2024;2024;2;Feb;Q1;7;CNC Milling;3;14;14;0;5594;23206;28800;631;806;784;1000;1;0;1000
19/02/2024;2024;2;Feb;Q1;8;CNC Milling;3;17;15;2;3532;25268;28800;671;877;867;882;1;1176;8824
20/02/2024;2024;2;Feb;Q1;8;CNC Milling;3;13;12;1;4473;24327;28800;660;845;846;923;1;769;9231
21/02/2024;2024;2;Feb;Q1;8;CNC Milling;3;17;16;1;4159;24641;28800;649;856;806;941;1;588;9412
22/02/2024;2024;2;Feb;Q1;8;CNC Milling;3;17;15;2;3691;25109;28800;694;872;903;882;1;1176;8824
23/02/2024;2024;2;Feb;Q1;8;CNC Milling;3;12;11;1;5310;23490;28800;621;816;830;917;1;833;9167
24/02/2024;2024;2;Feb;Q1;8;CNC Milling;3;17;15;2;5640;23160;28800;591;804;833;882;1;1176;8824
25/02/2024;2024;2;Feb;Q1;8;CNC Milling;3;14;10;4;4425;24375;28800;522;846;864;714;1;2857;7143
26/02/2024;2024;2;Feb;Q1;9;CNC Milling;3;13;13;0;6190;22610;28800;711;785;905;1000;1;0;1000
27/02/2024;2024;2;Feb;Q1;9;CNC Milling;3;14;11;3;3999;24801;28800;585;861;865;786;1;2143;7857
28/02/2024;2024;2;Feb;Q1;9;CNC Milling;3;14;13;1;6167;22633;28800;635;786;870;929;1;714;9286
29/02/2024;2024;2;Feb;Q1;9;CNC Milling;3;13;11;2;5278;23522;28800;559;817;808;846;1;1538;8462
01/03/2024;2024;3;Mar;Q1;9;CNC Milling;3;12;10;2;3584;25216;28800;616;876;845;833;1;1667;8333
02/03/2024;2024;3;Mar;Q1;9;CNC Milling;3;13;12;1;6625;22175;28800;586;770;824;923;1;769;9231
03/03/2024;2024;3;Mar;Q1;9;CNC Milling;3;15;14;1;4323;24477;28800;687;850;866;933;1;667;9333
04/03/2024;2024;3;Mar;Q1;10;CNC Milling;3;14;13;1;5888;22912;28800;642;796;869;929;1;714;9286
05/03/2024;2024;3;Mar;Q1;10;CNC Milling;3;16;15;1;4883;23917;28800;698;830;897;938;1;625;9375
06/03/2024;2024;3;Mar;Q1;10;CNC Milling;3;15;11;4;5100;23700;28800;464;823;769;733;1;2667;7333
07/03/2024;2024;3;Mar;Q1;10;CNC Milling;3;15;12;3;5600;23200;28800;529;806;821;800;1;200;800
08/03/2024;2024;3;Mar;Q1;10;CNC Milling;3;16;16;0;5548;23252;28800;715;807;886;1000;1;0;1000
09/03/2024;2024;3;Mar;Q1;10;CNC Milling;3;18;18;0;4420;24380;28800;673;847;795;1000;1;0;1000
10/03/2024;2024;3;Mar;Q1;10;CNC Milling;3;18;16;2;5249;23551;28800;632;818;869;889;1;1111;8889
11/03/2024;2024;3;Mar;Q1;11;CNC Milling;3;18;18;0;5178;23622;28800;722;820;880;1000;1;0;1000
12/03/2024;2024;3;Mar;Q1;11;CNC Milling;3;17;15;2;4948;23852;28800;615;828;841;882;1;1176;8824
13/03/2024;2024;3;Mar;Q1;11;CNC Milling;3;20;19;1;4552;24248;28800;635;842;794;950;1;50;950
14/03/2024;2024;3;Mar;Q1;11;CNC Milling;3;16;14;2;4946;23854;28800;607;828;838;875;1;125;875
15/03/2024;2024;3;Mar;Q1;11;CNC Milling;3;15;15;0;6612;22188;28800;687;770;891;1000;1;0;1000
16/03/2024;2024;3;Mar;Q1;11;CNC Milling;3;20;19;1;4465;24335;28800;717;845;894;950;1;50;950
17/03/2024;2024;3;Mar;Q1;11;CNC Milling;3;7;6;1;5890;22910;28800;579;795;849;857;1;1429;8571
18/03/2024;2024;3;Mar;Q1;12;CNC Milling;3;14;13;1;4157;24643;28800;643;856;809;929;1;714;9286
19/03/2024;2024;3;Mar;Q1;12;CNC Milling;3;18;13;5;3909;24891;28800;562;864;901;722;1;2778;7222
20/03/2024;2024;3;Mar;Q1;12;CNC Milling;3;17;14;3;7854;20946;28800;521;727;870;824;1;1765;8235
21/03/2024;2024;3;Mar;Q1;12;CNC Milling;3;21;19;2;5257;23543;28800;600;817;811;905;1;952;9048
22/03/2024;2024;3;Mar;Q1;12;CNC Milling;3;15;15;0;5283;23517;28800;697;817;854;1000;1;0;1000
23/03/2024;2024;3;Mar;Q1;12;CNC Milling;3;13;10;3;5310;23490;28800;535;816;852;769;1;2308;7692
24/03/2024;2024;3;Mar;Q1;12;CNC Milling;3;14;11;3;6080;22720;28800;509;789;821;786;1;2143;7857
25/03/2024;2024;3;Mar;Q1;13;CNC Milling;3;15;12;3;5132;23668;28800;561;822;854;800;1;200;800
26/03/2024;2024;3;Mar;Q1;13;CNC Milling;3;19;18;1;5519;23281;28800;673;808;879;947;1;526;9474
27/03/2024;2024;3;Mar;Q1;13;CNC Milling;3;19;12;7;3740;25060;28800;457;870;832;632;1;3684;6316
28/03/2024;2024;3;Mar;Q1;13;CNC Milling;3;14;13;1;5679;23121;28800;658;803;883;929;1;714;9286
29/03/2024;2024;3;Mar;Q1;13;CNC Milling;3;15;13;2;4520;24280;28800;572;843;783;867;1;1333;8667
30/03/2024;2024;3;Mar;Q1;13;CNC Milling;3;13;10;3;5382;23418;28800;573;813;917;769;1;2308;7692
31/03/2024;2024;3;Mar;Q1;13;CNC Milling;3;13;12;1;3117;25683;28800;695;892;844;923;1;769;9231
01/04/2024;2024;4;Apr;Q2;14;CNC Milling;3;17;13;4;5343;23457;28800;547;814;878;765;1;2353;7647
02/04/2024;2024;4;Apr;Q2;14;CNC Milling;3;19;18;1;2617;26183;28800;732;909;849;947;1;526;9474
03/04/2024;2024;4;Apr;Q2;14;CNC Milling;3;13;9;4;4483;24317;28800;476;844;814;692;1;3077;6923
04/04/2024;2024;4;Apr;Q2;14;CNC Milling;3;15;14;1;3126;25674;28800;700;891;841;933;1;667;9333
05/04/2024;2024;4;Apr;Q2;14;CNC Milling;3;14;10;4;5346;23454;28800;452;814;778;714;1;2857;7143
06/04/2024;2024;4;Apr;Q2;14;CNC Milling;3;17;17;0;4811;23989;28800;721;833;865;1000;1;0;1000
07/04/2024;2024;4;Apr;Q2;14;CNC Milling;3;13;11;2;4013;24787;28800;618;861;849;846;1;1538;8462
08/04/2024;2024;4;Apr;Q2;15;CNC Milling;3;9;8;1;6106;22694;28800;585;788;836;889;1;1111;8889
09/04/2024;2024;4;Apr;Q2;15;CNC Milling;3;17;15;2;3894;24906;28800;662;865;867;882;1;1176;8824
10/04/2024;2024;4;Apr;Q2;15;CNC Milling;3;14;13;1;1868;26932;28800;732;935;843;929;1;714;9286
11/04/2024;2024;4;Apr;Q2;15;CNC Milling;3;14;12;2;5232;23568;28800;605;818;862;857;1;1429;8571
12/04/2024;2024;4;Apr;Q2;15;CNC Milling;3;16;15;1;3068;25732;28800;732;893;874;938;1;625;9375
13/04/2024;2024;4;Apr;Q2;15;CNC Milling;3;15;13;2;3924;24876;28800;616;864;824;867;1;1333;8667
14/04/2024;2024;4;Apr;Q2;15;CNC Milling;3;16;15;1;4254;24546;28800;650;852;814;938;1;625;9375
15/04/2024;2024;4;Apr;Q2;16;CNC Milling;3;10;7;3;3394;25406;28800;484;882;784;700;1;300;700
16/04/2024;2024;4;Apr;Q2;16;CNC Milling;3;16;16;0;4276;24524;28800;721;852;846;1000;1;0;1000
17/04/2024;2024;4;Apr;Q2;16;CNC Milling;3;10;10;0;3411;25389;28800;756;882;857;1000;1;0;1000
18/04/2024;2024;4;Apr;Q2;16;CNC Milling;3;16;15;1;4899;23901;28800;620;830;797;938;1;625;9375
19/04/2024;2024;4;Apr;Q2;16;CNC Milling;3;17;15;2;3579;25221;28800;688;876;890;882;1;1176;8824
20/04/2024;2024;4;Apr;Q2;16;CNC Milling;3;11;11;0;4773;24027;28800;679;834;814;1000;1;0;1000
21/04/2024;2024;4;Apr;Q2;16;CNC Milling;3;15;13;2;5848;22952;28800;533;797;771;867;1;1333;8667
22/04/2024;2024;4;Apr;Q2;17;CNC Milling;3;17;14;3;5487;23313;28800;595;809;892;824;1;1765;8235
23/04/2024;2024;4;Apr;Q2;17;CNC Milling;3;13;11;2;4667;24133;28800;550;838;776;846;1;1538;8462
24/04/2024;2024;4;Apr;Q2;17;CNC Milling;3;16;14;2;3807;24993;28800;664;868;874;875;1;125;875
25/04/2024;2024;4;Apr;Q2;17;CNC Milling;3;7;7;0;4896;23904;28800;719;830;866;1000;1;0;1000
26/04/2024;2024;4;Apr;Q2;17;CNC Milling;3;17;15;2;4085;24715;28800;646;858;853;882;1;1176;8824
27/04/2024;2024;4;Apr;Q2;17;CNC Milling;3;15;14;1;4936;23864;28800;638;829;824;933;1;667;9333
28/04/2024;2024;4;Apr;Q2;17;CNC Milling;3;14;12;2;3117;25683;28800;657;892;859;857;1;1429;8571
29/04/2024;2024;4;Apr;Q2;18;CNC Milling;3;17;16;1;5511;23289;28800;668;809;877;941;1;588;9412
30/04/2024;2024;4;Apr;Q2;18;CNC Milling;3;19;17;2;4776;24024;28800;604;834;809;895;1;1053;8947
01/05/2024;2024;5;May;Q2;18;CNC Milling;3;16;15;1;6841;21959;28800;625;762;875;938;1;625;9375
02/05/2024;2024;5;May;Q2;18;CNC Milling;3;19;15;4;5984;22816;28800;546;792;873;789;1;2105;7895
03/05/2024;2024;5;May;Q2;18;CNC Milling;3;10;10;0;5282;23518;28800;696;817;852;1000;1;0;1000
04/05/2024;2024;5;May;Q2;18;CNC Milling;3;16;14;2;4627;24173;28800;605;839;824;875;1;125;875
05/05/2024;2024;5;May;Q2;18;CNC Milling;3;14;14;0;4052;24748;28800;751;859;874;1000;1;0;1000
06/05/2024;2024;5;May;Q2;19;CNC Milling;3;12;10;2;5639;23161;28800;576;804;859;833;1;1667;8333
07/05/2024;2024;5;May;Q2;19;CNC Milling;3;9;7;2;4527;24273;28800;530;843;808;778;1;2222;7778
08/05/2024;2024;5;May;Q2;19;CNC Milling;3;16;15;1;5854;22946;28800;620;797;830;938;1;625;9375
09/05/2024;2024;5;May;Q2;19;CNC Milling;3;17;15;2;5125;23675;28800;631;822;870;882;1;1176;8824
10/05/2024;2024;5;May;Q2;19;CNC Milling;3;18;14;4;5132;23668;28800;541;822;846;778;1;2222;7778
11/05/2024;2024;5;May;Q2;19;CNC Milling;3;18;16;2;5309;23491;28800;637;816;879;889;1;1111;8889
12/05/2024;2024;5;May;Q2;19;CNC Milling;3;12;11;1;3872;24928;28800;659;866;830;917;1;833;9167
13/05/2024;2024;5;May;Q2;20;CNC Milling;3;18;16;2;3775;25025;28800;624;869;808;889;1;1111;8889
14/05/2024;2024;5;May;Q2;20;CNC Milling;3;18;15;3;3742;25058;28800;664;870;916;833;1;1667;8333
15/05/2024;2024;5;May;Q2;20;CNC Milling;3;14;14;0;5739;23061;28800;629;801;785;1000;1;0;1000
16/05/2024;2024;5;May;Q2;20;CNC Milling;3;15;12;3;3847;24953;28800;572;866;825;800;1;200;800
17/05/2024;2024;5;May;Q2;20;CNC Milling;3;12;11;1;3966;24834;28800;673;862;851;917;1;833;9167
18/05/2024;2024;5;May;Q2;20;CNC Milling;3;18;18;0;5255;23545;28800;716;818;875;1000;1;0;1000
19/05/2024;2024;5;May;Q2;20;CNC Milling;3;11;9;2;4506;24294;28800;596;844;864;818;1;1818;8182
20/05/2024;2024;5;May;Q2;21;CNC Milling;3;16;15;1;4384;24416;28800;731;848;920;938;1;625;9375
21/05/2024;2024;5;May;Q2;21;CNC Milling;3;13;13;0;4302;24498;28800;713;851;838;1000;1;0;1000
22/05/2024;2024;5;May;Q2;21;CNC Milling;3;12;10;2;2538;26262;28800;617;912;813;833;1;1667;8333
23/05/2024;2024;5;May;Q2;21;CNC Milling;3;10;8;2;3827;24973;28800;579;867;835;800;1;200;800
24/05/2024;2024;5;May;Q2;21;CNC Milling;3;14;11;3;5866;22934;28800;520;796;831;786;1;2143;7857
25/05/2024;2024;5;May;Q2;21;CNC Milling;3;11;8;3;4233;24567;28800;521;853;840;727;1;2727;7273
26/05/2024;2024;5;May;Q2;21;CNC Milling;3;15;12;3;2941;25859;28800;581;898;809;800;1;200;800
27/05/2024;2024;5;May;Q2;22;CNC Milling;3;19;19;0;3788;25012;28800;754;868;868;1000;1;0;1000
28/05/2024;2024;5;May;Q2;22;CNC Milling;3;15;14;1;5086;23714;28800;657;823;854;933;1;667;9333
29/05/2024;2024;5;May;Q2;22;CNC Milling;3;20;16;4;5068;23732;28800;527;824;799;800;1;200;800
30/05/2024;2024;5;May;Q2;22;CNC Milling;3;12;11;1;4466;24334;28800;677;845;875;917;1;833;9167
31/05/2024;2024;5;May;Q2;22;CNC Milling;3;11;10;1;4091;24709;28800;635;858;815;909;1;909;9091
01/06/2024;2024;6;Jun;Q2;22;CNC Milling;3;12;10;2;3414;25386;28800;589;881;802;833;1;1667;8333
02/06/2024;2024;6;Jun;Q2;22;CNC Milling;3;14;13;1;5094;23706;28800;646;823;845;929;1;714;9286
03/06/2024;2024;6;Jun;Q2;23;CNC Milling;3;22;17;5;5540;23260;28800;489;808;783;773;1;2273;7727
04/06/2024;2024;6;Jun;Q2;23;CNC Milling;3;10;9;1;5968;22832;28800;615;793;862;900;1;100;900
05/06/2024;2024;6;Jun;Q2;23;CNC Milling;3;16;14;2;3691;25109;28800;569;872;746;875;1;125;875
06/06/2024;2024;6;Jun;Q2;23;CNC Milling;3;13;8;5;6041;22759;28800;393;790;807;615;1;3846;6154
07/06/2024;2024;6;Jun;Q2;23;CNC Milling;3;14;13;1;4691;24109;28800;696;837;895;929;1;714;9286
08/06/2024;2024;6;Jun;Q2;23;CNC Milling;3;11;11;0;4770;24030;28800;683;834;819;1000;1;0;1000
09/06/2024;2024;6;Jun;Q2;23;CNC Milling;3;17;15;2;5593;23207;28800;586;806;825;882;1;1176;8824
10/06/2024;2024;6;Jun;Q2;24;CNC Milling;3;14;11;3;4232;24568;28800;593;853;885;786;1;2143;7857
11/06/2024;2024;6;Jun;Q2;24;CNC Milling;3;17;14;3;2691;26109;28800;609;907;815;824;1;1765;8235
12/06/2024;2024;6;Jun;Q2;24;CNC Milling;3;15;12;3;5414;23386;28800;564;812;868;800;1;200;800
13/06/2024;2024;6;Jun;Q2;24;CNC Milling;3;9;8;1;5076;23724;28800;645;824;882;889;1;1111;8889
14/06/2024;2024;6;Jun;Q2;24;CNC Milling;3;17;16;1;4403;24397;28800;684;847;858;941;1;588;9412
15/06/2024;2024;6;Jun;Q2;24;CNC Milling;3;9;7;2;5336;23464;28800;503;815;793;778;1;2222;7778
16/06/2024;2024;6;Jun;Q2;24;CNC Milling;3;10;8;2;5530;23270;28800;531;808;822;800;1;200;800
17/06/2024;2024;6;Jun;Q2;25;CNC Milling;3;12;12;0;3310;25490;28800;826;885;933;1000;1;0;1000
18/06/2024;2024;6;Jun;Q2;25;CNC Milling;3;12;12;0;4766;24034;28800;689;835;825;1000;1;0;1000
19/06/2024;2024;6;Jun;Q2;25;CNC Milling;3;18;13;5;2584;26216;28800;620;910;943;722;1;2778;7222
20/06/2024;2024;6;Jun;Q2;25;CNC Milling;3;14;11;3;4627;24173;28800;593;839;900;786;1;2143;7857
21/06/2024;2024;6;Jun;Q2;25;CNC Milling;3;18;14;4;4391;24409;28800;567;848;859;778;1;2222;7778
22/06/2024;2024;6;Jun;Q2;25;CNC Milling;3;13;10;3;5212;23588;28800;537;819;852;769;1;2308;7692
23/06/2024;2024;6;Jun;Q2;25;CNC Milling;3;15;13;2;3727;25073;28800;623;871;826;867;1;1333;8667
24/06/2024;2024;6;Jun;Q2;26;CNC Milling;3;16;14;2;4345;24455;28800;623;849;839;875;1;125;875
25/06/2024;2024;6;Jun;Q2;26;CNC Milling;3;16;14;2;1693;27107;28800;674;941;819;875;1;125;875
26/06/2024;2024;6;Jun;Q2;26;CNC Milling;3;13;13;0;5274;23526;28800;686;817;840;1000;1;0;1000
27/06/2024;2024;6;Jun;Q2;26;CNC Milling;3;14;12;2;4661;24139;28800;572;838;796;857;1;1429;8571
28/06/2024;2024;6;Jun;Q2;26;CNC Milling;3;14;13;1;4828;23972;28800;614;832;794;929;1;714;9286
29/06/2024;2024;6;Jun;Q2;26;CNC Milling;3;10;9;1;3328;25472;28800;705;884;886;900;1;100;900
30/06/2024;2024;6;Jun;Q2;26;CNC Milling;3;14;13;1;5123;23677;28800;601;822;788;929;1;714;9286
01/07/2024;2024;7;Jul;Q3;27;CNC Milling;3;13;12;1;6313;22487;28800;628;781;872;923;1;769;9231
02/07/2024;2024;7;Jul;Q3;27;CNC Milling;3;16;15;1;4569;24231;28800;614;841;778;938;1;625;9375
03/07/2024;2024;7;Jul;Q3;27;CNC Milling;3;15;14;1;5362;23438;28800;656;814;863;933;1;667;9333
04/07/2024;2024;7;Jul;Q3;27;CNC Milling;3;18;17;1;3919;24881;28800;681;864;835;944;1;556;9444
05/07/2024;2024;7;Jul;Q3;27;CNC Milling;3;15;14;1;4672;24128;28800;693;838;887;933;1;667;9333
06/07/2024;2024;7;Jul;Q3;27;CNC Milling;3;13;9;4;3292;25508;28800;509;886;831;692;1;3077;6923
07/07/2024;2024;7;Jul;Q3;27;CNC Milling;3;15;15;0;5493;23307;28800;627;809;774;1000;1;0;1000
08/07/2024;2024;7;Jul;Q3;28;CNC Milling;3;16;15;1;4897;23903;28800;650;830;836;938;1;625;9375
09/07/2024;2024;7;Jul;Q3;28;CNC Milling;3;10;9;1;3588;25212;28800;668;875;847;900;1;100;900
10/07/2024;2024;7;Jul;Q3;28;CNC Milling;3;13;11;2;3984;24816;28800;611;862;838;846;1;1538;8462
11/07/2024;2024;7;Jul;Q3;28;CNC Milling;3;13;13;0;4803;23997;28800;718;833;861;1000;1;0;1000
12/07/2024;2024;7;Jul;Q3;28;CNC Milling;3;16;13;3;5622;23178;28800;538;805;823;812;1;1875;8125
13/07/2024;2024;7;Jul;Q3;28;CNC Milling;3;16;13;3;6149;22651;28800;511;786;799;812;1;1875;8125
14/07/2024;2024;7;Jul;Q3;28;CNC Milling;3;15;14;1;4618;24182;28800;633;840;808;933;1;667;9333
15/07/2024;2024;7;Jul;Q3;29;CNC Milling;3;8;8;0;3450;25350;28800;726;880;825;1000;1;0;1000
16/07/2024;2024;7;Jul;Q3;29;CNC Milling;3;10;7;3;4971;23829;28800;477;827;824;700;1;300;700
17/07/2024;2024;7;Jul;Q3;29;CNC Milling;3;14;11;3;6439;22361;28800;563;776;923;786;1;2143;7857
18/07/2024;2024;7;Jul;Q3;29;CNC Milling;3;13;11;2;3205;25595;28800;665;889;884;846;1;1538;8462
19/07/2024;2024;7;Jul;Q3;29;CNC Milling;3;15;15;0;3839;24961;28800;750;867;865;1000;1;0;1000
20/07/2024;2024;7;Jul;Q3;29;CNC Milling;3;13;12;1;5325;23475;28800;645;815;857;923;1;769;9231
21/07/2024;2024;7;Jul;Q3;29;CNC Milling;3;18;16;2;4891;23909;28800;629;830;852;889;1;1111;8889
22/07/2024;2024;7;Jul;Q3;30;CNC Milling;3;9;9;0;4228;24572;28800;727;853;852;1000;1;0;1000
23/07/2024;2024;7;Jul;Q3;30;CNC Milling;3;15;14;1;4954;23846;28800;655;828;847;933;1;667;9333
24/07/2024;2024;7;Jul;Q3;30;CNC Milling;3;17;15;2;5673;23127;28800;598;803;843;882;1;1176;8824
25/07/2024;2024;7;Jul;Q3;30;CNC Milling;3;16;15;1;4652;24148;28800;606;838;772;938;1;625;9375
26/07/2024;2024;7;Jul;Q3;30;CNC Milling;3;17;14;3;4568;24232;28800;575;841;830;824;1;1765;8235
27/07/2024;2024;7;Jul;Q3;30;CNC Milling;3;17;14;3;5304;23496;28800;560;816;834;824;1;1765;8235
28/07/2024;2024;7;Jul;Q3;30;CNC Milling;3;13;12;1;4488;24312;28800;636;844;817;923;1;769;9231
29/07/2024;2024;7;Jul;Q3;31;CNC Milling;3;12;10;2;5829;22971;28800;547;798;823;833;1;1667;8333
30/07/2024;2024;7;Jul;Q3;31;CNC Milling;3;9;9;0;6668;22132;28800;655;768;852;1000;1;0;1000
31/07/2024;2024;7;Jul;Q3;31;CNC Milling;3;14;11;3;3897;24903;28800;590;865;868;786;1;2143;7857
01/08/2024;2024;8;Aug;Q3;31;CNC Milling;3;12;12;0;3559;25241;28800;747;876;852;1000;1;0;1000
02/08/2024;2024;8;Aug;Q3;31;CNC Milling;3;18;18;0;5098;23702;28800;714;823;867;1000;1;0;1000
03/08/2024;2024;8;Aug;Q3;31;CNC Milling;3;14;12;2;3525;25275;28800;653;878;868;857;1;1429;8571
04/08/2024;2024;8;Aug;Q3;31;CNC Milling;3;12;11;1;3509;25291;28800;670;878;832;917;1;833;9167
05/08/2024;2024;8;Aug;Q3;32;CNC Milling;3;11;8;3;2800;26000;28800;564;903;860;727;1;2727;7273
06/08/2024;2024;8;Aug;Q3;32;CNC Milling;3;20;18;2;4382;24418;28800;598;848;783;900;1;100;900
07/08/2024;2024;8;Aug;Q3;32;CNC Milling;3;14;13;1;4714;24086;28800;644;836;829;929;1;714;9286
08/08/2024;2024;8;Aug;Q3;32;CNC Milling;3;12;11;1;4254;24546;28800;645;852;825;917;1;833;9167
09/08/2024;2024;8;Aug;Q3;32;CNC Milling;3;15;14;1;6064;22736;28800;658;789;894;933;1;667;9333
10/08/2024;2024;8;Aug;Q3;32;CNC Milling;3;19;18;1;5994;22806;28800;640;792;853;947;1;526;9474
11/08/2024;2024;8;Aug;Q3;32;CNC Milling;3;13;11;2;6575;22225;28800;520;772;797;846;1;1538;8462
12/08/2024;2024;8;Aug;Q3;33;CNC Milling;3;16;13;3;4789;24011;28800;584;834;862;812;1;1875;8125
13/08/2024;2024;8;Aug;Q3;33;CNC Milling;3;18;15;3;5868;22932;28800;579;796;873;833;1;1667;8333
14/08/2024;2024;8;Aug;Q3;33;CNC Milling;3;10;7;3;5038;23762;28800;485;825;839;700;1;300;700
15/08/2024;2024;8;Aug;Q3;33;CNC Milling;3;13;12;1;4943;23857;28800;662;828;865;923;1;769;9231
16/08/2024;2024;8;Aug;Q3;33;CNC Milling;3;17;14;3;4301;24499;28800;531;851;758;824;1;1765;8235
17/08/2024;2024;8;Aug;Q3;33;CNC Milling;3;13;12;1;2597;26203;28800;631;910;751;923;1;769;9231
18/08/2024;2024;8;Aug;Q3;33;CNC Milling;3;16;14;2;5350;23450;28800;572;814;802;875;1;125;875
19/08/2024;2024;8;Aug;Q3;34;CNC Milling;3;13;12;1;5840;22960;28800;623;797;847;923;1;769;9231
20/08/2024;2024;8;Aug;Q3;34;CNC Milling;3;13;8;5;3297;25503;28800;487;886;894;615;1;3846;6154
21/08/2024;2024;8;Aug;Q3;34;CNC Milling;3;13;11;2;4736;24064;28800;568;836;804;846;1;1538;8462
22/08/2024;2024;8;Aug;Q3;34;CNC Milling;3;16;12;4;5686;23114;28800;490;803;813;750;1;250;750
23/08/2024;2024;8;Aug;Q3;34;CNC Milling;3;15;12;3;4404;24396;28800;573;847;845;800;1;200;800
24/08/2024;2024;8;Aug;Q3;34;CNC Milling;3;15;12;3;5877;22923;28800;526;796;825;800;1;200;800
25/08/2024;2024;8;Aug;Q3;34;CNC Milling;3;21;17;4;4612;24188;28800;560;840;824;810;1;1905;8095
26/08/2024;2024;8;Aug;Q3;35;CNC Milling;3;19;17;2;4247;24553;28800;631;853;828;895;1;1053;8947
27/08/2024;2024;8;Aug;Q3;35;CNC Milling;3;9;9;0;5931;22869;28800;704;794;886;1000;1;0;1000
28/08/2024;2024;8;Aug;Q3;35;CNC Milling;3;13;12;1;3859;24941;28800;703;866;880;923;1;769;9231
29/08/2024;2024;8;Aug;Q3;35;CNC Milling;3;21;21;0;4057;24743;28800;724;859;843;1000;1;0;1000
30/08/2024;2024;8;Aug;Q3;35;CNC Milling;3;13;12;1;3895;24905;28800;717;865;898;923;1;769;9231
31/08/2024;2024;8;Aug;Q3;35;CNC Milling;3;20;18;2;3661;25139;28800;675;873;859;900;1;100;900
01/09/2024;2024;9;Sep;Q3;35;CNC Milling;3;13;12;1;4890;23910;28800;675;830;881;923;1;769;9231
02/09/2024;2024;9;Sep;Q3;36;CNC Milling;3;14;10;4;4258;24542;28800;495;852;813;714;1;2857;7143
03/09/2024;2024;9;Sep;Q3;36;CNC Milling;3;17;13;4;5209;23591;28800;514;819;820;765;1;2353;7647
04/09/2024;2024;9;Sep;Q3;36;CNC Milling;3;14;14;0;3099;25701;28800;731;892;820;1000;1;0;1000
05/09/2024;2024;9;Sep;Q3;36;CNC Milling;3;16;15;1;3680;25120;28800;686;872;839;938;1;625;9375
06/09/2024;2024;9;Sep;Q3;36;CNC Milling;3;19;17;2;4794;24006;28800;629;834;844;895;1;1053;8947
07/09/2024;2024;9;Sep;Q3;36;CNC Milling;3;16;15;1;6140;22660;28800;629;787;853;938;1;625;9375
08/09/2024;2024;9;Sep;Q3;36;CNC Milling;3;15;12;3;5104;23696;28800;598;823;908;800;1;200;800
09/09/2024;2024;9;Sep;Q3;37;CNC Milling;3;19;17;2;4186;24614;28800;662;855;866;895;1;1053;8947
10/09/2024;2024;9;Sep;Q3;37;CNC Milling;3;17;15;2;3331;25469;28800;643;884;825;882;1;1176;8824
11/09/2024;2024;9;Sep;Q3;37;CNC Milling;3;13;10;3;4130;24670;28800;555;857;842;769;1;2308;7692
12/09/2024;2024;9;Sep;Q3;37;CNC Milling;3;20;17;3;4705;24095;28800;635;837;893;850;1;150;850
13/09/2024;2024;9;Sep;Q3;37;CNC Milling;3;16;16;0;2507;26293;28800;793;913;868;1000;1;0;1000
14/09/2024;2024;9;Sep;Q3;37;CNC Milling;3;14;12;2;3593;25207;28800;669;875;892;857;1;1429;8571
15/09/2024;2024;9;Sep;Q3;37;CNC Milling;3;9;8;1;4045;24755;28800;631;860;826;889;1;1111;8889
16/09/2024;2024;9;Sep;Q3;38;CNC Milling;3;11;10;1;4501;24299;28800;627;844;818;909;1;909;9091
17/09/2024;2024;9;Sep;Q3;38;CNC Milling;3;19;19;0;4693;24107;28800;685;837;819;1000;1;0;1000
18/09/2024;2024;9;Sep;Q3;38;CNC Milling;3;19;17;2;4165;24635;28800;634;855;828;895;1;1053;8947
19/09/2024;2024;9;Sep;Q3;38;CNC Milling;3;15;14;1;5225;23575;28800;616;819;806;933;1;667;9333
20/09/2024;2024;9;Sep;Q3;38;CNC Milling;3;10;10;0;4863;23937;28800;708;831;852;1000;1;0;1000
21/09/2024;2024;9;Sep;Q3;38;CNC Milling;3;12;10;2;4394;24406;28800;602;847;853;833;1;1667;8333
22/09/2024;2024;9;Sep;Q3;38;CNC Milling;3;10;8;2;5356;23444;28800;578;814;887;800;1;200;800
23/09/2024;2024;9;Sep;Q3;39;CNC Milling;3;10;10;0;5278;23522;28800;639;817;783;1000;1;0;1000
24/09/2024;2024;9;Sep;Q3;39;CNC Milling;3;20;20;0;3365;25435;28800;716;883;810;1000;1;0;1000
25/09/2024;2024;9;Sep;Q3;39;CNC Milling;3;20;16;4;4714;24086;28800;581;836;869;800;1;200;800
26/09/2024;2024;9;Sep;Q3;39;CNC Milling;3;12;12;0;5590;23210;28800;684;806;848;1000;1;0;1000
27/09/2024;2024;9;Sep;Q3;39;CNC Milling;3;14;10;4;5748;23052;28800;482;800;844;714;1;2857;7143
28/09/2024;2024;9;Sep;Q3;39;CNC Milling;3;11;10;1;5097;23703;28800;662;823;885;909;1;909;9091
29/09/2024;2024;9;Sep;Q3;39;CNC Milling;3;14;13;1;4523;24277;28800;632;843;808;929;1;714;9286
30/09/2024;2024;9;Sep;Q3;40;CNC Milling;3;19;18;1;5145;23655;28800;636;821;817;947;1;526;9474
01/10/2024;2024;10;Oct;Q4;40;CNC Milling;3;17;17;0;5511;23289;28800;658;809;813;1000;1;0;1000
02/10/2024;2024;10;Oct;Q4;40;CNC Milling;3;17;16;1;4855;23945;28800;606;831;774;941;1;588;9412
03/10/2024;2024;10;Oct;Q4;40;CNC Milling;3;14;14;0;4962;23838;28800;701;828;846;1000;1;0;1000
04/10/2024;2024;10;Oct;Q4;40;CNC Milling;3;18;16;2;4508;24292;28800;618;843;824;889;1;1111;8889
05/10/2024;2024;10;Oct;Q4;40;CNC Milling;3;16;15;1;3476;25324;28800;674;879;817;938;1;625;9375
06/10/2024;2024;10;Oct;Q4;40;CNC Milling;3;16;14;2;4579;24221;28800;597;841;811;875;1;125;875
07/10/2024;2024;10;Oct;Q4;41;CNC Milling;3;14;12;2;4102;24698;28800;618;858;841;857;1;1429;8571
08/10/2024;2024;10;Oct;Q4;41;CNC Milling;3;15;14;1;4105;24695;28800;652;857;815;933;1;667;9333
09/10/2024;2024;10;Oct;Q4;41;CNC Milling;3;15;15;0;6106;22694;28800;669;788;849;1000;1;0;1000
10/10/2024;2024;10;Oct;Q4;41;CNC Milling;3;13;13;0;5648;23152;28800;689;804;857;1000;1;0;1000
11/10/2024;2024;10;Oct;Q4;41;CNC Milling;3;12;12;0;3138;25662;28800;741;891;832;1000;1;0;1000
12/10/2024;2024;10;Oct;Q4;41;CNC Milling;3;12;10;2;3715;25085;28800;602;871;830;833;1;1667;8333
13/10/2024;2024;10;Oct;Q4;41;CNC Milling;3;12;11;1;4400;24400;28800;659;847;848;917;1;833;9167
14/10/2024;2024;10;Oct;Q4;42;CNC Milling;3;14;11;3;4137;24663;28800;566;856;841;786;1;2143;7857
15/10/2024;2024;10;Oct;Q4;42;CNC Milling;3;14;13;1;5046;23754;28800;679;825;887;929;1;714;9286
16/10/2024;2024;10;Oct;Q4;42;CNC Milling;3;13;12;1;3565;25235;28800;690;876;853;923;1;769;9231
17/10/2024;2024;10;Oct;Q4;42;CNC Milling;3;13;12;1;5654;23146;28800;652;804;879;923;1;769;9231
18/10/2024;2024;10;Oct;Q4;42;CNC Milling;3;15;13;2;4703;24097;28800;625;837;863;867;1;1333;8667
19/10/2024;2024;10;Oct;Q4;42;CNC Milling;3;18;17;1;4422;24378;28800;638;846;798;944;1;556;9444
20/10/2024;2024;10;Oct;Q4;42;CNC Milling;3;14;14;0;4731;24069;28800;688;836;823;1000;1;0;1000
21/10/2024;2024;10;Oct;Q4;43;CNC Milling;3;14;12;2;4349;24451;28800;612;849;840;857;1;1429;8571
22/10/2024;2024;10;Oct;Q4;43;CNC Milling;3;12;11;1;2818;25982;28800;720;902;871;917;1;833;9167
23/10/2024;2024;10;Oct;Q4;43;CNC Milling;3;14;13;1;4756;24044;28800;703;835;907;929;1;714;9286
24/10/2024;2024;10;Oct;Q4;43;CNC Milling;3;18;16;2;4440;24360;28800;621;846;826;889;1;1111;8889
25/10/2024;2024;10;Oct;Q4;43;CNC Milling;3;17;15;2;3839;24961;28800;645;867;844;882;1;1176;8824
26/10/2024;2024;10;Oct;Q4;43;CNC Milling;3;17;15;2;5786;23014;28800;613;799;869;882;1;1176;8824
27/10/2024;2024;10;Oct;Q4;43;CNC Milling;3;17;15;2;5380;23420;28800;603;813;840;882;1;1176;8824
28/10/2024;2024;10;Oct;Q4;44;CNC Milling;3;16;13;3;7059;21741;28800;550;755;897;812;1;1875;8125
29/10/2024;2024;10;Oct;Q4;44;CNC Milling;3;16;14;2;5537;23263;28800;563;808;797;875;1;125;875
30/10/2024;2024;10;Oct;Q4;44;CNC Milling;3;15;13;2;4134;24666;28800;642;856;865;867;1;1333;8667
31/10/2024;2024;10;Oct;Q4;44;CNC Milling;3;13;11;2;3885;24915;28800;633;865;865;846;1;1538;8462
01/11/2024;2024;11;Nov;Q4;44;CNC Milling;3;15;12;3;4276;24524;28800;600;852;881;800;1;200;800
02/11/2024;2024;11;Nov;Q4;44;CNC Milling;3;15;14;1;4112;24688;28800;675;857;844;933;1;667;9333
03/11/2024;2024;11;Nov;Q4;44;CNC Milling;3;16;15;1;4848;23952;28800;680;832;872;938;1;625;9375
04/11/2024;2024;11;Nov;Q4;45;CNC Milling;3;15;12;3;3285;25515;28800;591;886;834;800;1;200;800
05/11/2024;2024;11;Nov;Q4;45;CNC Milling;3;20;18;2;5359;23441;28800;597;814;815;900;1;100;900
06/11/2024;2024;11;Nov;Q4;45;CNC Milling;3;11;11;0;4831;23969;28800;674;832;810;1000;1;0;1000
07/11/2024;2024;11;Nov;Q4;45;CNC Milling;3;16;13;3;5250;23550;28800;527;818;793;812;1;1875;8125
08/11/2024;2024;11;Nov;Q4;45;CNC Milling;3;14;14;0;3659;25141;28800;722;873;827;1000;1;0;1000
09/11/2024;2024;11;Nov;Q4;45;CNC Milling;3;14;12;2;4979;23821;28800;604;827;852;857;1;1429;8571
10/11/2024;2024;11;Nov;Q4;45;CNC Milling;3;12;10;2;5978;22822;28800;551;792;835;833;1;1667;8333
11/11/2024;2024;11;Nov;Q4;46;CNC Milling;3;17;13;4;3928;24872;28800;560;864;849;765;1;2353;7647
12/11/2024;2024;11;Nov;Q4;46;CNC Milling;3;16;16;0;3902;24898;28800;764;865;884;1000;1;0;1000
13/11/2024;2024;11;Nov;Q4;46;CNC Milling;3;17;15;2;5420;23380;28800;591;812;825;882;1;1176;8824
14/11/2024;2024;11;Nov;Q4;46;CNC Milling;3;15;14;1;3825;24975;28800;745;867;921;933;1;667;9333
15/11/2024;2024;11;Nov;Q4;46;CNC Milling;3;14;13;1;4523;24277;28800;679;843;867;929;1;714;9286
16/11/2024;2024;11;Nov;Q4;46;CNC Milling;3;14;14;0;6145;22655;28800;657;787;835;1000;1;0;1000
17/11/2024;2024;11;Nov;Q4;46;CNC Milling;3;16;14;2;3916;24884;28800;631;864;835;875;1;125;875
18/11/2024;2024;11;Nov;Q4;47;CNC Milling;3;9;8;1;6211;22589;28800;563;784;808;889;1;1111;8889
19/11/2024;2024;11;Nov;Q4;47;CNC Milling;3;17;17;0;4426;24374;28800;712;846;841;1000;1;0;1000
20/11/2024;2024;11;Nov;Q4;47;CNC Milling;3;21;18;3;3681;25119;28800;575;872;769;857;1;1429;8571
21/11/2024;2024;11;Nov;Q4;47;CNC Milling;3;16;13;3;5318;23482;28800;586;815;884;812;1;1875;8125
22/11/2024;2024;11;Nov;Q4;47;CNC Milling;3;14;12;2;4847;23953;28800;533;832;747;857;1;1429;8571
23/11/2024;2024;11;Nov;Q4;47;CNC Milling;3;14;11;3;4757;24043;28800;553;835;843;786;1;2143;7857
24/11/2024;2024;11;Nov;Q4;47;CNC Milling;3;16;15;1;4015;24785;28800;648;861;803;938;1;625;9375
25/11/2024;2024;11;Nov;Q4;48;CNC Milling;3;14;10;4;4840;23960;28800;486;832;818;714;1;2857;7143
26/11/2024;2024;11;Nov;Q4;48;CNC Milling;3;17;14;3;2783;26017;28800;612;903;823;824;1;1765;8235
27/11/2024;2024;11;Nov;Q4;48;CNC Milling;3;14;13;1;4952;23848;28800;697;828;907;929;1;714;9286
28/11/2024;2024;11;Nov;Q4;48;CNC Milling;3;19;18;1;5976;22824;28800;604;792;805;947;1;526;9474
29/11/2024;2024;11;Nov;Q4;48;CNC Milling;3;19;17;2;3070;25730;28800;698;893;873;895;1;1053;8947
30/11/2024;2024;11;Nov;Q4;48;CNC Milling;3;14;13;1;4359;24441;28800;694;849;881;929;1;714;9286
01/12/2024;2024;12;Dec;Q4;48;CNC Milling;3;14;12;2;3915;24885;28800;565;864;763;857;1;1429;8571
02/12/2024;2024;12;Dec;Q4;49;CNC Milling;3;14;12;2;3311;25489;28800;623;885;821;857;1;1429;8571
03/12/2024;2024;12;Dec;Q4;49;CNC Milling;3;14;12;2;2797;26003;28800;690;903;892;857;1;1429;8571
04/12/2024;2024;12;Dec;Q4;49;CNC Milling;3;12;11;1;3624;25176;28800;639;874;798;917;1;833;9167
05/12/2024;2024;12;Dec;Q4;49;CNC Milling;3;12;12;0;4515;24285;28800;744;843;882;1000;1;0;1000
06/12/2024;2024;12;Dec;Q4;49;CNC Milling;3;18;15;3;5835;22965;28800;559;797;841;833;1;1667;8333
07/12/2024;2024;12;Dec;Q4;49;CNC Milling;3;17;16;1;3300;25500;28800;700;885;840;941;1;588;9412
08/12/2024;2024;12;Dec;Q4;49;CNC Milling;3;17;12;5;5024;23776;28800;492;826;844;706;1;2941;7059
09/12/2024;2024;12;Dec;Q4;50;CNC Milling;3;14;14;0;4953;23847;28800;707;828;854;1000;1;0;1000
10/12/2024;2024;12;Dec;Q4;50;CNC Milling;3;19;14;5;6332;22468;28800;466;780;810;737;1;2632;7368
11/12/2024;2024;12;Dec;Q4;50;CNC Milling;3;14;14;0;5287;23513;28800;680;816;833;1000;1;0;1000
12/12/2024;2024;12;Dec;Q4;50;CNC Milling;3;17;16;1;5341;23459;28800;655;815;854;941;1;588;9412
13/12/2024;2024;12;Dec;Q4;50;CNC Milling;3;11;11;0;5408;23392;28800;689;812;848;1000;1;0;1000
14/12/2024;2024;12;Dec;Q4;50;CNC Milling;3;14;12;2;3868;24932;28800;634;866;854;857;1;1429;8571
15/12/2024;2024;12;Dec;Q4;50;CNC Milling;3;14;11;3;4201;24599;28800;549;854;818;786;1;2143;7857
16/12/2024;2024;12;Dec;Q4;51;CNC Milling;3;14;13;1;5805;22995;28800;640;798;863;929;1;714;9286
17/12/2024;2024;12;Dec;Q4;51;CNC Milling;3;11;8;3;2799;26001;28800;556;903;846;727;1;2727;7273
18/12/2024;2024;12;Dec;Q4;51;CNC Milling;3;16;14;2;4097;24703;28800;592;858;789;875;1;125;875
19/12/2024;2024;12;Dec;Q4;51;CNC Milling;3;17;15;2;3482;25318;28800;639;879;824;882;1;1176;8824
20/12/2024;2024;12;Dec;Q4;51;CNC Milling;3;13;10;3;4967;23833;28800;517;828;812;769;1;2308;7692
21/12/2024;2024;12;Dec;Q4;51;CNC Milling;3;11;10;1;4345;24455;28800;626;849;811;909;1;909;9091
22/12/2024;2024;12;Dec;Q4;51;CNC Milling;3;12;11;1;5339;23461;28800;617;815;826;917;1;833;9167
23/12/2024;2024;12;Dec;Q4;52;CNC Milling;3;16;12;4;4641;24159;28800;543;839;863;750;1;250;750
24/12/2024;2024;12;Dec;Q4;52;CNC Milling;3;13;10;3;3278;25522;28800;560;886;821;769;1;2308;7692
25/12/2024;2024;12;Dec;Q4;52;CNC Milling;3;14;10;4;3322;25478;28800;537;885;850;714;1;2857;7143
26/12/2024;2024;12;Dec;Q4;52;CNC Milling;3;12;9;3;4739;24061;28800;529;835;844;750;1;250;750
27/12/2024;2024;12;Dec;Q4;52;CNC Milling;3;20;19;1;4013;24787;28800;667;861;816;950;1;50;950
28/12/2024;2024;12;Dec;Q4;52;CNC Milling;3;15;12;3;4239;24561;28800;567;853;830;800;1;200;800
29/12/2024;2024;12;Dec;Q4;52;CNC Milling;3;17;15;2;5635;23165;28800;618;804;871;882;1;1176;8824
30/12/2024;2024;12;Dec;Q4;1;CNC Milling;3;16;11;5;5465;23335;28800;472;810;847;688;1;3125;6875
31/12/2024;2024;12;Dec;Q4;1;CNC Milling;3;14;13;1;6451;22349;28800;620;776;860;929;1;714;9286
01/01/2023;2023;1;Jan;Q1;52;EDM Wire-Cut;4;18;18;0;4158;24642;28800;470;856;549;1000;1;0;1000
02/01/2023;2023;1;Jan;Q1;1;EDM Wire-Cut;4;18;18;0;4972;23828;28800;441;827;533;1000;1;0;1000
03/01/2023;2023;1;Jan;Q1;1;EDM Wire-Cut;4;21;20;1;4221;24579;28800;486;853;598;952;1;476;9524
04/01/2023;2023;1;Jan;Q1;1;EDM Wire-Cut;4;13;13;0;4024;24776;28800;494;860;575;1000;1;0;1000
05/01/2023;2023;1;Jan;Q1;1;EDM Wire-Cut;4;14;14;0;3179;25621;28800;488;890;548;1000;1;0;1000
06/01/2023;2023;1;Jan;Q1;1;EDM Wire-Cut;4;15;15;0;4948;23852;28800;476;828;575;1000;1;0;1000
07/01/2023;2023;1;Jan;Q1;1;EDM Wire-Cut;4;15;15;0;2771;26029;28800;528;904;584;1000;1;0;1000
08/01/2023;2023;1;Jan;Q1;1;EDM Wire-Cut;4;16;16;0;2540;26260;28800;518;912;568;1000;1;0;1000
09/01/2023;2023;1;Jan;Q1;2;EDM Wire-Cut;4;13;13;0;4143;24657;28800;470;856;549;1000;1;0;1000
10/01/2023;2023;1;Jan;Q1;2;EDM Wire-Cut;4;11;11;0;3177;25623;28800;494;890;555;1000;1;0;1000
11/01/2023;2023;1;Jan;Q1;2;EDM Wire-Cut;4;19;19;0;4696;24104;28800;478;837;572;1000;1;0;1000
12/01/2023;2023;1;Jan;Q1;2;EDM Wire-Cut;4;16;16;0;2558;26242;28800;519;911;569;1000;1;0;1000
13/01/2023;2023;1;Jan;Q1;2;EDM Wire-Cut;4;14;14;0;4598;24202;28800;498;840;592;1000;1;0;1000
14/01/2023;2023;1;Jan;Q1;2;EDM Wire-Cut;4;16;16;0;4489;24311;28800;472;844;559;1000;1;0;1000
15/01/2023;2023;1;Jan;Q1;2;EDM Wire-Cut;4;19;19;0;3947;24853;28800;469;863;543;1000;1;0;1000
16/01/2023;2023;1;Jan;Q1;3;EDM Wire-Cut;4;13;13;0;2237;26563;28800;575;922;623;1000;1;0;1000
17/01/2023;2023;1;Jan;Q1;3;EDM Wire-Cut;4;15;14;1;2527;26273;28800;484;912;569;933;1;667;9333
18/01/2023;2023;1;Jan;Q1;3;EDM Wire-Cut;4;11;11;0;4041;24759;28800;502;860;584;1000;1;0;1000
19/01/2023;2023;1;Jan;Q1;3;EDM Wire-Cut;4;14;14;0;3677;25123;28800;503;872;577;1000;1;0;1000
20/01/2023;2023;1;Jan;Q1;3;EDM Wire-Cut;4;16;16;0;4417;24383;28800;482;847;569;1000;1;0;1000
21/01/2023;2023;1;Jan;Q1;3;EDM Wire-Cut;4;12;12;0;3803;24997;28800;486;868;560;1000;1;0;1000
22/01/2023;2023;1;Jan;Q1;3;EDM Wire-Cut;4;14;14;0;3736;25064;28800;437;870;502;1000;1;0;1000
23/01/2023;2023;1;Jan;Q1;4;EDM Wire-Cut;4;17;17;0;1985;26815;28800;504;931;541;1000;1;0;1000
24/01/2023;2023;1;Jan;Q1;4;EDM Wire-Cut;4;16;16;0;4490;24310;28800;483;844;572;1000;1;0;1000
25/01/2023;2023;1;Jan;Q1;4;EDM Wire-Cut;4;12;12;0;3355;25445;28800;445;884;504;1000;1;0;1000
26/01/2023;2023;1;Jan;Q1;4;EDM Wire-Cut;4;16;16;0;3549;25251;28800;497;877;567;1000;1;0;1000
27/01/2023;2023;1;Jan;Q1;4;EDM Wire-Cut;4;16;16;0;3031;25769;28800;519;895;580;1000;1;0;1000
28/01/2023;2023;1;Jan;Q1;4;EDM Wire-Cut;4;15;15;0;2668;26132;28800;530;907;584;1000;1;0;1000
29/01/2023;2023;1;Jan;Q1;4;EDM Wire-Cut;4;17;17;0;4991;23809;28800;478;827;579;1000;1;0;1000
30/01/2023;2023;1;Jan;Q1;5;EDM Wire-Cut;4;13;13;0;4470;24330;28800;496;845;587;1000;1;0;1000
31/01/2023;2023;1;Jan;Q1;5;EDM Wire-Cut;4;16;16;0;4482;24318;28800;508;844;601;1000;1;0;1000
01/02/2023;2023;2;Feb;Q1;5;EDM Wire-Cut;4;12;12;0;3689;25111;28800;514;872;590;1000;1;0;1000
02/02/2023;2023;2;Feb;Q1;5;EDM Wire-Cut;4;10;10;0;2516;26284;28800;520;913;569;1000;1;0;1000
03/02/2023;2023;2;Feb;Q1;5;EDM Wire-Cut;4;17;17;0;5477;23323;28800;455;810;562;1000;1;0;1000
04/02/2023;2023;2;Feb;Q1;5;EDM Wire-Cut;4;15;15;0;4182;24618;28800;485;855;568;1000;1;0;1000
05/02/2023;2023;2;Feb;Q1;5;EDM Wire-Cut;4;13;13;0;3962;24838;28800;482;862;559;1000;1;0;1000
06/02/2023;2023;2;Feb;Q1;6;EDM Wire-Cut;4;12;12;0;3579;25221;28800;517;876;590;1000;1;0;1000
07/02/2023;2023;2;Feb;Q1;6;EDM Wire-Cut;4;17;17;0;2279;26521;28800;532;921;578;1000;1;0;1000
08/02/2023;2023;2;Feb;Q1;6;EDM Wire-Cut;4;11;11;0;4736;24064;28800;465;836;556;1000;1;0;1000
09/02/2023;2023;2;Feb;Q1;6;EDM Wire-Cut;4;17;17;0;3040;25760;28800;532;894;595;1000;1;0;1000
10/02/2023;2023;2;Feb;Q1;6;EDM Wire-Cut;4;16;15;1;4278;24522;28800;446;851;558;938;1;625;9375
11/02/2023;2023;2;Feb;Q1;6;EDM Wire-Cut;4;11;11;0;4451;24349;28800;460;845;544;1000;1;0;1000
12/02/2023;2023;2;Feb;Q1;6;EDM Wire-Cut;4;15;15;0;4114;24686;28800;484;857;565;1000;1;0;1000
13/02/2023;2023;2;Feb;Q1;7;EDM Wire-Cut;4;22;22;0;4218;24582;28800;466;854;546;1000;1;0;1000
14/02/2023;2023;2;Feb;Q1;7;EDM Wire-Cut;4;18;18;0;4894;23906;28800;487;830;586;1000;1;0;1000
15/02/2023;2023;2;Feb;Q1;7;EDM Wire-Cut;4;12;12;0;3245;25555;28800;484;887;546;1000;1;0;1000
16/02/2023;2023;2;Feb;Q1;7;EDM Wire-Cut;4;16;16;0;3983;24817;28800;485;862;562;1000;1;0;1000
17/02/2023;2023;2;Feb;Q1;7;EDM Wire-Cut;4;11;11;0;3682;25118;28800;511;872;586;1000;1;0;1000
18/02/2023;2023;2;Feb;Q1;7;EDM Wire-Cut;4;11;11;0;2437;26363;28800;502;915;549;1000;1;0;1000
19/02/2023;2023;2;Feb;Q1;7;EDM Wire-Cut;4;14;14;0;4077;24723;28800;493;858;574;1000;1;0;1000
20/02/2023;2023;2;Feb;Q1;8;EDM Wire-Cut;4;16;16;0;4821;23979;28800;452;833;543;1000;1;0;1000
21/02/2023;2023;2;Feb;Q1;8;EDM Wire-Cut;4;17;17;0;4917;23883;28800;473;829;571;1000;1;0;1000
22/02/2023;2023;2;Feb;Q1;8;EDM Wire-Cut;4;17;17;0;5289;23511;28800;472;816;578;1000;1;0;1000
23/02/2023;2023;2;Feb;Q1;8;EDM Wire-Cut;4;16;16;0;2488;26312;28800;515;914;564;1000;1;0;1000
24/02/2023;2023;2;Feb;Q1;8;EDM Wire-Cut;4;10;10;0;5112;23688;28800;465;822;566;1000;1;0;1000
25/02/2023;2023;2;Feb;Q1;8;EDM Wire-Cut;4;14;14;0;3999;24801;28800;495;861;575;1000;1;0;1000
26/02/2023;2023;2;Feb;Q1;8;EDM Wire-Cut;4;17;17;0;5090;23710;28800;460;823;559;1000;1;0;1000
27/02/2023;2023;2;Feb;Q1;9;EDM Wire-Cut;4;16;16;0;3552;25248;28800;513;877;585;1000;1;0;1000
28/02/2023;2023;2;Feb;Q1;9;EDM Wire-Cut;4;15;15;0;3447;25353;28800;525;880;596;1000;1;0;1000
01/03/2023;2023;3;Mar;Q1;9;EDM Wire-Cut;4;15;15;0;2919;25881;28800;489;899;544;1000;1;0;1000
02/03/2023;2023;3;Mar;Q1;9;EDM Wire-Cut;4;15;14;1;4454;24346;28800;477;845;605;933;1;667;9333
03/03/2023;2023;3;Mar;Q1;9;EDM Wire-Cut;4;9;9;0;4253;24547;28800;476;852;558;1000;1;0;1000
04/03/2023;2023;3;Mar;Q1;9;EDM Wire-Cut;4;18;18;0;2995;25805;28800;547;896;610;1000;1;0;1000
05/03/2023;2023;3;Mar;Q1;9;EDM Wire-Cut;4;14;14;0;2187;26613;28800;516;924;558;1000;1;0;1000
06/03/2023;2023;3;Mar;Q1;10;EDM Wire-Cut;4;16;16;0;4176;24624;28800;497;855;581;1000;1;0;1000
07/03/2023;2023;3;Mar;Q1;10;EDM Wire-Cut;4;9;9;0;4264;24536;28800;495;852;581;1000;1;0;1000
08/03/2023;2023;3;Mar;Q1;10;EDM Wire-Cut;4;19;19;0;3095;25705;28800;496;893;556;1000;1;0;1000
09/03/2023;2023;3;Mar;Q1;10;EDM Wire-Cut;4;12;12;0;2940;25860;28800;509;898;567;1000;1;0;1000
10/03/2023;2023;3;Mar;Q1;10;EDM Wire-Cut;4;21;21;0;4362;24438;28800;507;849;598;1000;1;0;1000
11/03/2023;2023;3;Mar;Q1;10;EDM Wire-Cut;4;20;20;0;5288;23512;28800;455;816;558;1000;1;0;1000
12/03/2023;2023;3;Mar;Q1;10;EDM Wire-Cut;4;11;11;0;3474;25326;28800;489;879;556;1000;1;0;1000
13/03/2023;2023;3;Mar;Q1;11;EDM Wire-Cut;4;17;17;0;3178;25622;28800;479;890;539;1000;1;0;1000
14/03/2023;2023;3;Mar;Q1;11;EDM Wire-Cut;4;12;12;0;4087;24713;28800;515;858;600;1000;1;0;1000
15/03/2023;2023;3;Mar;Q1;11;EDM Wire-Cut;4;13;13;0;4346;24454;28800;471;849;554;1000;1;0;1000
16/03/2023;2023;3;Mar;Q1;11;EDM Wire-Cut;4;13;13;0;3575;25225;28800;519;876;592;1000;1;0;1000
17/03/2023;2023;3;Mar;Q1;11;EDM Wire-Cut;4;16;16;0;5418;23382;28800;448;812;551;1000;1;0;1000
18/03/2023;2023;3;Mar;Q1;11;EDM Wire-Cut;4;15;15;0;4551;24249;28800;498;842;591;1000;1;0;1000
19/03/2023;2023;3;Mar;Q1;11;EDM Wire-Cut;4;11;11;0;3562;25238;28800;511;876;583;1000;1;0;1000
20/03/2023;2023;3;Mar;Q1;12;EDM Wire-Cut;4;16;16;0;2628;26172;28800;509;909;560;1000;1;0;1000
21/03/2023;2023;3;Mar;Q1;12;EDM Wire-Cut;4;14;14;0;4874;23926;28800;456;831;548;1000;1;0;1000
22/03/2023;2023;3;Mar;Q1;12;EDM Wire-Cut;4;10;10;0;4775;24025;28800;459;834;550;1000;1;0;1000
23/03/2023;2023;3;Mar;Q1;12;EDM Wire-Cut;4;13;13;0;3623;25177;28800;481;874;550;1000;1;0;1000
24/03/2023;2023;3;Mar;Q1;12;EDM Wire-Cut;4;19;19;0;4126;24674;28800;505;857;589;1000;1;0;1000
25/03/2023;2023;3;Mar;Q1;12;EDM Wire-Cut;4;14;14;0;3740;25060;28800;495;870;569;1000;1;0;1000
26/03/2023;2023;3;Mar;Q1;12;EDM Wire-Cut;4;10;10;0;4258;24542;28800;460;852;540;1000;1;0;1000
27/03/2023;2023;3;Mar;Q1;13;EDM Wire-Cut;4;17;17;0;3066;25734;28800;500;894;559;1000;1;0;1000
28/03/2023;2023;3;Mar;Q1;13;EDM Wire-Cut;4;12;12;0;2956;25844;28800;504;897;562;1000;1;0;1000
29/03/2023;2023;3;Mar;Q1;13;EDM Wire-Cut;4;15;15;0;4481;24319;28800;436;844;517;1000;1;0;1000
30/03/2023;2023;3;Mar;Q1;13;EDM Wire-Cut;4;14;14;0;4579;24221;28800;471;841;561;1000;1;0;1000
31/03/2023;2023;3;Mar;Q1;13;EDM Wire-Cut;4;19;19;0;3478;25322;28800;511;879;581;1000;1;0;1000
01/04/2023;2023;4;Apr;Q2;13;EDM Wire-Cut;4;14;14;0;3278;25522;28800;498;886;562;1000;1;0;1000
02/04/2023;2023;4;Apr;Q2;13;EDM Wire-Cut;4;12;12;0;4741;24059;28800;477;835;571;1000;1;0;1000
03/04/2023;2023;4;Apr;Q2;14;EDM Wire-Cut;4;13;13;0;3304;25496;28800;510;885;576;1000;1;0;1000
04/04/2023;2023;4;Apr;Q2;14;EDM Wire-Cut;4;11;11;0;3899;24901;28800;482;865;557;1000;1;0;1000
05/04/2023;2023;4;Apr;Q2;14;EDM Wire-Cut;4;14;14;0;3801;24999;28800;505;868;582;1000;1;0;1000
06/04/2023;2023;4;Apr;Q2;14;EDM Wire-Cut;4;19;18;1;2725;26075;28800;513;905;598;947;1;526;9474
07/04/2023;2023;4;Apr;Q2;14;EDM Wire-Cut;4;18;18;0;4004;24796;28800;457;861;531;1000;1;0;1000
08/04/2023;2023;4;Apr;Q2;14;EDM Wire-Cut;4;20;20;0;3929;24871;28800;481;864;557;1000;1;0;1000
09/04/2023;2023;4;Apr;Q2;14;EDM Wire-Cut;4;16;16;0;4134;24666;28800;529;856;618;1000;1;0;1000
10/04/2023;2023;4;Apr;Q2;15;EDM Wire-Cut;4;15;15;0;3978;24822;28800;490;862;569;1000;1;0;1000
11/04/2023;2023;4;Apr;Q2;15;EDM Wire-Cut;4;12;12;0;5503;23297;28800;456;809;564;1000;1;0;1000
12/04/2023;2023;4;Apr;Q2;15;EDM Wire-Cut;4;15;15;0;4752;24048;28800;467;835;559;1000;1;0;1000
13/04/2023;2023;4;Apr;Q2;15;EDM Wire-Cut;4;14;14;0;3886;24914;28800;514;865;594;1000;1;0;1000
14/04/2023;2023;4;Apr;Q2;15;EDM Wire-Cut;4;17;17;0;3956;24844;28800;469;863;544;1000;1;0;1000
15/04/2023;2023;4;Apr;Q2;15;EDM Wire-Cut;4;12;12;0;5216;23584;28800;480;819;586;1000;1;0;1000
16/04/2023;2023;4;Apr;Q2;15;EDM Wire-Cut;4;15;15;0;4522;24278;28800;471;843;559;1000;1;0;1000
17/04/2023;2023;4;Apr;Q2;16;EDM Wire-Cut;4;10;10;0;2908;25892;28800;493;899;548;1000;1;0;1000
18/04/2023;2023;4;Apr;Q2;16;EDM Wire-Cut;4;15;14;1;4588;24212;28800;439;841;560;933;1;667;9333
19/04/2023;2023;4;Apr;Q2;16;EDM Wire-Cut;4;16;16;0;4814;23986;28800;470;833;564;1000;1;0;1000
20/04/2023;2023;4;Apr;Q2;16;EDM Wire-Cut;4;10;10;0;5104;23696;28800;456;823;554;1000;1;0;1000
21/04/2023;2023;4;Apr;Q2;16;EDM Wire-Cut;4;11;11;0;3546;25254;28800;517;877;590;1000;1;0;1000
22/04/2023;2023;4;Apr;Q2;16;EDM Wire-Cut;4;11;11;0;3490;25310;28800;482;879;548;1000;1;0;1000
23/04/2023;2023;4;Apr;Q2;16;EDM Wire-Cut;4;14;14;0;3130;25670;28800;506;891;568;1000;1;0;1000
24/04/2023;2023;4;Apr;Q2;17;EDM Wire-Cut;4;11;11;0;4094;24706;28800;495;858;577;1000;1;0;1000
25/04/2023;2023;4;Apr;Q2;17;EDM Wire-Cut;4;18;18;0;4421;24379;28800;481;846;568;1000;1;0;1000
26/04/2023;2023;4;Apr;Q2;17;EDM Wire-Cut;4;16;16;0;3460;25340;28800;512;880;582;1000;1;0;1000
27/04/2023;2023;4;Apr;Q2;17;EDM Wire-Cut;4;16;15;1;3747;25053;28800;453;870;555;938;1;625;9375
28/04/2023;2023;4;Apr;Q2;17;EDM Wire-Cut;4;10;10;0;2272;26528;28800;533;921;579;1000;1;0;1000
29/04/2023;2023;4;Apr;Q2;17;EDM Wire-Cut;4;18;18;0;5020;23780;28800;479;826;580;1000;1;0;1000
30/04/2023;2023;4;Apr;Q2;17;EDM Wire-Cut;4;16;16;0;2649;26151;28800;533;908;587;1000;1;0;1000
01/05/2023;2023;5;May;Q2;18;EDM Wire-Cut;4;13;12;1;4145;24655;28800;413;856;522;923;1;769;9231
02/05/2023;2023;5;May;Q2;18;EDM Wire-Cut;4;11;11;0;4040;24760;28800;496;860;577;1000;1;0;1000
03/05/2023;2023;5;May;Q2;18;EDM Wire-Cut;4;14;14;0;3891;24909;28800;506;865;585;1000;1;0;1000
04/05/2023;2023;5;May;Q2;18;EDM Wire-Cut;4;13;13;0;3909;24891;28800;480;864;556;1000;1;0;1000
05/05/2023;2023;5;May;Q2;18;EDM Wire-Cut;4;13;13;0;3076;25724;28800;494;893;553;1000;1;0;1000
06/05/2023;2023;5;May;Q2;18;EDM Wire-Cut;4;13;13;0;3603;25197;28800;480;875;549;1000;1;0;1000
07/05/2023;2023;5;May;Q2;18;EDM Wire-Cut;4;17;17;0;4603;24197;28800;455;840;542;1000;1;0;1000
08/05/2023;2023;5;May;Q2;19;EDM Wire-Cut;4;8;8;0;4832;23968;28800;483;832;580;1000;1;0;1000
09/05/2023;2023;5;May;Q2;19;EDM Wire-Cut;4;18;18;0;3531;25269;28800;541;877;617;1000;1;0;1000
10/05/2023;2023;5;May;Q2;19;EDM Wire-Cut;4;17;17;0;2653;26147;28800;502;908;552;1000;1;0;1000
11/05/2023;2023;5;May;Q2;19;EDM Wire-Cut;4;15;15;0;3256;25544;28800;492;887;554;1000;1;0;1000
12/05/2023;2023;5;May;Q2;19;EDM Wire-Cut;4;14;14;0;5285;23515;28800;462;816;565;1000;1;0;1000
13/05/2023;2023;5;May;Q2;19;EDM Wire-Cut;4;17;17;0;3301;25499;28800;468;885;529;1000;1;0;1000
14/05/2023;2023;5;May;Q2;19;EDM Wire-Cut;4;15;15;0;3781;25019;28800;477;869;549;1000;1;0;1000
15/05/2023;2023;5;May;Q2;20;EDM Wire-Cut;4;14;14;0;4948;23852;28800;467;828;564;1000;1;0;1000
16/05/2023;2023;5;May;Q2;20;EDM Wire-Cut;4;18;18;0;3450;25350;28800;480;880;545;1000;1;0;1000
17/05/2023;2023;5;May;Q2;20;EDM Wire-Cut;4;20;20;0;3728;25072;28800;515;871;592;1000;1;0;1000
18/05/2023;2023;5;May;Q2;20;EDM Wire-Cut;4;12;12;0;4469;24331;28800;453;845;536;1000;1;0;1000
19/05/2023;2023;5;May;Q2;20;EDM Wire-Cut;4;16;16;0;5176;23624;28800;480;820;585;1000;1;0;1000
20/05/2023;2023;5;May;Q2;20;EDM Wire-Cut;4;12;12;0;3358;25442;28800;528;883;598;1000;1;0;1000
21/05/2023;2023;5;May;Q2;20;EDM Wire-Cut;4;16;16;0;4930;23870;28800;475;829;574;1000;1;0;1000
22/05/2023;2023;5;May;Q2;21;EDM Wire-Cut;4;13;13;0;3639;25161;28800;491;874;562;1000;1;0;1000
23/05/2023;2023;5;May;Q2;21;EDM Wire-Cut;4;18;18;0;3173;25627;28800;508;890;571;1000;1;0;1000
24/05/2023;2023;5;May;Q2;21;EDM Wire-Cut;4;14;14;0;4048;24752;28800;477;859;555;1000;1;0;1000
25/05/2023;2023;5;May;Q2;21;EDM Wire-Cut;4;15;15;0;2963;25837;28800;466;897;519;1000;1;0;1000
26/05/2023;2023;5;May;Q2;21;EDM Wire-Cut;4;19;19;0;4220;24580;28800;463;853;543;1000;1;0;1000
27/05/2023;2023;5;May;Q2;21;EDM Wire-Cut;4;13;13;0;6285;22515;28800;442;782;565;1000;1;0;1000
28/05/2023;2023;5;May;Q2;21;EDM Wire-Cut;4;16;16;0;4709;24091;28800;455;836;544;1000;1;0;1000
29/05/2023;2023;5;May;Q2;22;EDM Wire-Cut;4;13;13;0;3775;25025;28800;483;869;556;1000;1;0;1000
30/05/2023;2023;5;May;Q2;22;EDM Wire-Cut;4;18;18;0;4667;24133;28800;483;838;576;1000;1;0;1000
31/05/2023;2023;5;May;Q2;22;EDM Wire-Cut;4;19;19;0;3138;25662;28800;506;891;568;1000;1;0;1000
01/06/2023;2023;6;Jun;Q2;22;EDM Wire-Cut;4;14;14;0;3267;25533;28800;522;887;589;1000;1;0;1000
02/06/2023;2023;6;Jun;Q2;22;EDM Wire-Cut;4;9;9;0;3797;25003;28800;496;868;572;1000;1;0;1000
03/06/2023;2023;6;Jun;Q2;22;EDM Wire-Cut;4;13;13;0;3924;24876;28800;495;864;573;1000;1;0;1000
04/06/2023;2023;6;Jun;Q2;22;EDM Wire-Cut;4;21;21;0;2859;25941;28800;494;901;549;1000;1;0;1000
05/06/2023;2023;6;Jun;Q2;23;EDM Wire-Cut;4;13;13;0;3620;25180;28800;468;874;535;1000;1;0;1000
06/06/2023;2023;6;Jun;Q2;23;EDM Wire-Cut;4;19;19;0;3745;25055;28800;483;870;556;1000;1;0;1000
07/06/2023;2023;6;Jun;Q2;23;EDM Wire-Cut;4;13;13;0;5045;23755;28800;452;825;549;1000;1;0;1000
08/06/2023;2023;6;Jun;Q2;23;EDM Wire-Cut;4;13;13;0;2859;25941;28800;506;901;561;1000;1;0;1000
09/06/2023;2023;6;Jun;Q2;23;EDM Wire-Cut;4;17;17;0;2787;26013;28800;489;903;541;1000;1;0;1000
10/06/2023;2023;6;Jun;Q2;23;EDM Wire-Cut;4;16;16;0;3992;24808;28800;503;861;584;1000;1;0;1000
11/06/2023;2023;6;Jun;Q2;23;EDM Wire-Cut;4;17;17;0;4744;24056;28800;458;835;548;1000;1;0;1000
12/06/2023;2023;6;Jun;Q2;24;EDM Wire-Cut;4;15;15;0;4281;24519;28800;474;851;557;1000;1;0;1000
13/06/2023;2023;6;Jun;Q2;24;EDM Wire-Cut;4;17;17;0;4089;24711;28800;484;858;565;1000;1;0;1000
14/06/2023;2023;6;Jun;Q2;24;EDM Wire-Cut;4;17;17;0;3633;25167;28800;516;874;590;1000;1;0;1000
15/06/2023;2023;6;Jun;Q2;24;EDM Wire-Cut;4;18;18;0;4377;24423;28800;513;848;605;1000;1;0;1000
16/06/2023;2023;6;Jun;Q2;24;EDM Wire-Cut;4;13;12;1;4494;24306;28800;472;844;606;923;1;769;9231
17/06/2023;2023;6;Jun;Q2;24;EDM Wire-Cut;4;17;17;0;3658;25142;28800;468;873;536;1000;1;0;1000
18/06/2023;2023;6;Jun;Q2;24;EDM Wire-Cut;4;13;13;0;3124;25676;28800;496;892;557;1000;1;0;1000
19/06/2023;2023;6;Jun;Q2;25;EDM Wire-Cut;4;14;14;0;3129;25671;28800;492;891;552;1000;1;0;1000
20/06/2023;2023;6;Jun;Q2;25;EDM Wire-Cut;4;14;14;0;4534;24266;28800;483;843;573;1000;1;0;1000
21/06/2023;2023;6;Jun;Q2;25;EDM Wire-Cut;4;12;12;0;2665;26135;28800;519;907;572;1000;1;0;1000
22/06/2023;2023;6;Jun;Q2;25;EDM Wire-Cut;4;10;10;0;5149;23651;28800;453;821;552;1000;1;0;1000
23/06/2023;2023;6;Jun;Q2;25;EDM Wire-Cut;4;18;18;0;3504;25296;28800;483;878;550;1000;1;0;1000
24/06/2023;2023;6;Jun;Q2;25;EDM Wire-Cut;4;13;13;0;4095;24705;28800;465;858;542;1000;1;0;1000
25/06/2023;2023;6;Jun;Q2;25;EDM Wire-Cut;4;14;14;0;4397;24403;28800;428;847;505;1000;1;0;1000
26/06/2023;2023;6;Jun;Q2;26;EDM Wire-Cut;4;13;13;0;3329;25471;28800;474;884;536;1000;1;0;1000
27/06/2023;2023;6;Jun;Q2;26;EDM Wire-Cut;4;14;14;0;3501;25299;28800;514;878;585;1000;1;0;1000
28/06/2023;2023;6;Jun;Q2;26;EDM Wire-Cut;4;13;13;0;3958;24842;28800;516;863;598;1000;1;0;1000
29/06/2023;2023;6;Jun;Q2;26;EDM Wire-Cut;4;18;18;0;3198;25602;28800;529;889;595;1000;1;0;1000
30/06/2023;2023;6;Jun;Q2;26;EDM Wire-Cut;4;13;13;0;3033;25767;28800;524;895;586;1000;1;0;1000
01/07/2023;2023;7;Jul;Q3;26;EDM Wire-Cut;4;19;19;0;3102;25698;28800;484;892;542;1000;1;0;1000
02/07/2023;2023;7;Jul;Q3;26;EDM Wire-Cut;4;18;18;0;4789;24011;28800;449;834;538;1000;1;0;1000
03/07/2023;2023;7;Jul;Q3;27;EDM Wire-Cut;4;13;13;0;4163;24637;28800;448;855;524;1000;1;0;1000
04/07/2023;2023;7;Jul;Q3;27;EDM Wire-Cut;4;15;15;0;3244;25556;28800;490;887;552;1000;1;0;1000
05/07/2023;2023;7;Jul;Q3;27;EDM Wire-Cut;4;16;16;0;4529;24271;28800;478;843;567;1000;1;0;1000
06/07/2023;2023;7;Jul;Q3;27;EDM Wire-Cut;4;17;17;0;3287;25513;28800;480;886;542;1000;1;0;1000
07/07/2023;2023;7;Jul;Q3;27;EDM Wire-Cut;4;17;17;0;2352;26448;28800;528;918;575;1000;1;0;1000
08/07/2023;2023;7;Jul;Q3;27;EDM Wire-Cut;4;15;15;0;4393;24407;28800;491;847;580;1000;1;0;1000
09/07/2023;2023;7;Jul;Q3;27;EDM Wire-Cut;4;12;12;0;5126;23674;28800;456;822;554;1000;1;0;1000
10/07/2023;2023;7;Jul;Q3;28;EDM Wire-Cut;4;16;16;0;4286;24514;28800;455;851;535;1000;1;0;1000
11/07/2023;2023;7;Jul;Q3;28;EDM Wire-Cut;4;14;14;0;2401;26399;28800;547;917;596;1000;1;0;1000
12/07/2023;2023;7;Jul;Q3;28;EDM Wire-Cut;4;7;7;0;3838;24962;28800;490;867;566;1000;1;0;1000
13/07/2023;2023;7;Jul;Q3;28;EDM Wire-Cut;4;16;16;0;3644;25156;28800;532;873;609;1000;1;0;1000
14/07/2023;2023;7;Jul;Q3;28;EDM Wire-Cut;4;13;13;0;4148;24652;28800;485;856;567;1000;1;0;1000
15/07/2023;2023;7;Jul;Q3;28;EDM Wire-Cut;4;13;13;0;3203;25597;28800;505;889;569;1000;1;0;1000
16/07/2023;2023;7;Jul;Q3;28;EDM Wire-Cut;4;15;15;0;3599;25201;28800;475;875;543;1000;1;0;1000
17/07/2023;2023;7;Jul;Q3;29;EDM Wire-Cut;4;11;11;0;2761;26039;28800;502;904;555;1000;1;0;1000
18/07/2023;2023;7;Jul;Q3;29;EDM Wire-Cut;4;15;15;0;4027;24773;28800;456;860;530;1000;1;0;1000
19/07/2023;2023;7;Jul;Q3;29;EDM Wire-Cut;4;14;14;0;2790;26010;28800;483;903;535;1000;1;0;1000
20/07/2023;2023;7;Jul;Q3;29;EDM Wire-Cut;4;12;12;0;4193;24607;28800;497;854;582;1000;1;0;1000
21/07/2023;2023;7;Jul;Q3;29;EDM Wire-Cut;4;15;15;0;3277;25523;28800;495;886;559;1000;1;0;1000
22/07/2023;2023;7;Jul;Q3;29;EDM Wire-Cut;4;10;10;0;1433;27367;28800;528;950;555;1000;1;0;1000
23/07/2023;2023;7;Jul;Q3;29;EDM Wire-Cut;4;15;15;0;4468;24332;28800;463;845;548;1000;1;0;1000
24/07/2023;2023;7;Jul;Q3;30;EDM Wire-Cut;4;16;16;0;4237;24563;28800;474;853;556;1000;1;0;1000
25/07/2023;2023;7;Jul;Q3;30;EDM Wire-Cut;4;15;14;1;4899;23901;28800;457;830;591;933;1;667;9333
26/07/2023;2023;7;Jul;Q3;30;EDM Wire-Cut;4;17;16;1;2244;26556;28800;493;922;568;941;1;588;9412
27/07/2023;2023;7;Jul;Q3;30;EDM Wire-Cut;4;18;18;0;3351;25449;28800;476;884;538;1000;1;0;1000
28/07/2023;2023;7;Jul;Q3;30;EDM Wire-Cut;4;14;14;0;3958;24842;28800;507;863;588;1000;1;0;1000
29/07/2023;2023;7;Jul;Q3;30;EDM Wire-Cut;4;17;17;0;4297;24503;28800;514;851;604;1000;1;0;1000
30/07/2023;2023;7;Jul;Q3;30;EDM Wire-Cut;4;14;14;0;2728;26072;28800;522;905;576;1000;1;0;1000
31/07/2023;2023;7;Jul;Q3;31;EDM Wire-Cut;4;13;13;0;4189;24611;28800;500;855;585;1000;1;0;1000
01/08/2023;2023;8;Aug;Q3;31;EDM Wire-Cut;4;14;14;0;3415;25385;28800;522;881;593;1000;1;0;1000
02/08/2023;2023;8;Aug;Q3;31;EDM Wire-Cut;4;15;15;0;2425;26375;28800;483;916;528;1000;1;0;1000
03/08/2023;2023;8;Aug;Q3;31;EDM Wire-Cut;4;17;17;0;3277;25523;28800;538;886;607;1000;1;0;1000
04/08/2023;2023;8;Aug;Q3;31;EDM Wire-Cut;4;15;15;0;4253;24547;28800;503;852;590;1000;1;0;1000
05/08/2023;2023;8;Aug;Q3;31;EDM Wire-Cut;4;13;13;0;2458;26342;28800;527;915;576;1000;1;0;1000
06/08/2023;2023;8;Aug;Q3;31;EDM Wire-Cut;4;18;18;0;4347;24453;28800;477;849;562;1000;1;0;1000
07/08/2023;2023;8;Aug;Q3;32;EDM Wire-Cut;4;11;11;0;4075;24725;28800;459;859;535;1000;1;0;1000
08/08/2023;2023;8;Aug;Q3;32;EDM Wire-Cut;4;13;13;0;3660;25140;28800;487;873;558;1000;1;0;1000
09/08/2023;2023;8;Aug;Q3;32;EDM Wire-Cut;4;17;17;0;2595;26205;28800;523;910;575;1000;1;0;1000
10/08/2023;2023;8;Aug;Q3;32;EDM Wire-Cut;4;19;19;0;2657;26143;28800;490;908;540;1000;1;0;1000
11/08/2023;2023;8;Aug;Q3;32;EDM Wire-Cut;4;16;16;0;3549;25251;28800;494;877;563;1000;1;0;1000
12/08/2023;2023;8;Aug;Q3;32;EDM Wire-Cut;4;15;15;0;2988;25812;28800;482;896;538;1000;1;0;1000
13/08/2023;2023;8;Aug;Q3;32;EDM Wire-Cut;4;14;13;1;3599;25201;28800;452;875;556;929;1;714;9286
14/08/2023;2023;8;Aug;Q3;33;EDM Wire-Cut;4;16;16;0;4555;24245;28800;450;842;534;1000;1;0;1000
15/08/2023;2023;8;Aug;Q3;33;EDM Wire-Cut;4;15;15;0;3645;25155;28800;465;873;532;1000;1;0;1000
16/08/2023;2023;8;Aug;Q3;33;EDM Wire-Cut;4;13;13;0;3624;25176;28800;501;874;573;1000;1;0;1000
17/08/2023;2023;8;Aug;Q3;33;EDM Wire-Cut;4;14;14;0;3625;25175;28800;482;874;552;1000;1;0;1000
18/08/2023;2023;8;Aug;Q3;33;EDM Wire-Cut;4;12;12;0;4638;24162;28800;465;839;554;1000;1;0;1000
19/08/2023;2023;8;Aug;Q3;33;EDM Wire-Cut;4;15;15;0;4853;23947;28800;458;831;551;1000;1;0;1000
20/08/2023;2023;8;Aug;Q3;33;EDM Wire-Cut;4;15;15;0;4181;24619;28800;536;855;627;1000;1;0;1000
21/08/2023;2023;8;Aug;Q3;34;EDM Wire-Cut;4;19;18;1;3961;24839;28800;473;862;579;947;1;526;9474
22/08/2023;2023;8;Aug;Q3;34;EDM Wire-Cut;4;13;13;0;4033;24767;28800;500;860;581;1000;1;0;1000
23/08/2023;2023;8;Aug;Q3;34;EDM Wire-Cut;4;14;14;0;4957;23843;28800;453;828;547;1000;1;0;1000
24/08/2023;2023;8;Aug;Q3;34;EDM Wire-Cut;4;18;18;0;4223;24577;28800;492;853;576;1000;1;0;1000
25/08/2023;2023;8;Aug;Q3;34;EDM Wire-Cut;4;19;19;0;5030;23770;28800;462;825;560;1000;1;0;1000
26/08/2023;2023;8;Aug;Q3;34;EDM Wire-Cut;4;16;16;0;3533;25267;28800;480;877;547;1000;1;0;1000
27/08/2023;2023;8;Aug;Q3;34;EDM Wire-Cut;4;14;14;0;2826;25974;28800;549;902;609;1000;1;0;1000
28/08/2023;2023;8;Aug;Q3;35;EDM Wire-Cut;4;13;13;0;3340;25460;28800;511;884;578;1000;1;0;1000
29/08/2023;2023;8;Aug;Q3;35;EDM Wire-Cut;4;10;10;0;3422;25378;28800;508;881;577;1000;1;0;1000
30/08/2023;2023;8;Aug;Q3;35;EDM Wire-Cut;4;12;12;0;5093;23707;28800;447;823;543;1000;1;0;1000
31/08/2023;2023;8;Aug;Q3;35;EDM Wire-Cut;4;15;15;0;4424;24376;28800;454;846;536;1000;1;0;1000
01/09/2023;2023;9;Sep;Q3;35;EDM Wire-Cut;4;14;14;0;3364;25436;28800;498;883;564;1000;1;0;1000
02/09/2023;2023;9;Sep;Q3;35;EDM Wire-Cut;4;16;16;0;4479;24321;28800;466;844;552;1000;1;0;1000
03/09/2023;2023;9;Sep;Q3;35;EDM Wire-Cut;4;14;14;0;3756;25044;28800;503;870;579;1000;1;0;1000
04/09/2023;2023;9;Sep;Q3;36;EDM Wire-Cut;4;13;13;0;5117;23683;28800;477;822;580;1000;1;0;1000
05/09/2023;2023;9;Sep;Q3;36;EDM Wire-Cut;4;16;16;0;3599;25201;28800;496;875;566;1000;1;0;1000
06/09/2023;2023;9;Sep;Q3;36;EDM Wire-Cut;4;21;21;0;2669;26131;28800;530;907;584;1000;1;0;1000
07/09/2023;2023;9;Sep;Q3;36;EDM Wire-Cut;4;14;14;0;3712;25088;28800;496;871;569;1000;1;0;1000
08/09/2023;2023;9;Sep;Q3;36;EDM Wire-Cut;4;15;15;0;3599;25201;28800;477;875;545;1000;1;0;1000
09/09/2023;2023;9;Sep;Q3;36;EDM Wire-Cut;4;17;17;0;2820;25980;28800;506;902;561;1000;1;0;1000
10/09/2023;2023;9;Sep;Q3;36;EDM Wire-Cut;4;13;13;0;4308;24492;28800;483;850;568;1000;1;0;1000
11/09/2023;2023;9;Sep;Q3;37;EDM Wire-Cut;4;18;17;1;4955;23845;28800;458;828;586;944;1;556;9444
12/09/2023;2023;9;Sep;Q3;37;EDM Wire-Cut;4;10;10;0;2990;25810;28800;511;896;570;1000;1;0;1000
13/09/2023;2023;9;Sep;Q3;37;EDM Wire-Cut;4;14;14;0;4606;24194;28800;464;840;552;1000;1;0;1000
14/09/2023;2023;9;Sep;Q3;37;EDM Wire-Cut;4;14;14;0;3388;25412;28800;518;882;587;1000;1;0;1000
15/09/2023;2023;9;Sep;Q3;37;EDM Wire-Cut;4;15;15;0;3837;24963;28800;497;867;574;1000;1;0;1000
16/09/2023;2023;9;Sep;Q3;37;EDM Wire-Cut;4;9;9;0;3756;25044;28800;522;870;600;1000;1;0;1000
17/09/2023;2023;9;Sep;Q3;37;EDM Wire-Cut;4;18;18;0;3837;24963;28800;491;867;567;1000;1;0;1000
18/09/2023;2023;9;Sep;Q3;38;EDM Wire-Cut;4;16;16;0;4221;24579;28800;462;853;542;1000;1;0;1000
19/09/2023;2023;9;Sep;Q3;38;EDM Wire-Cut;4;18;18;0;3066;25734;28800;529;894;592;1000;1;0;1000
20/09/2023;2023;9;Sep;Q3;38;EDM Wire-Cut;4;19;19;0;4853;23947;28800;459;831;552;1000;1;0;1000
21/09/2023;2023;9;Sep;Q3;38;EDM Wire-Cut;4;13;13;0;4244;24556;28800;487;853;572;1000;1;0;1000
22/09/2023;2023;9;Sep;Q3;38;EDM Wire-Cut;4;8;8;0;4500;24300;28800;480;844;569;1000;1;0;1000
23/09/2023;2023;9;Sep;Q3;38;EDM Wire-Cut;4;18;18;0;3254;25546;28800;502;887;566;1000;1;0;1000
24/09/2023;2023;9;Sep;Q3;38;EDM Wire-Cut;4;14;14;0;2996;25804;28800;503;896;561;1000;1;0;1000
25/09/2023;2023;9;Sep;Q3;39;EDM Wire-Cut;4;12;12;0;4768;24032;28800;440;834;528;1000;1;0;1000
26/09/2023;2023;9;Sep;Q3;39;EDM Wire-Cut;4;16;16;0;2963;25837;28800;487;897;542;1000;1;0;1000
27/09/2023;2023;9;Sep;Q3;39;EDM Wire-Cut;4;21;21;0;3971;24829;28800;509;862;590;1000;1;0;1000
28/09/2023;2023;9;Sep;Q3;39;EDM Wire-Cut;4;14;14;0;4642;24158;28800;482;839;575;1000;1;0;1000
29/09/2023;2023;9;Sep;Q3;39;EDM Wire-Cut;4;17;17;0;3758;25042;28800;529;870;608;1000;1;0;1000
30/09/2023;2023;9;Sep;Q3;39;EDM Wire-Cut;4;12;12;0;4758;24042;28800;452;835;542;1000;1;0;1000
01/10/2023;2023;10;Oct;Q4;39;EDM Wire-Cut;4;10;10;0;3647;25153;28800;493;873;564;1000;1;0;1000
02/10/2023;2023;10;Oct;Q4;40;EDM Wire-Cut;4;17;16;1;2871;25929;28800;501;900;591;941;1;588;9412
03/10/2023;2023;10;Oct;Q4;40;EDM Wire-Cut;4;16;16;0;4145;24655;28800;473;856;552;1000;1;0;1000
04/10/2023;2023;10;Oct;Q4;40;EDM Wire-Cut;4;13;13;0;4009;24791;28800;477;861;554;1000;1;0;1000
05/10/2023;2023;10;Oct;Q4;40;EDM Wire-Cut;4;19;19;0;5929;22871;28800;443;794;558;1000;1;0;1000
06/10/2023;2023;10;Oct;Q4;40;EDM Wire-Cut;4;10;10;0;3127;25673;28800;495;891;555;1000;1;0;1000
07/10/2023;2023;10;Oct;Q4;40;EDM Wire-Cut;4;11;11;0;3662;25138;28800;504;873;577;1000;1;0;1000
08/10/2023;2023;10;Oct;Q4;40;EDM Wire-Cut;4;13;13;0;3292;25508;28800;465;886;525;1000;1;0;1000
09/10/2023;2023;10;Oct;Q4;41;EDM Wire-Cut;4;14;14;0;3746;25054;28800;524;870;602;1000;1;0;1000
10/10/2023;2023;10;Oct;Q4;41;EDM Wire-Cut;4;18;18;0;3715;25085;28800;473;871;543;1000;1;0;1000
11/10/2023;2023;10;Oct;Q4;41;EDM Wire-Cut;4;15;15;0;3183;25617;28800;460;889;517;1000;1;0;1000
12/10/2023;2023;10;Oct;Q4;41;EDM Wire-Cut;4;14;14;0;4217;24583;28800;482;854;565;1000;1;0;1000
13/10/2023;2023;10;Oct;Q4;41;EDM Wire-Cut;4;11;10;1;3691;25109;28800;441;872;556;909;1;909;9091
14/10/2023;2023;10;Oct;Q4;41;EDM Wire-Cut;4;17;17;0;4894;23906;28800;466;830;561;1000;1;0;1000
15/10/2023;2023;10;Oct;Q4;41;EDM Wire-Cut;4;12;12;0;3356;25444;28800;505;883;572;1000;1;0;1000
16/10/2023;2023;10;Oct;Q4;42;EDM Wire-Cut;4;11;11;0;5292;23508;28800;473;816;580;1000;1;0;1000
17/10/2023;2023;10;Oct;Q4;42;EDM Wire-Cut;4;14;14;0;4069;24731;28800;518;859;603;1000;1;0;1000
18/10/2023;2023;10;Oct;Q4;42;EDM Wire-Cut;4;15;15;0;4836;23964;28800;457;832;549;1000;1;0;1000
19/10/2023;2023;10;Oct;Q4;42;EDM Wire-Cut;4;13;13;0;3945;24855;28800;503;863;582;1000;1;0;1000
20/10/2023;2023;10;Oct;Q4;42;EDM Wire-Cut;4;16;16;0;3254;25546;28800;515;887;581;1000;1;0;1000
21/10/2023;2023;10;Oct;Q4;42;EDM Wire-Cut;4;14;14;0;3653;25147;28800;441;873;505;1000;1;0;1000
22/10/2023;2023;10;Oct;Q4;42;EDM Wire-Cut;4;17;17;0;2787;26013;28800;493;903;546;1000;1;0;1000
23/10/2023;2023;10;Oct;Q4;43;EDM Wire-Cut;4;16;16;0;3770;25030;28800;466;869;536;1000;1;0;1000
24/10/2023;2023;10;Oct;Q4;43;EDM Wire-Cut;4;19;19;0;3989;24811;28800;495;861;575;1000;1;0;1000
25/10/2023;2023;10;Oct;Q4;43;EDM Wire-Cut;4;13;13;0;3891;24909;28800;495;865;573;1000;1;0;1000
26/10/2023;2023;10;Oct;Q4;43;EDM Wire-Cut;4;17;17;0;4882;23918;28800;476;830;573;1000;1;0;1000
27/10/2023;2023;10;Oct;Q4;43;EDM Wire-Cut;4;10;10;0;3741;25059;28800;486;870;558;1000;1;0;1000
28/10/2023;2023;10;Oct;Q4;43;EDM Wire-Cut;4;22;21;1;2395;26405;28800;490;917;560;955;1;455;9545
29/10/2023;2023;10;Oct;Q4;43;EDM Wire-Cut;4;17;17;0;6589;22211;28800;435;771;564;1000;1;0;1000
30/10/2023;2023;10;Oct;Q4;44;EDM Wire-Cut;4;14;14;0;3323;25477;28800;492;885;556;1000;1;0;1000
31/10/2023;2023;10;Oct;Q4;44;EDM Wire-Cut;4;14;14;0;4603;24197;28800;489;840;583;1000;1;0;1000
01/11/2023;2023;11;Nov;Q4;44;EDM Wire-Cut;4;14;14;0;2696;26104;28800;490;906;541;1000;1;0;1000
02/11/2023;2023;11;Nov;Q4;44;EDM Wire-Cut;4;19;19;0;4045;24755;28800;470;860;547;1000;1;0;1000
03/11/2023;2023;11;Nov;Q4;44;EDM Wire-Cut;4;17;17;0;3243;25557;28800;504;887;568;1000;1;0;1000
04/11/2023;2023;11;Nov;Q4;44;EDM Wire-Cut;4;13;13;0;1679;27121;28800;524;942;557;1000;1;0;1000
05/11/2023;2023;11;Nov;Q4;44;EDM Wire-Cut;4;11;11;0;3638;25162;28800;472;874;540;1000;1;0;1000
06/11/2023;2023;11;Nov;Q4;45;EDM Wire-Cut;4;18;18;0;3817;24983;28800;501;867;577;1000;1;0;1000
07/11/2023;2023;11;Nov;Q4;45;EDM Wire-Cut;4;17;17;0;3687;25113;28800;481;872;552;1000;1;0;1000
08/11/2023;2023;11;Nov;Q4;45;EDM Wire-Cut;4;16;16;0;4044;24756;28800;469;860;546;1000;1;0;1000
09/11/2023;2023;11;Nov;Q4;45;EDM Wire-Cut;4;14;14;0;3648;25152;28800;490;873;561;1000;1;0;1000
10/11/2023;2023;11;Nov;Q4;45;EDM Wire-Cut;4;14;14;0;3909;24891;28800;471;864;545;1000;1;0;1000
11/11/2023;2023;11;Nov;Q4;45;EDM Wire-Cut;4;19;18;1;3987;24813;28800;461;862;564;947;1;526;9474
12/11/2023;2023;11;Nov;Q4;45;EDM Wire-Cut;4;19;19;0;3829;24971;28800;483;867;557;1000;1;0;1000
13/11/2023;2023;11;Nov;Q4;46;EDM Wire-Cut;4;16;16;0;3724;25076;28800;482;871;553;1000;1;0;1000
14/11/2023;2023;11;Nov;Q4;46;EDM Wire-Cut;4;17;17;0;3167;25633;28800;493;890;554;1000;1;0;1000
15/11/2023;2023;11;Nov;Q4;46;EDM Wire-Cut;4;15;15;0;4314;24486;28800;499;850;588;1000;1;0;1000
16/11/2023;2023;11;Nov;Q4;46;EDM Wire-Cut;4;11;11;0;3638;25162;28800;501;874;573;1000;1;0;1000
17/11/2023;2023;11;Nov;Q4;46;EDM Wire-Cut;4;12;12;0;3575;25225;28800;461;876;526;1000;1;0;1000
18/11/2023;2023;11;Nov;Q4;46;EDM Wire-Cut;4;18;18;0;4251;24549;28800;499;852;585;1000;1;0;1000
19/11/2023;2023;11;Nov;Q4;46;EDM Wire-Cut;4;18;18;0;4019;24781;28800;496;860;577;1000;1;0;1000
20/11/2023;2023;11;Nov;Q4;47;EDM Wire-Cut;4;17;17;0;3318;25482;28800;509;885;575;1000;1;0;1000
21/11/2023;2023;11;Nov;Q4;47;EDM Wire-Cut;4;16;15;1;4821;23979;28800;457;833;585;938;1;625;9375
22/11/2023;2023;11;Nov;Q4;47;EDM Wire-Cut;4;17;17;0;2939;25861;28800;508;898;565;1000;1;0;1000
23/11/2023;2023;11;Nov;Q4;47;EDM Wire-Cut;4;14;14;0;3061;25739;28800;517;894;579;1000;1;0;1000
24/11/2023;2023;11;Nov;Q4;47;EDM Wire-Cut;4;16;16;0;4371;24429;28800;470;848;555;1000;1;0;1000
25/11/2023;2023;11;Nov;Q4;47;EDM Wire-Cut;4;14;14;0;5207;23593;28800;479;819;584;1000;1;0;1000
26/11/2023;2023;11;Nov;Q4;47;EDM Wire-Cut;4;12;12;0;3411;25389;28800;502;882;570;1000;1;0;1000
27/11/2023;2023;11;Nov;Q4;48;EDM Wire-Cut;4;17;17;0;4174;24626;28800;457;855;534;1000;1;0;1000
28/11/2023;2023;11;Nov;Q4;48;EDM Wire-Cut;4;18;18;0;2936;25864;28800;528;898;588;1000;1;0;1000
29/11/2023;2023;11;Nov;Q4;48;EDM Wire-Cut;4;21;21;0;3140;25660;28800;501;891;562;1000;1;0;1000
30/11/2023;2023;11;Nov;Q4;48;EDM Wire-Cut;4;15;15;0;4729;24071;28800;467;836;559;1000;1;0;1000
01/12/2023;2023;12;Dec;Q4;48;EDM Wire-Cut;4;12;12;0;4138;24662;28800;475;856;555;1000;1;0;1000
02/12/2023;2023;12;Dec;Q4;48;EDM Wire-Cut;4;14;14;0;4753;24047;28800;465;835;557;1000;1;0;1000
03/12/2023;2023;12;Dec;Q4;48;EDM Wire-Cut;4;14;14;0;4694;24106;28800;477;837;570;1000;1;0;1000
04/12/2023;2023;12;Dec;Q4;49;EDM Wire-Cut;4;15;15;0;2245;26555;28800;500;922;543;1000;1;0;1000
05/12/2023;2023;12;Dec;Q4;49;EDM Wire-Cut;4;16;16;0;2934;25866;28800;476;898;530;1000;1;0;1000
06/12/2023;2023;12;Dec;Q4;49;EDM Wire-Cut;4;16;16;0;4068;24732;28800;465;859;541;1000;1;0;1000
07/12/2023;2023;12;Dec;Q4;49;EDM Wire-Cut;4;17;17;0;2547;26253;28800;523;912;574;1000;1;0;1000
08/12/2023;2023;12;Dec;Q4;49;EDM Wire-Cut;4;15;15;0;3043;25757;28800;502;894;561;1000;1;0;1000
09/12/2023;2023;12;Dec;Q4;49;EDM Wire-Cut;4;9;9;0;4957;23843;28800;489;828;590;1000;1;0;1000
10/12/2023;2023;12;Dec;Q4;49;EDM Wire-Cut;4;15;15;0;3438;25362;28800;496;881;564;1000;1;0;1000
11/12/2023;2023;12;Dec;Q4;50;EDM Wire-Cut;4;15;15;0;4404;24396;28800;495;847;584;1000;1;0;1000
12/12/2023;2023;12;Dec;Q4;50;EDM Wire-Cut;4;16;16;0;3834;24966;28800;476;867;549;1000;1;0;1000
13/12/2023;2023;12;Dec;Q4;50;EDM Wire-Cut;4;14;14;0;3332;25468;28800;491;884;555;1000;1;0;1000
14/12/2023;2023;12;Dec;Q4;50;EDM Wire-Cut;4;15;15;0;2573;26227;28800;515;911;565;1000;1;0;1000
15/12/2023;2023;12;Dec;Q4;50;EDM Wire-Cut;4;16;16;0;4036;24764;28800;483;860;562;1000;1;0;1000
16/12/2023;2023;12;Dec;Q4;50;EDM Wire-Cut;4;14;14;0;4978;23822;28800;463;827;560;1000;1;0;1000
17/12/2023;2023;12;Dec;Q4;50;EDM Wire-Cut;4;16;16;0;3354;25446;28800;482;884;545;1000;1;0;1000
18/12/2023;2023;12;Dec;Q4;51;EDM Wire-Cut;4;15;15;0;3909;24891;28800;457;864;529;1000;1;0;1000
19/12/2023;2023;12;Dec;Q4;51;EDM Wire-Cut;4;15;15;0;2684;26116;28800;525;907;579;1000;1;0;1000
20/12/2023;2023;12;Dec;Q4;51;EDM Wire-Cut;4;7;7;0;3338;25462;28800;510;884;577;1000;1;0;1000
21/12/2023;2023;12;Dec;Q4;51;EDM Wire-Cut;4;12;12;0;4119;24681;28800;472;857;551;1000;1;0;1000
22/12/2023;2023;12;Dec;Q4;51;EDM Wire-Cut;4;12;12;0;4430;24370;28800;485;846;574;1000;1;0;1000
23/12/2023;2023;12;Dec;Q4;51;EDM Wire-Cut;4;15;15;0;4285;24515;28800;478;851;561;1000;1;0;1000
24/12/2023;2023;12;Dec;Q4;51;EDM Wire-Cut;4;18;18;0;2289;26511;28800;543;921;590;1000;1;0;1000
25/12/2023;2023;12;Dec;Q4;52;EDM Wire-Cut;4;14;14;0;3504;25296;28800;470;878;535;1000;1;0;1000
26/12/2023;2023;12;Dec;Q4;52;EDM Wire-Cut;4;17;17;0;3110;25690;28800;501;892;562;1000;1;0;1000
27/12/2023;2023;12;Dec;Q4;52;EDM Wire-Cut;4;16;16;0;3618;25182;28800;490;874;560;1000;1;0;1000
28/12/2023;2023;12;Dec;Q4;52;EDM Wire-Cut;4;15;15;0;3770;25030;28800;494;869;569;1000;1;0;1000
29/12/2023;2023;12;Dec;Q4;52;EDM Wire-Cut;4;16;16;0;4678;24122;28800;502;838;600;1000;1;0;1000
30/12/2023;2023;12;Dec;Q4;52;EDM Wire-Cut;4;15;15;0;4084;24716;28800;482;858;562;1000;1;0;1000
31/12/2023;2023;12;Dec;Q4;52;EDM Wire-Cut;4;14;14;0;4949;23851;28800;482;828;582;1000;1;0;1000
01/01/2024;2024;1;Jan;Q1;1;EDM Wire-Cut;4;11;11;0;4361;24439;28800;457;849;539;1000;1;0;1000
02/01/2024;2024;1;Jan;Q1;1;EDM Wire-Cut;4;13;13;0;1815;26985;28800;513;937;548;1000;1;0;1000
03/01/2024;2024;1;Jan;Q1;1;EDM Wire-Cut;4;15;15;0;4117;24683;28800;469;857;547;1000;1;0;1000
04/01/2024;2024;1;Jan;Q1;1;EDM Wire-Cut;4;16;16;0;3068;25732;28800;498;893;557;1000;1;0;1000
05/01/2024;2024;1;Jan;Q1;1;EDM Wire-Cut;4;15;15;0;4243;24557;28800;451;853;530;1000;1;0;1000
06/01/2024;2024;1;Jan;Q1;1;EDM Wire-Cut;4;14;14;0;3158;25642;28800;503;890;565;1000;1;0;1000
07/01/2024;2024;1;Jan;Q1;1;EDM Wire-Cut;4;17;17;0;3302;25498;28800;523;885;591;1000;1;0;1000
08/01/2024;2024;1;Jan;Q1;2;EDM Wire-Cut;4;15;14;1;3766;25034;28800;459;869;566;933;1;667;9333
09/01/2024;2024;1;Jan;Q1;2;EDM Wire-Cut;4;17;17;0;3146;25654;28800;532;891;598;1000;1;0;1000
10/01/2024;2024;1;Jan;Q1;2;EDM Wire-Cut;4;10;10;0;3605;25195;28800;519;875;593;1000;1;0;1000
11/01/2024;2024;1;Jan;Q1;2;EDM Wire-Cut;4;4;4;0;3033;25767;28800;519;895;581;1000;1;0;1000
12/01/2024;2024;1;Jan;Q1;2;EDM Wire-Cut;4;16;16;0;2523;26277;28800;515;912;565;1000;1;0;1000
13/01/2024;2024;1;Jan;Q1;2;EDM Wire-Cut;4;11;11;0;4795;24005;28800;470;834;564;1000;1;0;1000
14/01/2024;2024;1;Jan;Q1;2;EDM Wire-Cut;4;14;14;0;2951;25849;28800;521;898;580;1000;1;0;1000
15/01/2024;2024;1;Jan;Q1;3;EDM Wire-Cut;4;14;14;0;3842;24958;28800;480;867;554;1000;1;0;1000
16/01/2024;2024;1;Jan;Q1;3;EDM Wire-Cut;4;19;19;0;4584;24216;28800;438;841;521;1000;1;0;1000
17/01/2024;2024;1;Jan;Q1;3;EDM Wire-Cut;4;16;16;0;3494;25306;28800;504;879;574;1000;1;0;1000
18/01/2024;2024;1;Jan;Q1;3;EDM Wire-Cut;4;15;15;0;3327;25473;28800;475;884;538;1000;1;0;1000
19/01/2024;2024;1;Jan;Q1;3;EDM Wire-Cut;4;17;17;0;4164;24636;28800;463;855;541;1000;1;0;1000
20/01/2024;2024;1;Jan;Q1;3;EDM Wire-Cut;4;16;16;0;4875;23925;28800;468;831;563;1000;1;0;1000
21/01/2024;2024;1;Jan;Q1;3;EDM Wire-Cut;4;14;14;0;3052;25748;28800;501;894;561;1000;1;0;1000
22/01/2024;2024;1;Jan;Q1;4;EDM Wire-Cut;4;18;18;0;3864;24936;28800;460;866;531;1000;1;0;1000
23/01/2024;2024;1;Jan;Q1;4;EDM Wire-Cut;4;12;12;0;2604;26196;28800;515;910;567;1000;1;0;1000
24/01/2024;2024;1;Jan;Q1;4;EDM Wire-Cut;4;16;16;0;3671;25129;28800;510;873;585;1000;1;0;1000
25/01/2024;2024;1;Jan;Q1;4;EDM Wire-Cut;4;11;10;1;4011;24789;28800;421;861;538;909;1;909;9091
26/01/2024;2024;1;Jan;Q1;4;EDM Wire-Cut;4;15;15;0;3303;25497;28800;524;885;592;1000;1;0;1000
27/01/2024;2024;1;Jan;Q1;4;EDM Wire-Cut;4;15;15;0;3620;25180;28800;462;874;528;1000;1;0;1000
28/01/2024;2024;1;Jan;Q1;4;EDM Wire-Cut;4;19;19;0;2862;25938;28800;550;901;611;1000;1;0;1000
29/01/2024;2024;1;Jan;Q1;5;EDM Wire-Cut;4;11;11;0;4046;24754;28800;476;860;554;1000;1;0;1000
30/01/2024;2024;1;Jan;Q1;5;EDM Wire-Cut;4;13;13;0;4825;23975;28800;471;832;566;1000;1;0;1000
31/01/2024;2024;1;Jan;Q1;5;EDM Wire-Cut;4;17;17;0;3110;25690;28800;464;892;520;1000;1;0;1000
01/02/2024;2024;2;Feb;Q1;5;EDM Wire-Cut;4;16;16;0;3488;25312;28800;494;879;562;1000;1;0;1000
02/02/2024;2024;2;Feb;Q1;5;EDM Wire-Cut;4;15;15;0;4385;24415;28800;482;848;568;1000;1;0;1000
03/02/2024;2024;2;Feb;Q1;5;EDM Wire-Cut;4;12;12;0;4950;23850;28800;465;828;561;1000;1;0;1000
04/02/2024;2024;2;Feb;Q1;5;EDM Wire-Cut;4;13;13;0;2794;26006;28800;497;903;550;1000;1;0;1000
05/02/2024;2024;2;Feb;Q1;6;EDM Wire-Cut;4;18;18;0;3850;24950;28800;469;866;542;1000;1;0;1000
06/02/2024;2024;2;Feb;Q1;6;EDM Wire-Cut;4;15;15;0;4210;24590;28800;502;854;588;1000;1;0;1000
07/02/2024;2024;2;Feb;Q1;6;EDM Wire-Cut;4;16;16;0;3903;24897;28800;487;864;564;1000;1;0;1000
08/02/2024;2024;2;Feb;Q1;6;EDM Wire-Cut;4;14;14;0;2011;26789;28800;556;930;598;1000;1;0;1000
09/02/2024;2024;2;Feb;Q1;6;EDM Wire-Cut;4;12;12;0;4383;24417;28800;467;848;551;1000;1;0;1000
10/02/2024;2024;2;Feb;Q1;6;EDM Wire-Cut;4;17;16;1;5195;23605;28800;427;820;553;941;1;588;9412
11/02/2024;2024;2;Feb;Q1;6;EDM Wire-Cut;4;16;16;0;4077;24723;28800;499;858;581;1000;1;0;1000
12/02/2024;2024;2;Feb;Q1;7;EDM Wire-Cut;4;21;21;0;3163;25637;28800;469;890;526;1000;1;0;1000
13/02/2024;2024;2;Feb;Q1;7;EDM Wire-Cut;4;12;12;0;3575;25225;28800;469;876;536;1000;1;0;1000
14/02/2024;2024;2;Feb;Q1;7;EDM Wire-Cut;4;17;17;0;5394;23406;28800;478;813;588;1000;1;0;1000
15/02/2024;2024;2;Feb;Q1;7;EDM Wire-Cut;4;11;11;0;4709;24091;28800;449;836;537;1000;1;0;1000
16/02/2024;2024;2;Feb;Q1;7;EDM Wire-Cut;4;15;14;1;4494;24306;28800;411;844;522;933;1;667;9333
17/02/2024;2024;2;Feb;Q1;7;EDM Wire-Cut;4;17;17;0;4268;24532;28800;515;852;605;1000;1;0;1000
18/02/2024;2024;2;Feb;Q1;7;EDM Wire-Cut;4;9;9;0;3457;25343;28800;468;880;532;1000;1;0;1000
19/02/2024;2024;2;Feb;Q1;8;EDM Wire-Cut;4;14;14;0;3824;24976;28800;492;867;567;1000;1;0;1000
20/02/2024;2024;2;Feb;Q1;8;EDM Wire-Cut;4;13;13;0;3922;24878;28800;488;864;565;1000;1;0;1000
21/02/2024;2024;2;Feb;Q1;8;EDM Wire-Cut;4;13;13;0;4422;24378;28800;423;846;500;1000;1;0;1000
22/02/2024;2024;2;Feb;Q1;8;EDM Wire-Cut;4;16;16;0;5186;23614;28800;457;820;557;1000;1;0;1000
23/02/2024;2024;2;Feb;Q1;8;EDM Wire-Cut;4;18;18;0;4875;23925;28800;476;831;573;1000;1;0;1000
24/02/2024;2024;2;Feb;Q1;8;EDM Wire-Cut;4;14;14;0;2853;25947;28800;514;901;571;1000;1;0;1000
25/02/2024;2024;2;Feb;Q1;8;EDM Wire-Cut;4;15;15;0;4163;24637;28800;499;855;583;1000;1;0;1000
26/02/2024;2024;2;Feb;Q1;9;EDM Wire-Cut;4;15;15;0;4571;24229;28800;466;841;554;1000;1;0;1000
27/02/2024;2024;2;Feb;Q1;9;EDM Wire-Cut;4;15;15;0;4477;24323;28800;489;845;579;1000;1;0;1000
28/02/2024;2024;2;Feb;Q1;9;EDM Wire-Cut;4;12;12;0;3483;25317;28800;481;879;547;1000;1;0;1000
29/02/2024;2024;2;Feb;Q1;9;EDM Wire-Cut;4;18;18;0;6306;22494;28800;415;781;531;1000;1;0;1000
01/03/2024;2024;3;Mar;Q1;9;EDM Wire-Cut;4;16;16;0;2967;25833;28800;479;897;534;1000;1;0;1000
02/03/2024;2024;3;Mar;Q1;9;EDM Wire-Cut;4;16;16;0;3121;25679;28800;473;892;530;1000;1;0;1000
03/03/2024;2024;3;Mar;Q1;9;EDM Wire-Cut;4;13;13;0;4170;24630;28800;501;855;586;1000;1;0;1000
04/03/2024;2024;3;Mar;Q1;10;EDM Wire-Cut;4;14;14;0;5671;23129;28800;425;803;529;1000;1;0;1000
05/03/2024;2024;3;Mar;Q1;10;EDM Wire-Cut;4;14;14;0;3318;25482;28800;504;885;569;1000;1;0;1000
06/03/2024;2024;3;Mar;Q1;10;EDM Wire-Cut;4;11;11;0;3772;25028;28800;484;869;557;1000;1;0;1000
07/03/2024;2024;3;Mar;Q1;10;EDM Wire-Cut;4;10;9;1;4843;23957;28800;420;832;561;900;1;100;900
08/03/2024;2024;3;Mar;Q1;10;EDM Wire-Cut;4;13;13;0;3970;24830;28800;512;862;594;1000;1;0;1000
09/03/2024;2024;3;Mar;Q1;10;EDM Wire-Cut;4;16;16;0;3718;25082;28800;482;871;553;1000;1;0;1000
10/03/2024;2024;3;Mar;Q1;10;EDM Wire-Cut;4;13;13;0;4435;24365;28800;488;846;577;1000;1;0;1000
11/03/2024;2024;3;Mar;Q1;11;EDM Wire-Cut;4;12;12;0;4201;24599;28800;482;854;564;1000;1;0;1000
12/03/2024;2024;3;Mar;Q1;11;EDM Wire-Cut;4;13;13;0;4805;23995;28800;466;833;560;1000;1;0;1000
13/03/2024;2024;3;Mar;Q1;11;EDM Wire-Cut;4;14;14;0;5013;23787;28800;508;826;615;1000;1;0;1000
14/03/2024;2024;3;Mar;Q1;11;EDM Wire-Cut;4;14;14;0;4229;24571;28800;453;853;531;1000;1;0;1000
15/03/2024;2024;3;Mar;Q1;11;EDM Wire-Cut;4;21;21;0;4217;24583;28800;505;854;592;1000;1;0;1000
16/03/2024;2024;3;Mar;Q1;11;EDM Wire-Cut;4;18;18;0;4155;24645;28800;494;856;578;1000;1;0;1000
17/03/2024;2024;3;Mar;Q1;11;EDM Wire-Cut;4;18;18;0;4374;24426;28800;468;848;552;1000;1;0;1000
18/03/2024;2024;3;Mar;Q1;12;EDM Wire-Cut;4;18;17;1;4028;24772;28800;487;860;600;944;1;556;9444
19/03/2024;2024;3;Mar;Q1;12;EDM Wire-Cut;4;12;12;0;3984;24816;28800;449;862;521;1000;1;0;1000
20/03/2024;2024;3;Mar;Q1;12;EDM Wire-Cut;4;12;12;0;4938;23862;28800;457;829;551;1000;1;0;1000
21/03/2024;2024;3;Mar;Q1;12;EDM Wire-Cut;4;12;12;0;5192;23608;28800;439;820;536;1000;1;0;1000
22/03/2024;2024;3;Mar;Q1;12;EDM Wire-Cut;4;18;18;0;2783;26017;28800;517;903;572;1000;1;0;1000
23/03/2024;2024;3;Mar;Q1;12;EDM Wire-Cut;4;13;13;0;3992;24808;28800;463;861;538;1000;1;0;1000
24/03/2024;2024;3;Mar;Q1;12;EDM Wire-Cut;4;11;11;0;3435;25365;28800;504;881;573;1000;1;0;1000
25/03/2024;2024;3;Mar;Q1;13;EDM Wire-Cut;4;14;14;0;3736;25064;28800;486;870;559;1000;1;0;1000
26/03/2024;2024;3;Mar;Q1;13;EDM Wire-Cut;4;14;14;0;4305;24495;28800;470;851;552;1000;1;0;1000
27/03/2024;2024;3;Mar;Q1;13;EDM Wire-Cut;4;16;16;0;4518;24282;28800;482;843;572;1000;1;0;1000
28/03/2024;2024;3;Mar;Q1;13;EDM Wire-Cut;4;15;15;0;3895;24905;28800;482;865;557;1000;1;0;1000
29/03/2024;2024;3;Mar;Q1;13;EDM Wire-Cut;4;13;13;0;2460;26340;28800;492;915;538;1000;1;0;1000
30/03/2024;2024;3;Mar;Q1;13;EDM Wire-Cut;4;17;17;0;3215;25585;28800;556;888;626;1000;1;0;1000
31/03/2024;2024;3;Mar;Q1;13;EDM Wire-Cut;4;13;13;0;4698;24102;28800;462;837;552;1000;1;0;1000
01/04/2024;2024;4;Apr;Q2;14;EDM Wire-Cut;4;14;14;0;1800;27000;28800;481;938;513;1000;1;0;1000
02/04/2024;2024;4;Apr;Q2;14;EDM Wire-Cut;4;17;17;0;4930;23870;28800;451;829;544;1000;1;0;1000
03/04/2024;2024;4;Apr;Q2;14;EDM Wire-Cut;4;13;13;0;4399;24401;28800;453;847;534;1000;1;0;1000
04/04/2024;2024;4;Apr;Q2;14;EDM Wire-Cut;4;13;13;0;5033;23767;28800;480;825;582;1000;1;0;1000
05/04/2024;2024;4;Apr;Q2;14;EDM Wire-Cut;4;16;16;0;3826;24974;28800;494;867;570;1000;1;0;1000
06/04/2024;2024;4;Apr;Q2;14;EDM Wire-Cut;4;13;12;1;2342;26458;28800;485;919;572;923;1;769;9231
07/04/2024;2024;4;Apr;Q2;14;EDM Wire-Cut;4;14;14;0;4327;24473;28800;471;850;555;1000;1;0;1000
08/04/2024;2024;4;Apr;Q2;15;EDM Wire-Cut;4;16;16;0;5000;23800;28800;460;826;557;1000;1;0;1000
09/04/2024;2024;4;Apr;Q2;15;EDM Wire-Cut;4;20;20;0;4721;24079;28800;464;836;555;1000;1;0;1000
10/04/2024;2024;4;Apr;Q2;15;EDM Wire-Cut;4;16;16;0;3456;25344;28800;494;880;561;1000;1;0;1000
11/04/2024;2024;4;Apr;Q2;15;EDM Wire-Cut;4;16;16;0;4053;24747;28800;500;859;582;1000;1;0;1000
12/04/2024;2024;4;Apr;Q2;15;EDM Wire-Cut;4;16;16;0;3560;25240;28800;500;876;571;1000;1;0;1000
13/04/2024;2024;4;Apr;Q2;15;EDM Wire-Cut;4;12;12;0;3331;25469;28800;508;884;574;1000;1;0;1000
14/04/2024;2024;4;Apr;Q2;15;EDM Wire-Cut;4;15;15;0;4745;24055;28800;480;835;574;1000;1;0;1000
15/04/2024;2024;4;Apr;Q2;16;EDM Wire-Cut;4;15;15;0;3030;25770;28800;522;895;583;1000;1;0;1000
16/04/2024;2024;4;Apr;Q2;16;EDM Wire-Cut;4;16;16;0;3272;25528;28800;505;886;569;1000;1;0;1000
17/04/2024;2024;4;Apr;Q2;16;EDM Wire-Cut;4;15;15;0;3104;25696;28800;510;892;571;1000;1;0;1000
18/04/2024;2024;4;Apr;Q2;16;EDM Wire-Cut;4;16;16;0;2797;26003;28800;532;903;590;1000;1;0;1000
19/04/2024;2024;4;Apr;Q2;16;EDM Wire-Cut;4;14;14;0;4101;24699;28800;470;858;548;1000;1;0;1000
20/04/2024;2024;4;Apr;Q2;16;EDM Wire-Cut;4;15;15;0;4910;23890;28800;451;830;544;1000;1;0;1000
21/04/2024;2024;4;Apr;Q2;16;EDM Wire-Cut;4;12;12;0;3837;24963;28800;465;867;536;1000;1;0;1000
22/04/2024;2024;4;Apr;Q2;17;EDM Wire-Cut;4;14;14;0;2784;26016;28800;512;903;567;1000;1;0;1000
23/04/2024;2024;4;Apr;Q2;17;EDM Wire-Cut;4;18;18;0;4653;24147;28800;437;838;521;1000;1;0;1000
24/04/2024;2024;4;Apr;Q2;17;EDM Wire-Cut;4;16;16;0;5327;23473;28800;467;815;573;1000;1;0;1000
25/04/2024;2024;4;Apr;Q2;17;EDM Wire-Cut;4;15;15;0;3469;25331;28800;493;880;561;1000;1;0;1000
26/04/2024;2024;4;Apr;Q2;17;EDM Wire-Cut;4;20;20;0;3603;25197;28800;515;875;589;1000;1;0;1000
27/04/2024;2024;4;Apr;Q2;17;EDM Wire-Cut;4;11;11;0;4395;24405;28800;464;847;548;1000;1;0;1000
28/04/2024;2024;4;Apr;Q2;17;EDM Wire-Cut;4;12;12;0;5276;23524;28800;456;817;558;1000;1;0;1000
29/04/2024;2024;4;Apr;Q2;18;EDM Wire-Cut;4;19;19;0;3570;25230;28800;515;876;588;1000;1;0;1000
30/04/2024;2024;4;Apr;Q2;18;EDM Wire-Cut;4;15;15;0;2922;25878;28800;534;899;594;1000;1;0;1000
01/05/2024;2024;5;May;Q2;18;EDM Wire-Cut;4;14;14;0;4487;24313;28800;462;844;548;1000;1;0;1000
02/05/2024;2024;5;May;Q2;18;EDM Wire-Cut;4;12;12;0;4621;24179;28800;476;840;567;1000;1;0;1000
03/05/2024;2024;5;May;Q2;18;EDM Wire-Cut;4;16;16;0;3989;24811;28800;491;861;570;1000;1;0;1000
04/05/2024;2024;5;May;Q2;18;EDM Wire-Cut;4;16;16;0;3539;25261;28800;501;877;571;1000;1;0;1000
05/05/2024;2024;5;May;Q2;18;EDM Wire-Cut;4;12;12;0;4776;24024;28800;465;834;557;1000;1;0;1000
06/05/2024;2024;5;May;Q2;19;EDM Wire-Cut;4;14;14;0;4405;24395;28800;501;847;592;1000;1;0;1000
07/05/2024;2024;5;May;Q2;19;EDM Wire-Cut;4;14;14;0;3372;25428;28800;460;883;520;1000;1;0;1000
08/05/2024;2024;5;May;Q2;19;EDM Wire-Cut;4;15;15;0;4023;24777;28800;476;860;554;1000;1;0;1000
09/05/2024;2024;5;May;Q2;19;EDM Wire-Cut;4;12;12;0;2907;25893;28800;515;899;573;1000;1;0;1000
10/05/2024;2024;5;May;Q2;19;EDM Wire-Cut;4;18;18;0;4531;24269;28800;483;843;573;1000;1;0;1000
11/05/2024;2024;5;May;Q2;19;EDM Wire-Cut;4;17;17;0;3775;25025;28800;516;869;593;1000;1;0;1000
12/05/2024;2024;5;May;Q2;19;EDM Wire-Cut;4;14;14;0;3637;25163;28800;515;874;590;1000;1;0;1000
13/05/2024;2024;5;May;Q2;20;EDM Wire-Cut;4;14;14;0;3958;24842;28800;480;863;557;1000;1;0;1000
14/05/2024;2024;5;May;Q2;20;EDM Wire-Cut;4;14;14;0;4016;24784;28800;510;861;592;1000;1;0;1000
15/05/2024;2024;5;May;Q2;20;EDM Wire-Cut;4;13;13;0;4697;24103;28800;458;837;547;1000;1;0;1000
16/05/2024;2024;5;May;Q2;20;EDM Wire-Cut;4;14;14;0;4455;24345;28800;494;845;584;1000;1;0;1000
17/05/2024;2024;5;May;Q2;20;EDM Wire-Cut;4;14;14;0;3859;24941;28800;523;866;604;1000;1;0;1000
18/05/2024;2024;5;May;Q2;20;EDM Wire-Cut;4;19;19;0;4593;24207;28800;496;841;590;1000;1;0;1000
19/05/2024;2024;5;May;Q2;20;EDM Wire-Cut;4;17;17;0;4303;24497;28800;481;851;565;1000;1;0;1000
20/05/2024;2024;5;May;Q2;21;EDM Wire-Cut;4;17;17;0;3644;25156;28800;485;873;556;1000;1;0;1000
21/05/2024;2024;5;May;Q2;21;EDM Wire-Cut;4;16;16;0;3885;24915;28800;457;865;529;1000;1;0;1000
22/05/2024;2024;5;May;Q2;21;EDM Wire-Cut;4;12;12;0;3866;24934;28800;493;866;570;1000;1;0;1000
23/05/2024;2024;5;May;Q2;21;EDM Wire-Cut;4;15;15;0;4387;24413;28800;456;848;538;1000;1;0;1000
24/05/2024;2024;5;May;Q2;21;EDM Wire-Cut;4;17;17;0;3692;25108;28800;475;872;545;1000;1;0;1000
25/05/2024;2024;5;May;Q2;21;EDM Wire-Cut;4;11;11;0;3673;25127;28800;468;872;536;1000;1;0;1000
26/05/2024;2024;5;May;Q2;21;EDM Wire-Cut;4;16;16;0;5553;23247;28800;446;807;553;1000;1;0;1000
27/05/2024;2024;5;May;Q2;22;EDM Wire-Cut;4;21;21;0;4733;24067;28800;470;836;562;1000;1;0;1000
28/05/2024;2024;5;May;Q2;22;EDM Wire-Cut;4;18;18;0;3378;25422;28800;502;883;569;1000;1;0;1000
29/05/2024;2024;5;May;Q2;22;EDM Wire-Cut;4;19;19;0;4439;24361;28800;465;846;549;1000;1;0;1000
30/05/2024;2024;5;May;Q2;22;EDM Wire-Cut;4;15;15;0;4078;24722;28800;504;858;587;1000;1;0;1000
31/05/2024;2024;5;May;Q2;22;EDM Wire-Cut;4;17;17;0;4296;24504;28800;475;851;558;1000;1;0;1000
01/06/2024;2024;6;Jun;Q2;22;EDM Wire-Cut;4;13;13;0;4094;24706;28800;468;858;545;1000;1;0;1000
02/06/2024;2024;6;Jun;Q2;22;EDM Wire-Cut;4;17;17;0;4932;23868;28800;471;829;568;1000;1;0;1000
03/06/2024;2024;6;Jun;Q2;23;EDM Wire-Cut;4;17;17;0;4260;24540;28800;517;852;607;1000;1;0;1000
04/06/2024;2024;6;Jun;Q2;23;EDM Wire-Cut;4;16;16;0;3935;24865;28800;493;863;571;1000;1;0;1000
05/06/2024;2024;6;Jun;Q2;23;EDM Wire-Cut;4;18;18;0;4815;23985;28800;462;833;555;1000;1;0;1000
06/06/2024;2024;6;Jun;Q2;23;EDM Wire-Cut;4;13;13;0;4170;24630;28800;452;855;529;1000;1;0;1000
07/06/2024;2024;6;Jun;Q2;23;EDM Wire-Cut;4;14;14;0;4081;24719;28800;479;858;558;1000;1;0;1000
08/06/2024;2024;6;Jun;Q2;23;EDM Wire-Cut;4;15;15;0;4234;24566;28800;485;853;568;1000;1;0;1000
09/06/2024;2024;6;Jun;Q2;23;EDM Wire-Cut;4;12;12;0;3910;24890;28800;479;864;554;1000;1;0;1000
10/06/2024;2024;6;Jun;Q2;24;EDM Wire-Cut;4;15;15;0;3991;24809;28800;453;861;525;1000;1;0;1000
11/06/2024;2024;6;Jun;Q2;24;EDM Wire-Cut;4;10;10;0;3517;25283;28800;477;878;544;1000;1;0;1000
12/06/2024;2024;6;Jun;Q2;24;EDM Wire-Cut;4;18;18;0;3386;25414;28800;526;882;596;1000;1;0;1000
13/06/2024;2024;6;Jun;Q2;24;EDM Wire-Cut;4;15;15;0;3188;25612;28800;529;889;595;1000;1;0;1000
14/06/2024;2024;6;Jun;Q2;24;EDM Wire-Cut;4;13;13;0;2875;25925;28800;489;900;543;1000;1;0;1000
15/06/2024;2024;6;Jun;Q2;24;EDM Wire-Cut;4;13;13;0;3283;25517;28800;512;886;578;1000;1;0;1000
16/06/2024;2024;6;Jun;Q2;24;EDM Wire-Cut;4;14;14;0;3845;24955;28800;465;866;536;1000;1;0;1000
17/06/2024;2024;6;Jun;Q2;25;EDM Wire-Cut;4;17;17;0;4066;24734;28800;511;859;595;1000;1;0;1000
18/06/2024;2024;6;Jun;Q2;25;EDM Wire-Cut;4;16;16;0;3768;25032;28800;494;869;569;1000;1;0;1000
19/06/2024;2024;6;Jun;Q2;25;EDM Wire-Cut;4;13;13;0;2107;26693;28800;542;927;584;1000;1;0;1000
20/06/2024;2024;6;Jun;Q2;25;EDM Wire-Cut;4;13;13;0;5239;23561;28800;429;818;524;1000;1;0;1000
21/06/2024;2024;6;Jun;Q2;25;EDM Wire-Cut;4;17;17;0;4850;23950;28800;481;832;578;1000;1;0;1000
22/06/2024;2024;6;Jun;Q2;25;EDM Wire-Cut;4;13;13;0;4339;24461;28800;478;849;563;1000;1;0;1000
23/06/2024;2024;6;Jun;Q2;25;EDM Wire-Cut;4;15;15;0;5504;23296;28800;471;809;582;1000;1;0;1000
24/06/2024;2024;6;Jun;Q2;26;EDM Wire-Cut;4;15;15;0;3205;25595;28800;519;889;584;1000;1;0;1000
25/06/2024;2024;6;Jun;Q2;26;EDM Wire-Cut;4;16;16;0;5488;23312;28800;457;809;564;1000;1;0;1000
26/06/2024;2024;6;Jun;Q2;26;EDM Wire-Cut;4;17;16;1;3215;25585;28800;459;888;549;941;1;588;9412
27/06/2024;2024;6;Jun;Q2;26;EDM Wire-Cut;4;11;11;0;4174;24626;28800;496;855;581;1000;1;0;1000
28/06/2024;2024;6;Jun;Q2;26;EDM Wire-Cut;4;10;10;0;2969;25831;28800;504;897;562;1000;1;0;1000
29/06/2024;2024;6;Jun;Q2;26;EDM Wire-Cut;4;13;13;0;3996;24804;28800;468;861;543;1000;1;0;1000
30/06/2024;2024;6;Jun;Q2;26;EDM Wire-Cut;4;20;20;0;4292;24508;28800;461;851;542;1000;1;0;1000
01/07/2024;2024;7;Jul;Q3;27;EDM Wire-Cut;4;20;20;0;3861;24939;28800;459;866;530;1000;1;0;1000
02/07/2024;2024;7;Jul;Q3;27;EDM Wire-Cut;4;20;20;0;4553;24247;28800;464;842;552;1000;1;0;1000
03/07/2024;2024;7;Jul;Q3;27;EDM Wire-Cut;4;14;14;0;4063;24737;28800;505;859;588;1000;1;0;1000
04/07/2024;2024;7;Jul;Q3;27;EDM Wire-Cut;4;10;10;0;3568;25232;28800;497;876;567;1000;1;0;1000
05/07/2024;2024;7;Jul;Q3;27;EDM Wire-Cut;4;9;9;0;3532;25268;28800;483;877;551;1000;1;0;1000
06/07/2024;2024;7;Jul;Q3;27;EDM Wire-Cut;4;13;13;0;4630;24170;28800;488;839;581;1000;1;0;1000
07/07/2024;2024;7;Jul;Q3;27;EDM Wire-Cut;4;14;14;0;3463;25337;28800;479;880;544;1000;1;0;1000
08/07/2024;2024;7;Jul;Q3;28;EDM Wire-Cut;4;18;18;0;4714;24086;28800;473;836;565;1000;1;0;1000
09/07/2024;2024;7;Jul;Q3;28;EDM Wire-Cut;4;17;17;0;4958;23842;28800;463;828;559;1000;1;0;1000
10/07/2024;2024;7;Jul;Q3;28;EDM Wire-Cut;4;15;15;0;2654;26146;28800;527;908;581;1000;1;0;1000
11/07/2024;2024;7;Jul;Q3;28;EDM Wire-Cut;4;12;12;0;4887;23913;28800;438;830;527;1000;1;0;1000
12/07/2024;2024;7;Jul;Q3;28;EDM Wire-Cut;4;12;12;0;5626;23174;28800;438;805;544;1000;1;0;1000
13/07/2024;2024;7;Jul;Q3;28;EDM Wire-Cut;4;15;14;1;4185;24615;28800;420;855;526;933;1;667;9333
14/07/2024;2024;7;Jul;Q3;28;EDM Wire-Cut;4;17;17;0;4461;24339;28800;471;845;557;1000;1;0;1000
15/07/2024;2024;7;Jul;Q3;29;EDM Wire-Cut;4;16;15;1;4810;23990;28800;461;833;590;938;1;625;9375
16/07/2024;2024;7;Jul;Q3;29;EDM Wire-Cut;4;12;12;0;3765;25035;28800;480;869;552;1000;1;0;1000
17/07/2024;2024;7;Jul;Q3;29;EDM Wire-Cut;4;17;16;1;4129;24671;28800;445;857;551;941;1;588;9412
18/07/2024;2024;7;Jul;Q3;29;EDM Wire-Cut;4;16;16;0;2937;25863;28800;523;898;583;1000;1;0;1000
19/07/2024;2024;7;Jul;Q3;29;EDM Wire-Cut;4;12;12;0;4095;24705;28800;504;858;587;1000;1;0;1000
20/07/2024;2024;7;Jul;Q3;29;EDM Wire-Cut;4;13;13;0;4381;24419;28800;476;848;561;1000;1;0;1000
21/07/2024;2024;7;Jul;Q3;29;EDM Wire-Cut;4;17;17;0;4395;24405;28800;490;847;578;1000;1;0;1000
22/07/2024;2024;7;Jul;Q3;30;EDM Wire-Cut;4;14;14;0;4833;23967;28800;448;832;539;1000;1;0;1000
23/07/2024;2024;7;Jul;Q3;30;EDM Wire-Cut;4;19;19;0;3367;25433;28800;525;883;594;1000;1;0;1000
24/07/2024;2024;7;Jul;Q3;30;EDM Wire-Cut;4;16;16;0;3560;25240;28800;536;876;611;1000;1;0;1000
25/07/2024;2024;7;Jul;Q3;30;EDM Wire-Cut;4;13;13;0;5495;23305;28800;465;809;575;1000;1;0;1000
26/07/2024;2024;7;Jul;Q3;30;EDM Wire-Cut;4;15;15;0;3864;24936;28800;447;866;516;1000;1;0;1000
27/07/2024;2024;7;Jul;Q3;30;EDM Wire-Cut;4;15;15;0;4144;24656;28800;471;856;550;1000;1;0;1000
28/07/2024;2024;7;Jul;Q3;30;EDM Wire-Cut;4;13;13;0;3931;24869;28800;498;864;577;1000;1;0;1000
29/07/2024;2024;7;Jul;Q3;31;EDM Wire-Cut;4;12;12;0;3329;25471;28800;490;884;554;1000;1;0;1000
30/07/2024;2024;7;Jul;Q3;31;EDM Wire-Cut;4;17;17;0;5278;23522;28800;483;817;592;1000;1;0;1000
31/07/2024;2024;7;Jul;Q3;31;EDM Wire-Cut;4;17;17;0;3564;25236;28800;505;876;576;1000;1;0;1000
01/08/2024;2024;8;Aug;Q3;31;EDM Wire-Cut;4;16;16;0;3086;25714;28800;488;893;547;1000;1;0;1000
02/08/2024;2024;8;Aug;Q3;31;EDM Wire-Cut;4;19;19;0;3625;25175;28800;493;874;564;1000;1;0;1000
03/08/2024;2024;8;Aug;Q3;31;EDM Wire-Cut;4;13;13;0;2389;26411;28800;498;917;543;1000;1;0;1000
04/08/2024;2024;8;Aug;Q3;31;EDM Wire-Cut;4;19;19;0;3465;25335;28800;492;880;559;1000;1;0;1000
05/08/2024;2024;8;Aug;Q3;32;EDM Wire-Cut;4;12;12;0;3213;25587;28800;489;888;551;1000;1;0;1000
06/08/2024;2024;8;Aug;Q3;32;EDM Wire-Cut;4;12;12;0;4476;24324;28800;498;845;589;1000;1;0;1000
07/08/2024;2024;8;Aug;Q3;32;EDM Wire-Cut;4;10;10;0;3448;25352;28800;538;880;611;1000;1;0;1000
08/08/2024;2024;8;Aug;Q3;32;EDM Wire-Cut;4;14;14;0;4692;24108;28800;444;837;531;1000;1;0;1000
09/08/2024;2024;8;Aug;Q3;32;EDM Wire-Cut;4;13;13;0;5098;23702;28800;428;823;520;1000;1;0;1000
10/08/2024;2024;8;Aug;Q3;32;EDM Wire-Cut;4;16;16;0;4607;24193;28800;468;840;557;1000;1;0;1000
11/08/2024;2024;8;Aug;Q3;32;EDM Wire-Cut;4;15;15;0;3813;24987;28800;459;868;529;1000;1;0;1000
12/08/2024;2024;8;Aug;Q3;33;EDM Wire-Cut;4;12;12;0;4097;24703;28800;484;858;564;1000;1;0;1000
13/08/2024;2024;8;Aug;Q3;33;EDM Wire-Cut;4;14;14;0;2769;26031;28800;524;904;580;1000;1;0;1000
14/08/2024;2024;8;Aug;Q3;33;EDM Wire-Cut;4;14;14;0;3878;24922;28800;516;865;597;1000;1;0;1000
15/08/2024;2024;8;Aug;Q3;33;EDM Wire-Cut;4;10;10;0;3299;25501;28800;503;885;568;1000;1;0;1000
16/08/2024;2024;8;Aug;Q3;33;EDM Wire-Cut;4;12;12;0;4537;24263;28800;471;842;559;1000;1;0;1000
17/08/2024;2024;8;Aug;Q3;33;EDM Wire-Cut;4;13;13;0;6034;22766;28800;410;790;518;1000;1;0;1000
18/08/2024;2024;8;Aug;Q3;33;EDM Wire-Cut;4;19;19;0;4382;24418;28800;478;848;564;1000;1;0;1000
19/08/2024;2024;8;Aug;Q3;34;EDM Wire-Cut;4;15;15;0;2398;26402;28800;518;917;565;1000;1;0;1000
20/08/2024;2024;8;Aug;Q3;34;EDM Wire-Cut;4;17;17;0;3696;25104;28800;503;872;577;1000;1;0;1000
21/08/2024;2024;8;Aug;Q3;34;EDM Wire-Cut;4;11;11;0;4082;24718;28800;470;858;547;1000;1;0;1000
22/08/2024;2024;8;Aug;Q3;34;EDM Wire-Cut;4;18;18;0;4054;24746;28800;475;859;553;1000;1;0;1000
23/08/2024;2024;8;Aug;Q3;34;EDM Wire-Cut;4;18;18;0;3402;25398;28800;467;882;530;1000;1;0;1000
24/08/2024;2024;8;Aug;Q3;34;EDM Wire-Cut;4;9;9;0;4180;24620;28800;437;855;511;1000;1;0;1000
25/08/2024;2024;8;Aug;Q3;34;EDM Wire-Cut;4;13;13;0;2994;25806;28800;482;896;538;1000;1;0;1000
26/08/2024;2024;8;Aug;Q3;35;EDM Wire-Cut;4;16;16;0;3231;25569;28800;468;888;528;1000;1;0;1000
27/08/2024;2024;8;Aug;Q3;35;EDM Wire-Cut;4;17;17;0;4499;24301;28800;481;844;571;1000;1;0;1000
28/08/2024;2024;8;Aug;Q3;35;EDM Wire-Cut;4;13;13;0;3175;25625;28800;491;890;551;1000;1;0;1000
29/08/2024;2024;8;Aug;Q3;35;EDM Wire-Cut;4;14;14;0;4413;24387;28800;466;847;551;1000;1;0;1000
30/08/2024;2024;8;Aug;Q3;35;EDM Wire-Cut;4;13;13;0;2893;25907;28800;487;900;541;1000;1;0;1000
31/08/2024;2024;8;Aug;Q3;35;EDM Wire-Cut;4;15;15;0;5390;23410;28800;398;813;490;1000;1;0;1000
01/09/2024;2024;9;Sep;Q3;35;EDM Wire-Cut;4;18;18;0;3367;25433;28800;527;883;597;1000;1;0;1000
02/09/2024;2024;9;Sep;Q3;36;EDM Wire-Cut;4;13;13;0;3806;24994;28800;469;868;540;1000;1;0;1000
03/09/2024;2024;9;Sep;Q3;36;EDM Wire-Cut;4;17;17;0;4248;24552;28800;472;852;554;1000;1;0;1000
04/09/2024;2024;9;Sep;Q3;36;EDM Wire-Cut;4;13;13;0;3534;25266;28800;465;877;530;1000;1;0;1000
05/09/2024;2024;9;Sep;Q3;36;EDM Wire-Cut;4;13;13;0;4098;24702;28800;502;858;585;1000;1;0;1000
06/09/2024;2024;9;Sep;Q3;36;EDM Wire-Cut;4;17;17;0;4443;24357;28800;479;846;566;1000;1;0;1000
07/09/2024;2024;9;Sep;Q3;36;EDM Wire-Cut;4;17;17;0;4750;24050;28800;455;835;544;1000;1;0;1000
08/09/2024;2024;9;Sep;Q3;36;EDM Wire-Cut;4;17;17;0;4615;24185;28800;465;840;554;1000;1;0;1000
09/09/2024;2024;9;Sep;Q3;37;EDM Wire-Cut;4;11;11;0;3847;24953;28800;521;866;601;1000;1;0;1000
10/09/2024;2024;9;Sep;Q3;37;EDM Wire-Cut;4;14;13;1;3867;24933;28800;451;866;561;929;1;714;9286
11/09/2024;2024;9;Sep;Q3;37;EDM Wire-Cut;4;17;17;0;5856;22944;28800;445;797;559;1000;1;0;1000
12/09/2024;2024;9;Sep;Q3;37;EDM Wire-Cut;4;15;15;0;4741;24059;28800;453;835;542;1000;1;0;1000
13/09/2024;2024;9;Sep;Q3;37;EDM Wire-Cut;4;12;12;0;3250;25550;28800;462;887;520;1000;1;0;1000
14/09/2024;2024;9;Sep;Q3;37;EDM Wire-Cut;4;16;16;0;4064;24736;28800;480;859;559;1000;1;0;1000
15/09/2024;2024;9;Sep;Q3;37;EDM Wire-Cut;4;13;13;0;3717;25083;28800;497;871;570;1000;1;0;1000
16/09/2024;2024;9;Sep;Q3;38;EDM Wire-Cut;4;20;20;0;3876;24924;28800;509;865;588;1000;1;0;1000
17/09/2024;2024;9;Sep;Q3;38;EDM Wire-Cut;4;19;19;0;3004;25796;28800;459;896;512;1000;1;0;1000
18/09/2024;2024;9;Sep;Q3;38;EDM Wire-Cut;4;16;16;0;3656;25144;28800;469;873;538;1000;1;0;1000
19/09/2024;2024;9;Sep;Q3;38;EDM Wire-Cut;4;18;17;1;5428;23372;28800;421;812;550;944;1;556;9444
20/09/2024;2024;9;Sep;Q3;38;EDM Wire-Cut;4;15;15;0;4446;24354;28800;476;846;563;1000;1;0;1000
21/09/2024;2024;9;Sep;Q3;38;EDM Wire-Cut;4;17;17;0;1999;26801;28800;521;931;560;1000;1;0;1000
22/09/2024;2024;9;Sep;Q3;38;EDM Wire-Cut;4;19;19;0;4954;23846;28800;464;828;560;1000;1;0;1000
23/09/2024;2024;9;Sep;Q3;39;EDM Wire-Cut;4;15;15;0;4852;23948;28800;476;832;572;1000;1;0;1000
24/09/2024;2024;9;Sep;Q3;39;EDM Wire-Cut;4;14;14;0;3698;25102;28800;473;872;543;1000;1;0;1000
25/09/2024;2024;9;Sep;Q3;39;EDM Wire-Cut;4;10;10;0;4556;24244;28800;492;842;584;1000;1;0;1000
26/09/2024;2024;9;Sep;Q3;39;EDM Wire-Cut;4;15;15;0;3299;25501;28800;507;885;573;1000;1;0;1000
27/09/2024;2024;9;Sep;Q3;39;EDM Wire-Cut;4;17;17;0;3609;25191;28800;486;875;556;1000;1;0;1000
28/09/2024;2024;9;Sep;Q3;39;EDM Wire-Cut;4;17;17;0;5178;23622;28800;491;820;599;1000;1;0;1000
29/09/2024;2024;9;Sep;Q3;39;EDM Wire-Cut;4;16;16;0;3768;25032;28800;520;869;598;1000;1;0;1000
30/09/2024;2024;9;Sep;Q3;40;EDM Wire-Cut;4;13;13;0;2494;26306;28800;533;913;584;1000;1;0;1000
01/10/2024;2024;10;Oct;Q4;40;EDM Wire-Cut;4;10;10;0;3934;24866;28800;427;863;495;1000;1;0;1000
02/10/2024;2024;10;Oct;Q4;40;EDM Wire-Cut;4;13;13;0;3922;24878;28800;517;864;599;1000;1;0;1000
03/10/2024;2024;10;Oct;Q4;40;EDM Wire-Cut;4;14;14;0;4939;23861;28800;481;829;581;1000;1;0;1000
04/10/2024;2024;10;Oct;Q4;40;EDM Wire-Cut;4;14;14;0;3996;24804;28800;524;861;608;1000;1;0;1000
05/10/2024;2024;10;Oct;Q4;40;EDM Wire-Cut;4;16;16;0;3648;25152;28800;516;873;591;1000;1;0;1000
06/10/2024;2024;10;Oct;Q4;40;EDM Wire-Cut;4;20;20;0;4817;23983;28800;498;833;599;1000;1;0;1000
07/10/2024;2024;10;Oct;Q4;41;EDM Wire-Cut;4;15;15;0;4080;24720;28800;500;858;583;1000;1;0;1000
08/10/2024;2024;10;Oct;Q4;41;EDM Wire-Cut;4;14;14;0;3386;25414;28800;524;882;593;1000;1;0;1000
09/10/2024;2024;10;Oct;Q4;41;EDM Wire-Cut;4;14;14;0;4904;23896;28800;504;830;608;1000;1;0;1000
10/10/2024;2024;10;Oct;Q4;41;EDM Wire-Cut;4;15;15;0;4138;24662;28800;486;856;568;1000;1;0;1000
11/10/2024;2024;10;Oct;Q4;41;EDM Wire-Cut;4;13;13;0;3986;24814;28800;455;862;528;1000;1;0;1000
12/10/2024;2024;10;Oct;Q4;41;EDM Wire-Cut;4;15;15;0;4126;24674;28800;476;857;556;1000;1;0;1000
13/10/2024;2024;10;Oct;Q4;41;EDM Wire-Cut;4;16;16;0;3131;25669;28800;510;891;572;1000;1;0;1000
14/10/2024;2024;10;Oct;Q4;42;EDM Wire-Cut;4;15;15;0;3564;25236;28800;495;876;565;1000;1;0;1000
15/10/2024;2024;10;Oct;Q4;42;EDM Wire-Cut;4;16;16;0;3987;24813;28800;461;862;535;1000;1;0;1000
16/10/2024;2024;10;Oct;Q4;42;EDM Wire-Cut;4;16;16;0;3829;24971;28800;456;867;526;1000;1;0;1000
17/10/2024;2024;10;Oct;Q4;42;EDM Wire-Cut;4;10;10;0;4998;23802;28800;452;826;546;1000;1;0;1000
18/10/2024;2024;10;Oct;Q4;42;EDM Wire-Cut;4;16;16;0;4157;24643;28800;497;856;581;1000;1;0;1000
19/10/2024;2024;10;Oct;Q4;42;EDM Wire-Cut;4;13;13;0;4665;24135;28800;502;838;599;1000;1;0;1000
20/10/2024;2024;10;Oct;Q4;42;EDM Wire-Cut;4;12;12;0;3992;24808;28800;503;861;584;1000;1;0;1000
21/10/2024;2024;10;Oct;Q4;43;EDM Wire-Cut;4;12;12;0;4826;23974;28800;488;832;587;1000;1;0;1000
22/10/2024;2024;10;Oct;Q4;43;EDM Wire-Cut;4;16;16;0;4301;24499;28800;477;851;561;1000;1;0;1000
23/10/2024;2024;10;Oct;Q4;43;EDM Wire-Cut;4;14;14;0;3995;24805;28800;451;861;524;1000;1;0;1000
24/10/2024;2024;10;Oct;Q4;43;EDM Wire-Cut;4;10;10;0;3974;24826;28800;476;862;553;1000;1;0;1000
25/10/2024;2024;10;Oct;Q4;43;EDM Wire-Cut;4;16;16;0;3224;25576;28800;495;888;557;1000;1;0;1000
26/10/2024;2024;10;Oct;Q4;43;EDM Wire-Cut;4;11;11;0;4388;24412;28800;468;848;552;1000;1;0;1000
27/10/2024;2024;10;Oct;Q4;43;EDM Wire-Cut;4;15;15;0;3952;24848;28800;487;863;564;1000;1;0;1000
28/10/2024;2024;10;Oct;Q4;44;EDM Wire-Cut;4;15;15;0;3584;25216;28800;502;876;573;1000;1;0;1000
29/10/2024;2024;10;Oct;Q4;44;EDM Wire-Cut;4;17;17;0;4866;23934;28800;484;831;582;1000;1;0;1000
30/10/2024;2024;10;Oct;Q4;44;EDM Wire-Cut;4;20;19;1;2988;25812;28800;474;896;557;950;1;50;950
31/10/2024;2024;10;Oct;Q4;44;EDM Wire-Cut;4;11;11;0;3647;25153;28800;454;873;520;1000;1;0;1000
01/11/2024;2024;11;Nov;Q4;44;EDM Wire-Cut;4;15;14;1;4803;23997;28800;429;833;552;933;1;667;9333
02/11/2024;2024;11;Nov;Q4;44;EDM Wire-Cut;4;14;14;0;4236;24564;28800;481;853;564;1000;1;0;1000
03/11/2024;2024;11;Nov;Q4;44;EDM Wire-Cut;4;16;16;0;3946;24854;28800;510;863;591;1000;1;0;1000
04/11/2024;2024;11;Nov;Q4;45;EDM Wire-Cut;4;15;15;0;4184;24616;28800;470;855;550;1000;1;0;1000
05/11/2024;2024;11;Nov;Q4;45;EDM Wire-Cut;4;14;14;0;4127;24673;28800;492;857;575;1000;1;0;1000
06/11/2024;2024;11;Nov;Q4;45;EDM Wire-Cut;4;14;13;1;2776;26024;28800;478;904;570;929;1;714;9286
07/11/2024;2024;11;Nov;Q4;45;EDM Wire-Cut;4;12;12;0;3706;25094;28800;491;871;564;1000;1;0;1000
08/11/2024;2024;11;Nov;Q4;45;EDM Wire-Cut;4;17;17;0;5272;23528;28800;477;817;584;1000;1;0;1000
09/11/2024;2024;11;Nov;Q4;45;EDM Wire-Cut;4;16;16;0;3459;25341;28800;482;880;548;1000;1;0;1000
10/11/2024;2024;11;Nov;Q4;45;EDM Wire-Cut;4;17;17;0;3730;25070;28800;479;870;550;1000;1;0;1000
11/11/2024;2024;11;Nov;Q4;46;EDM Wire-Cut;4;14;14;0;3553;25247;28800;493;877;563;1000;1;0;1000
12/11/2024;2024;11;Nov;Q4;46;EDM Wire-Cut;4;13;13;0;3915;24885;28800;474;864;549;1000;1;0;1000
13/11/2024;2024;11;Nov;Q4;46;EDM Wire-Cut;4;12;12;0;3519;25281;28800;504;878;574;1000;1;0;1000
14/11/2024;2024;11;Nov;Q4;46;EDM Wire-Cut;4;16;16;0;4372;24428;28800;464;848;547;1000;1;0;1000
15/11/2024;2024;11;Nov;Q4;46;EDM Wire-Cut;4;12;12;0;4141;24659;28800;486;856;568;1000;1;0;1000
16/11/2024;2024;11;Nov;Q4;46;EDM Wire-Cut;4;20;20;0;4601;24199;28800;471;840;561;1000;1;0;1000
17/11/2024;2024;11;Nov;Q4;46;EDM Wire-Cut;4;11;11;0;3147;25653;28800;506;891;568;1000;1;0;1000
18/11/2024;2024;11;Nov;Q4;47;EDM Wire-Cut;4;16;16;0;3713;25087;28800;481;871;553;1000;1;0;1000
19/11/2024;2024;11;Nov;Q4;47;EDM Wire-Cut;4;19;19;0;3804;24996;28800;482;868;555;1000;1;0;1000
20/11/2024;2024;11;Nov;Q4;47;EDM Wire-Cut;4;16;16;0;4347;24453;28800;480;849;565;1000;1;0;1000
21/11/2024;2024;11;Nov;Q4;47;EDM Wire-Cut;4;15;15;0;3352;25448;28800;501;884;568;1000;1;0;1000
22/11/2024;2024;11;Nov;Q4;47;EDM Wire-Cut;4;12;11;1;4714;24086;28800;432;836;563;917;1;833;9167
23/11/2024;2024;11;Nov;Q4;47;EDM Wire-Cut;4;11;11;0;4929;23871;28800;498;829;601;1000;1;0;1000
24/11/2024;2024;11;Nov;Q4;47;EDM Wire-Cut;4;17;17;0;3196;25604;28800;481;889;541;1000;1;0;1000
25/11/2024;2024;11;Nov;Q4;48;EDM Wire-Cut;4;19;19;0;3593;25207;28800;491;875;562;1000;1;0;1000
26/11/2024;2024;11;Nov;Q4;48;EDM Wire-Cut;4;14;14;0;3560;25240;28800;462;876;528;1000;1;0;1000
27/11/2024;2024;11;Nov;Q4;48;EDM Wire-Cut;4;12;12;0;6082;22718;28800;451;789;571;1000;1;0;1000
28/11/2024;2024;11;Nov;Q4;48;EDM Wire-Cut;4;8;8;0;3642;25158;28800;470;874;538;1000;1;0;1000
29/11/2024;2024;11;Nov;Q4;48;EDM Wire-Cut;4;12;12;0;5321;23479;28800;454;815;557;1000;1;0;1000
30/11/2024;2024;11;Nov;Q4;48;EDM Wire-Cut;4;14;14;0;2975;25825;28800;497;897;555;1000;1;0;1000
01/12/2024;2024;12;Dec;Q4;48;EDM Wire-Cut;4;19;19;0;3196;25604;28800;506;889;569;1000;1;0;1000
02/12/2024;2024;12;Dec;Q4;49;EDM Wire-Cut;4;17;17;0;3437;25363;28800;485;881;551;1000;1;0;1000
03/12/2024;2024;12;Dec;Q4;49;EDM Wire-Cut;4;16;15;1;3310;25490;28800;456;885;550;938;1;625;9375
04/12/2024;2024;12;Dec;Q4;49;EDM Wire-Cut;4;14;14;0;3771;25029;28800;517;869;595;1000;1;0;1000
05/12/2024;2024;12;Dec;Q4;49;EDM Wire-Cut;4;13;13;0;3419;25381;28800;502;881;569;1000;1;0;1000
06/12/2024;2024;12;Dec;Q4;49;EDM Wire-Cut;4;19;19;0;3331;25469;28800;487;884;550;1000;1;0;1000
07/12/2024;2024;12;Dec;Q4;49;EDM Wire-Cut;4;15;14;1;4907;23893;28800;432;830;557;933;1;667;9333
08/12/2024;2024;12;Dec;Q4;49;EDM Wire-Cut;4;9;9;0;4959;23841;28800;497;828;600;1000;1;0;1000
09/12/2024;2024;12;Dec;Q4;50;EDM Wire-Cut;4;13;13;0;4741;24059;28800;466;835;558;1000;1;0;1000
10/12/2024;2024;12;Dec;Q4;50;EDM Wire-Cut;4;13;13;0;4402;24398;28800;464;847;547;1000;1;0;1000
11/12/2024;2024;12;Dec;Q4;50;EDM Wire-Cut;4;13;13;0;4058;24742;28800;470;859;548;1000;1;0;1000
12/12/2024;2024;12;Dec;Q4;50;EDM Wire-Cut;4;16;16;0;3588;25212;28800;482;875;551;1000;1;0;1000
13/12/2024;2024;12;Dec;Q4;50;EDM Wire-Cut;4;15;15;0;3225;25575;28800;488;888;550;1000;1;0;1000
14/12/2024;2024;12;Dec;Q4;50;EDM Wire-Cut;4;15;15;0;4273;24527;28800;455;852;534;1000;1;0;1000
15/12/2024;2024;12;Dec;Q4;50;EDM Wire-Cut;4;18;18;0;3049;25751;28800;481;894;538;1000;1;0;1000
16/12/2024;2024;12;Dec;Q4;51;EDM Wire-Cut;4;13;13;0;3192;25608;28800;484;889;544;1000;1;0;1000
17/12/2024;2024;12;Dec;Q4;51;EDM Wire-Cut;4;20;20;0;4903;23897;28800;478;830;576;1000;1;0;1000
18/12/2024;2024;12;Dec;Q4;51;EDM Wire-Cut;4;13;13;0;5499;23301;28800;449;809;554;1000;1;0;1000
19/12/2024;2024;12;Dec;Q4;51;EDM Wire-Cut;4;15;15;0;4298;24502;28800;475;851;558;1000;1;0;1000
20/12/2024;2024;12;Dec;Q4;51;EDM Wire-Cut;4;14;14;0;4866;23934;28800;492;831;592;1000;1;0;1000
21/12/2024;2024;12;Dec;Q4;51;EDM Wire-Cut;4;15;15;0;3788;25012;28800;514;868;592;1000;1;0;1000
22/12/2024;2024;12;Dec;Q4;51;EDM Wire-Cut;4;16;16;0;2918;25882;28800;500;899;557;1000;1;0;1000
23/12/2024;2024;12;Dec;Q4;52;EDM Wire-Cut;4;16;16;0;4472;24328;28800;464;845;549;1000;1;0;1000
24/12/2024;2024;12;Dec;Q4;52;EDM Wire-Cut;4;13;13;0;4438;24362;28800;460;846;544;1000;1;0;1000
25/12/2024;2024;12;Dec;Q4;52;EDM Wire-Cut;4;12;12;0;4041;24759;28800;497;860;579;1000;1;0;1000
26/12/2024;2024;12;Dec;Q4;52;EDM Wire-Cut;4;21;21;0;3791;25009;28800;485;868;558;1000;1;0;1000
27/12/2024;2024;12;Dec;Q4;52;EDM Wire-Cut;4;13;13;0;4751;24049;28800;463;835;554;1000;1;0;1000
28/12/2024;2024;12;Dec;Q4;52;EDM Wire-Cut;4;17;16;1;3199;25601;28800;456;889;545;941;1;588;9412
29/12/2024;2024;12;Dec;Q4;52;EDM Wire-Cut;4;11;11;0;3368;25432;28800;482;883;546;1000;1;0;1000
30/12/2024;2024;12;Dec;Q4;1;EDM Wire-Cut;4;14;14;0;3181;25619;28800;507;890;570;1000;1;0;1000
31/12/2024;2024;12;Dec;Q4;1;EDM Wire-Cut;4;14;14;0;4052;24748;28800;458;859;533;1000;1;0;1000
01/01/2023;2023;1;Jan;Q1;52;Surface Grinder;5;11;11;0;3922;24878;28800;753;864;872;1000;1;0;1000
02/01/2023;2023;1;Jan;Q1;1;Surface Grinder;5;18;13;5;5218;23582;28800;490;819;828;722;1;2778;7222
03/01/2023;2023;1;Jan;Q1;1;Surface Grinder;5;18;17;1;5114;23686;28800;657;822;846;944;1;556;9444
04/01/2023;2023;1;Jan;Q1;1;Surface Grinder;5;17;14;3;5069;23731;28800;547;824;806;824;1;1765;8235
05/01/2023;2023;1;Jan;Q1;1;Surface Grinder;5;13;12;1;4298;24502;28800;669;851;851;923;1;769;9231
06/01/2023;2023;1;Jan;Q1;1;Surface Grinder;5;16;16;0;3654;25146;28800;740;873;848;1000;1;0;1000
07/01/2023;2023;1;Jan;Q1;1;Surface Grinder;5;11;9;2;3042;25758;28800;635;894;868;818;1;1818;8182
08/01/2023;2023;1;Jan;Q1;1;Surface Grinder;5;17;15;2;4184;24616;28800;631;855;837;882;1;1176;8824
09/01/2023;2023;1;Jan;Q1;2;Surface Grinder;5;15;13;2;5512;23288;28800;603;809;861;867;1;1333;8667
10/01/2023;2023;1;Jan;Q1;2;Surface Grinder;5;14;13;1;3957;24843;28800;678;863;847;929;1;714;9286
11/01/2023;2023;1;Jan;Q1;2;Surface Grinder;5;12;12;0;4881;23919;28800;703;831;847;1000;1;0;1000
12/01/2023;2023;1;Jan;Q1;2;Surface Grinder;5;8;7;1;4930;23870;28800;624;829;861;875;1;125;875
13/01/2023;2023;1;Jan;Q1;2;Surface Grinder;5;12;9;3;3979;24821;28800;555;862;859;750;1;250;750
14/01/2023;2023;1;Jan;Q1;2;Surface Grinder;5;18;18;0;5329;23471;28800;721;815;884;1000;1;0;1000
15/01/2023;2023;1;Jan;Q1;2;Surface Grinder;5;14;13;1;1764;27036;28800;744;939;854;929;1;714;9286
16/01/2023;2023;1;Jan;Q1;3;Surface Grinder;5;14;11;3;3187;25613;28800;591;889;846;786;1;2143;7857
17/01/2023;2023;1;Jan;Q1;3;Surface Grinder;5;17;16;1;3446;25354;28800;706;880;852;941;1;588;9412
18/01/2023;2023;1;Jan;Q1;3;Surface Grinder;5;20;17;3;3527;25273;28800;622;878;833;850;1;150;850
19/01/2023;2023;1;Jan;Q1;3;Surface Grinder;5;18;16;2;4502;24298;28800;634;844;846;889;1;1111;8889
20/01/2023;2023;1;Jan;Q1;3;Surface Grinder;5;12;11;1;4463;24337;28800;719;845;928;917;1;833;9167
21/01/2023;2023;1;Jan;Q1;3;Surface Grinder;5;10;9;1;4551;24249;28800;626;842;827;900;1;100;900
22/01/2023;2023;1;Jan;Q1;3;Surface Grinder;5;21;20;1;4721;24079;28800;676;836;848;952;1;476;9524
23/01/2023;2023;1;Jan;Q1;4;Surface Grinder;5;21;21;0;3417;25383;28800;744;881;845;1000;1;0;1000
24/01/2023;2023;1;Jan;Q1;4;Surface Grinder;5;15;13;2;3191;25609;28800;655;889;850;867;1;1333;8667
25/01/2023;2023;1;Jan;Q1;4;Surface Grinder;5;11;9;2;4553;24247;28800;583;842;847;818;1;1818;8182
26/01/2023;2023;1;Jan;Q1;4;Surface Grinder;5;17;15;2;3687;25113;28800;668;872;868;882;1;1176;8824
27/01/2023;2023;1;Jan;Q1;4;Surface Grinder;5;15;13;2;2893;25907;28800;623;900;799;867;1;1333;8667
28/01/2023;2023;1;Jan;Q1;4;Surface Grinder;5;15;14;1;5038;23762;28800;688;825;894;933;1;667;9333
29/01/2023;2023;1;Jan;Q1;4;Surface Grinder;5;17;17;0;5395;23405;28800;715;813;880;1000;1;0;1000
30/01/2023;2023;1;Jan;Q1;5;Surface Grinder;5;16;13;3;5532;23268;28800;535;808;815;812;1;1875;8125
31/01/2023;2023;1;Jan;Q1;5;Surface Grinder;5;12;11;1;4376;24424;28800;606;848;780;917;1;833;9167
01/02/2023;2023;2;Feb;Q1;5;Surface Grinder;5;14;13;1;4746;24054;28800;639;835;824;929;1;714;9286
02/02/2023;2023;2;Feb;Q1;5;Surface Grinder;5;17;17;0;5374;23426;28800;691;813;850;1000;1;0;1000
03/02/2023;2023;2;Feb;Q1;5;Surface Grinder;5;16;16;0;3677;25123;28800;826;872;947;1000;1;0;1000
04/02/2023;2023;2;Feb;Q1;5;Surface Grinder;5;16;15;1;5155;23645;28800;675;821;877;938;1;625;9375
05/02/2023;2023;2;Feb;Q1;5;Surface Grinder;5;17;14;3;4451;24349;28800;554;845;796;824;1;1765;8235
06/02/2023;2023;2;Feb;Q1;6;Surface Grinder;5;14;11;3;4989;23811;28800;542;827;834;786;1;2143;7857
07/02/2023;2023;2;Feb;Q1;6;Surface Grinder;5;15;12;3;4375;24425;28800;581;848;856;800;1;200;800
08/02/2023;2023;2;Feb;Q1;6;Surface Grinder;5;6;4;2;5312;23488;28800;471;816;867;667;1;3333;6667
09/02/2023;2023;2;Feb;Q1;6;Surface Grinder;5;14;11;3;4407;24393;28800;541;847;813;786;1;2143;7857
10/02/2023;2023;2;Feb;Q1;6;Surface Grinder;5;17;15;2;2966;25834;28800;675;897;853;882;1;1176;8824
11/02/2023;2023;2;Feb;Q1;6;Surface Grinder;5;14;13;1;5443;23357;28800;628;811;833;929;1;714;9286
12/02/2023;2023;2;Feb;Q1;6;Surface Grinder;5;14;12;2;3419;25381;28800;620;881;820;857;1;1429;8571
13/02/2023;2023;2;Feb;Q1;7;Surface Grinder;5;12;12;0;5275;23525;28800;708;817;867;1000;1;0;1000
14/02/2023;2023;2;Feb;Q1;7;Surface Grinder;5;18;17;1;4142;24658;28800;715;856;885;944;1;556;9444
15/02/2023;2023;2;Feb;Q1;7;Surface Grinder;5;16;15;1;5210;23590;28800;681;819;887;938;1;625;9375
16/02/2023;2023;2;Feb;Q1;7;Surface Grinder;5;17;15;2;5176;23624;28800;635;820;878;882;1;1176;8824
17/02/2023;2023;2;Feb;Q1;7;Surface Grinder;5;10;9;1;4581;24219;28800;636;841;841;900;1;100;900
18/02/2023;2023;2;Feb;Q1;7;Surface Grinder;5;14;14;0;4647;24153;28800;740;839;883;1000;1;0;1000
19/02/2023;2023;2;Feb;Q1;7;Surface Grinder;5;14;13;1;4575;24225;28800;678;841;869;929;1;714;9286
20/02/2023;2023;2;Feb;Q1;8;Surface Grinder;5;14;11;3;2519;26281;28800;618;913;863;786;1;2143;7857
21/02/2023;2023;2;Feb;Q1;8;Surface Grinder;5;13;12;1;4318;24482;28800;657;850;837;923;1;769;9231
22/02/2023;2023;2;Feb;Q1;8;Surface Grinder;5;14;11;3;3277;25523;28800;586;886;841;786;1;2143;7857
23/02/2023;2023;2;Feb;Q1;8;Surface Grinder;5;17;16;1;4363;24437;28800;687;849;861;941;1;588;9412
24/02/2023;2023;2;Feb;Q1;8;Surface Grinder;5;10;10;0;3254;25546;28800;835;887;942;1000;1;0;1000
25/02/2023;2023;2;Feb;Q1;8;Surface Grinder;5;20;18;2;3219;25581;28800;694;888;868;900;1;100;900
26/02/2023;2023;2;Feb;Q1;8;Surface Grinder;5;16;15;1;5572;23228;28800;633;807;837;938;1;625;9375
27/02/2023;2023;2;Feb;Q1;9;Surface Grinder;5;15;13;2;5120;23680;28800;591;822;829;867;1;1333;8667
28/02/2023;2023;2;Feb;Q1;9;Surface Grinder;5;17;14;3;4215;24585;28800;591;854;841;824;1;1765;8235
01/03/2023;2023;3;Mar;Q1;9;Surface Grinder;5;11;9;2;4374;24426;28800;647;848;933;818;1;1818;8182
02/03/2023;2023;3;Mar;Q1;9;Surface Grinder;5;13;10;3;4009;24791;28800;559;861;844;769;1;2308;7692
03/03/2023;2023;3;Mar;Q1;9;Surface Grinder;5;15;14;1;4699;24101;28800;694;837;889;933;1;667;9333
04/03/2023;2023;3;Mar;Q1;9;Surface Grinder;5;18;17;1;3648;25152;28800;697;873;845;944;1;556;9444
05/03/2023;2023;3;Mar;Q1;9;Surface Grinder;5;15;13;2;5057;23743;28800;619;824;867;867;1;1333;8667
06/03/2023;2023;3;Mar;Q1;10;Surface Grinder;5;16;16;0;4005;24795;28800;762;861;885;1000;1;0;1000
07/03/2023;2023;3;Mar;Q1;10;Surface Grinder;5;13;12;1;3864;24936;28800;670;866;838;923;1;769;9231
08/03/2023;2023;3;Mar;Q1;10;Surface Grinder;5;16;15;1;4237;24563;28800;668;853;836;938;1;625;9375
09/03/2023;2023;3;Mar;Q1;10;Surface Grinder;5;19;17;2;3719;25081;28800;713;871;915;895;1;1053;8947
10/03/2023;2023;3;Mar;Q1;10;Surface Grinder;5;17;17;0;4496;24304;28800;753;844;892;1000;1;0;1000
11/03/2023;2023;3;Mar;Q1;10;Surface Grinder;5;15;15;0;3765;25035;28800;769;869;885;1000;1;0;1000
12/03/2023;2023;3;Mar;Q1;10;Surface Grinder;5;17;15;2;4613;24187;28800;656;840;885;882;1;1176;8824
13/03/2023;2023;3;Mar;Q1;11;Surface Grinder;5;16;14;2;5244;23556;28800;625;818;874;875;1;125;875
14/03/2023;2023;3;Mar;Q1;11;Surface Grinder;5;16;14;2;3611;25189;28800;710;875;927;875;1;125;875
15/03/2023;2023;3;Mar;Q1;11;Surface Grinder;5;18;16;2;4108;24692;28800;655;857;860;889;1;1111;8889
16/03/2023;2023;3;Mar;Q1;11;Surface Grinder;5;18;18;0;4607;24193;28800;737;840;878;1000;1;0;1000
17/03/2023;2023;3;Mar;Q1;11;Surface Grinder;5;15;14;1;3851;24949;28800;653;866;808;933;1;667;9333
18/03/2023;2023;3;Mar;Q1;11;Surface Grinder;5;17;17;0;4610;24190;28800;697;840;830;1000;1;0;1000
19/03/2023;2023;3;Mar;Q1;11;Surface Grinder;5;14;11;3;4687;24113;28800;537;837;817;786;1;2143;7857
20/03/2023;2023;3;Mar;Q1;12;Surface Grinder;5;12;10;2;5132;23668;28800;618;822;902;833;1;1667;8333
21/03/2023;2023;3;Mar;Q1;12;Surface Grinder;5;14;14;0;3707;25093;28800;671;871;770;1000;1;0;1000
22/03/2023;2023;3;Mar;Q1;12;Surface Grinder;5;15;14;1;3423;25377;28800;694;881;844;933;1;667;9333
23/03/2023;2023;3;Mar;Q1;12;Surface Grinder;5;10;7;3;3959;24841;28800;456;863;755;700;1;300;700
24/03/2023;2023;3;Mar;Q1;12;Surface Grinder;5;17;15;2;3402;25398;28800;645;882;829;882;1;1176;8824
25/03/2023;2023;3;Mar;Q1;12;Surface Grinder;5;7;6;1;4694;24106;28800;603;837;841;857;1;1429;8571
26/03/2023;2023;3;Mar;Q1;12;Surface Grinder;5;22;21;1;3238;25562;28800;767;888;906;955;1;455;9545
27/03/2023;2023;3;Mar;Q1;13;Surface Grinder;5;19;18;1;6186;22614;28800;648;785;872;947;1;526;9474
28/03/2023;2023;3;Mar;Q1;13;Surface Grinder;5;14;12;2;5312;23488;28800;580;816;829;857;1;1429;8571
29/03/2023;2023;3;Mar;Q1;13;Surface Grinder;5;15;13;2;4229;24571;28800;661;853;895;867;1;1333;8667
30/03/2023;2023;3;Mar;Q1;13;Surface Grinder;5;16;14;2;4950;23850;28800;622;828;859;875;1;125;875
31/03/2023;2023;3;Mar;Q1;13;Surface Grinder;5;13;12;1;2837;25963;28800;715;901;859;923;1;769;9231
01/04/2023;2023;4;Apr;Q2;13;Surface Grinder;5;15;13;2;6347;22453;28800;552;780;817;867;1;1333;8667
02/04/2023;2023;4;Apr;Q2;13;Surface Grinder;5;14;12;2;3720;25080;28800;615;871;824;857;1;1429;8571
03/04/2023;2023;4;Apr;Q2;14;Surface Grinder;5;15;14;1;4117;24683;28800;664;857;830;933;1;667;9333
04/04/2023;2023;4;Apr;Q2;14;Surface Grinder;5;15;14;1;2652;26148;28800;728;908;860;933;1;667;9333
05/04/2023;2023;4;Apr;Q2;14;Surface Grinder;5;11;9;2;4628;24172;28800;591;839;861;818;1;1818;8182
06/04/2023;2023;4;Apr;Q2;14;Surface Grinder;5;15;14;1;3285;25515;28800;753;886;911;933;1;667;9333
07/04/2023;2023;4;Apr;Q2;14;Surface Grinder;5;15;13;2;4304;24496;28800;642;851;871;867;1;1333;8667
08/04/2023;2023;4;Apr;Q2;14;Surface Grinder;5;15;13;2;3759;25041;28800;577;869;765;867;1;1333;8667
09/04/2023;2023;4;Apr;Q2;14;Surface Grinder;5;14;7;7;3309;25491;28800;384;885;867;500;1;500;500
10/04/2023;2023;4;Apr;Q2;15;Surface Grinder;5;18;16;2;3540;25260;28800;630;877;808;889;1;1111;8889
11/04/2023;2023;4;Apr;Q2;15;Surface Grinder;5;14;13;1;4409;24391;28800;649;847;825;929;1;714;9286
12/04/2023;2023;4;Apr;Q2;15;Surface Grinder;5;15;12;3;3137;25663;28800;592;891;830;800;1;200;800
13/04/2023;2023;4;Apr;Q2;15;Surface Grinder;5;18;15;3;3586;25214;28800;609;875;835;833;1;1667;8333
14/04/2023;2023;4;Apr;Q2;15;Surface Grinder;5;15;13;2;4778;24022;28800;586;834;811;867;1;1333;8667
15/04/2023;2023;4;Apr;Q2;15;Surface Grinder;5;15;14;1;6414;22386;28800;628;777;865;933;1;667;9333
16/04/2023;2023;4;Apr;Q2;15;Surface Grinder;5;15;14;1;4621;24179;28800;634;840;810;933;1;667;9333
17/04/2023;2023;4;Apr;Q2;16;Surface Grinder;5;18;16;2;3444;25356;28800;681;880;870;889;1;1111;8889
18/04/2023;2023;4;Apr;Q2;16;Surface Grinder;5;14;11;3;3908;24892;28800;635;864;935;786;1;2143;7857
19/04/2023;2023;4;Apr;Q2;16;Surface Grinder;5;18;14;4;4245;24555;28800;539;853;812;778;1;2222;7778
20/04/2023;2023;4;Apr;Q2;16;Surface Grinder;5;15;15;0;3923;24877;28800;733;864;848;1000;1;0;1000
21/04/2023;2023;4;Apr;Q2;16;Surface Grinder;5;13;12;1;4980;23820;28800;589;827;771;923;1;769;9231
22/04/2023;2023;4;Apr;Q2;16;Surface Grinder;5;17;15;2;4402;24398;28800;634;847;848;882;1;1176;8824
23/04/2023;2023;4;Apr;Q2;16;Surface Grinder;5;14;10;4;4984;23816;28800;520;827;880;714;1;2857;7143
24/04/2023;2023;4;Apr;Q2;17;Surface Grinder;5;16;14;2;3953;24847;28800;666;863;883;875;1;125;875
25/04/2023;2023;4;Apr;Q2;17;Surface Grinder;5;8;7;1;5336;23464;28800;614;815;861;875;1;125;875
26/04/2023;2023;4;Apr;Q2;17;Surface Grinder;5;15;15;0;4078;24722;28800;763;858;889;1000;1;0;1000
27/04/2023;2023;4;Apr;Q2;17;Surface Grinder;5;14;12;2;3399;25401;28800;715;882;945;857;1;1429;8571
28/04/2023;2023;4;Apr;Q2;17;Surface Grinder;5;12;12;0;6055;22745;28800;724;790;917;1000;1;0;1000
29/04/2023;2023;4;Apr;Q2;17;Surface Grinder;5;13;11;2;2679;26121;28800;645;907;840;846;1;1538;8462
30/04/2023;2023;4;Apr;Q2;17;Surface Grinder;5;13;11;2;3595;25205;28800;598;875;808;846;1;1538;8462
01/05/2023;2023;5;May;Q2;18;Surface Grinder;5;15;14;1;3689;25111;28800;687;872;844;933;1;667;9333
02/05/2023;2023;5;May;Q2;18;Surface Grinder;5;11;10;1;6334;22466;28800;585;780;825;909;1;909;9091
03/05/2023;2023;5;May;Q2;18;Surface Grinder;5;16;13;3;5743;23057;28800;568;801;873;812;1;1875;8125
04/05/2023;2023;5;May;Q2;18;Surface Grinder;5;18;17;1;5479;23321;28800;625;810;817;944;1;556;9444
05/05/2023;2023;5;May;Q2;18;Surface Grinder;5;16;15;1;3939;24861;28800;692;863;856;938;1;625;9375
06/05/2023;2023;5;May;Q2;18;Surface Grinder;5;17;13;4;6265;22535;28800;531;782;887;765;1;2353;7647
07/05/2023;2023;5;May;Q2;18;Surface Grinder;5;18;15;3;4529;24271;28800;600;843;855;833;1;1667;8333
08/05/2023;2023;5;May;Q2;19;Surface Grinder;5;18;15;3;5043;23757;28800;567;825;826;833;1;1667;8333
09/05/2023;2023;5;May;Q2;19;Surface Grinder;5;20;19;1;4370;24430;28800;724;848;898;950;1;50;950
10/05/2023;2023;5;May;Q2;19;Surface Grinder;5;14;14;0;4176;24624;28800;678;855;794;1000;1;0;1000
11/05/2023;2023;5;May;Q2;19;Surface Grinder;5;13;13;0;4006;24794;28800;729;861;847;1000;1;0;1000
12/05/2023;2023;5;May;Q2;19;Surface Grinder;5;17;16;1;4041;24759;28800;693;860;857;941;1;588;9412
13/05/2023;2023;5;May;Q2;19;Surface Grinder;5;17;14;3;4732;24068;28800;591;836;859;824;1;1765;8235
14/05/2023;2023;5;May;Q2;19;Surface Grinder;5;17;16;1;4528;24272;28800;685;843;864;941;1;588;9412
15/05/2023;2023;5;May;Q2;20;Surface Grinder;5;20;17;3;4192;24608;28800;638;854;879;850;1;150;850
16/05/2023;2023;5;May;Q2;20;Surface Grinder;5;15;14;1;5492;23308;28800;647;809;857;933;1;667;9333
17/05/2023;2023;5;May;Q2;20;Surface Grinder;5;16;15;1;1715;27085;28800;745;940;845;938;1;625;9375
18/05/2023;2023;5;May;Q2;20;Surface Grinder;5;12;8;4;4648;24152;28800;472;839;844;667;1;3333;6667
19/05/2023;2023;5;May;Q2;20;Surface Grinder;5;21;20;1;4824;23976;28800;664;832;837;952;1;476;9524
20/05/2023;2023;5;May;Q2;20;Surface Grinder;5;14;13;1;5186;23614;28800;674;820;885;929;1;714;9286
21/05/2023;2023;5;May;Q2;20;Surface Grinder;5;14;13;1;4163;24637;28800;664;855;836;929;1;714;9286
22/05/2023;2023;5;May;Q2;21;Surface Grinder;5;14;14;0;4394;24406;28800;752;847;887;1000;1;0;1000
23/05/2023;2023;5;May;Q2;21;Surface Grinder;5;13;12;1;5050;23750;28800;654;825;859;923;1;769;9231
24/05/2023;2023;5;May;Q2;21;Surface Grinder;5;13;12;1;5476;23324;28800;628;810;840;923;1;769;9231
25/05/2023;2023;5;May;Q2;21;Surface Grinder;5;13;11;2;3965;24835;28800;642;862;879;846;1;1538;8462
26/05/2023;2023;5;May;Q2;21;Surface Grinder;5;11;9;2;4443;24357;28800;576;846;833;818;1;1818;8182
27/05/2023;2023;5;May;Q2;21;Surface Grinder;5;13;12;1;5634;23166;28800;653;804;880;923;1;769;9231
28/05/2023;2023;5;May;Q2;21;Surface Grinder;5;20;20;0;2426;26374;28800;792;916;865;1000;1;0;1000
29/05/2023;2023;5;May;Q2;22;Surface Grinder;5;17;15;2;3636;25164;28800;646;874;838;882;1;1176;8824
30/05/2023;2023;5;May;Q2;22;Surface Grinder;5;17;17;0;5455;23345;28800;710;811;876;1000;1;0;1000
31/05/2023;2023;5;May;Q2;22;Surface Grinder;5;18;16;2;5140;23660;28800;640;822;877;889;1;1111;8889
01/06/2023;2023;6;Jun;Q2;22;Surface Grinder;5;20;17;3;4659;24141;28800;640;838;898;850;1;150;850
02/06/2023;2023;6;Jun;Q2;22;Surface Grinder;5;10;10;0;3840;24960;28800;772;867;891;1000;1;0;1000
03/06/2023;2023;6;Jun;Q2;22;Surface Grinder;5;12;10;2;3474;25326;28800;641;879;875;833;1;1667;8333
04/06/2023;2023;6;Jun;Q2;22;Surface Grinder;5;13;10;3;3719;25081;28800;549;871;819;769;1;2308;7692
05/06/2023;2023;6;Jun;Q2;23;Surface Grinder;5;14;12;2;5524;23276;28800;653;808;942;857;1;1429;8571
06/06/2023;2023;6;Jun;Q2;23;Surface Grinder;5;14;13;1;3688;25112;28800;656;872;810;929;1;714;9286
07/06/2023;2023;6;Jun;Q2;23;Surface Grinder;5;14;12;2;4304;24496;28800;649;851;891;857;1;1429;8571
08/06/2023;2023;6;Jun;Q2;23;Surface Grinder;5;15;12;3;3582;25218;28800;611;876;873;800;1;200;800
09/06/2023;2023;6;Jun;Q2;23;Surface Grinder;5;15;14;1;4929;23871;28800;633;829;818;933;1;667;9333
10/06/2023;2023;6;Jun;Q2;23;Surface Grinder;5;13;11;2;3764;25036;28800;628;869;854;846;1;1538;8462
11/06/2023;2023;6;Jun;Q2;23;Surface Grinder;5;9;9;0;4136;24664;28800;732;856;855;1000;1;0;1000
12/06/2023;2023;6;Jun;Q2;24;Surface Grinder;5;12;12;0;2798;26002;28800;815;903;903;1000;1;0;1000
13/06/2023;2023;6;Jun;Q2;24;Surface Grinder;5;13;11;2;2857;25943;28800;635;901;834;846;1;1538;8462
14/06/2023;2023;6;Jun;Q2;24;Surface Grinder;5;14;12;2;4225;24575;28800;621;853;849;857;1;1429;8571
15/06/2023;2023;6;Jun;Q2;24;Surface Grinder;5;12;10;2;3100;25700;28800;578;892;778;833;1;1667;8333
16/06/2023;2023;6;Jun;Q2;24;Surface Grinder;5;14;11;3;5994;22806;28800;571;792;918;786;1;2143;7857
17/06/2023;2023;6;Jun;Q2;24;Surface Grinder;5;12;12;0;2479;26321;28800;751;914;821;1000;1;0;1000
18/06/2023;2023;6;Jun;Q2;24;Surface Grinder;5;15;14;1;3543;25257;28800;711;877;869;933;1;667;9333
19/06/2023;2023;6;Jun;Q2;25;Surface Grinder;5;12;9;3;4232;24568;28800;547;853;855;750;1;250;750
20/06/2023;2023;6;Jun;Q2;25;Surface Grinder;5;13;13;0;3910;24890;28800;739;864;855;1000;1;0;1000
21/06/2023;2023;6;Jun;Q2;25;Surface Grinder;5;11;9;2;3287;25513;28800;642;886;886;818;1;1818;8182
22/06/2023;2023;6;Jun;Q2;25;Surface Grinder;5;14;13;1;3410;25390;28800;749;882;915;929;1;714;9286
23/06/2023;2023;6;Jun;Q2;25;Surface Grinder;5;13;13;0;3382;25418;28800;765;883;867;1000;1;0;1000
24/06/2023;2023;6;Jun;Q2;25;Surface Grinder;5;17;16;1;3976;24824;28800;714;862;880;941;1;588;9412
25/06/2023;2023;6;Jun;Q2;25;Surface Grinder;5;16;14;2;5865;22935;28800;606;796;869;875;1;125;875
26/06/2023;2023;6;Jun;Q2;26;Surface Grinder;5;15;12;3;4284;24516;28800;608;851;893;800;1;200;800
27/06/2023;2023;6;Jun;Q2;26;Surface Grinder;5;13;11;2;5216;23584;28800;584;819;842;846;1;1538;8462
28/06/2023;2023;6;Jun;Q2;26;Surface Grinder;5;16;14;2;4646;24154;28800;657;839;895;875;1;125;875
29/06/2023;2023;6;Jun;Q2;26;Surface Grinder;5;17;15;2;5158;23642;28800;649;821;896;882;1;1176;8824
30/06/2023;2023;6;Jun;Q2;26;Surface Grinder;5;15;14;1;1856;26944;28800;782;936;895;933;1;667;9333
01/07/2023;2023;7;Jul;Q3;26;Surface Grinder;5;19;18;1;3961;24839;28800;683;862;835;947;1;526;9474
02/07/2023;2023;7;Jul;Q3;26;Surface Grinder;5;16;15;1;5321;23479;28800;651;815;852;938;1;625;9375
03/07/2023;2023;7;Jul;Q3;27;Surface Grinder;5;17;17;0;3736;25064;28800;754;870;866;1000;1;0;1000
04/07/2023;2023;7;Jul;Q3;27;Surface Grinder;5;15;14;1;5705;23095;28800;607;802;811;933;1;667;9333
05/07/2023;2023;7;Jul;Q3;27;Surface Grinder;5;17;16;1;5470;23330;28800;696;810;913;941;1;588;9412
06/07/2023;2023;7;Jul;Q3;27;Surface Grinder;5;13;12;1;3822;24978;28800;687;867;858;923;1;769;9231
07/07/2023;2023;7;Jul;Q3;27;Surface Grinder;5;14;14;0;3794;25006;28800;753;868;868;1000;1;0;1000
08/07/2023;2023;7;Jul;Q3;27;Surface Grinder;5;16;14;2;3363;25437;28800;648;883;838;875;1;125;875
09/07/2023;2023;7;Jul;Q3;27;Surface Grinder;5;16;14;2;3687;25113;28800;620;872;812;875;1;125;875
10/07/2023;2023;7;Jul;Q3;28;Surface Grinder;5;16;16;0;3178;25622;28800;745;890;837;1000;1;0;1000
11/07/2023;2023;7;Jul;Q3;28;Surface Grinder;5;18;14;4;4580;24220;28800;566;841;866;778;1;2222;7778
12/07/2023;2023;7;Jul;Q3;28;Surface Grinder;5;11;11;0;2990;25810;28800;790;896;881;1000;1;0;1000
13/07/2023;2023;7;Jul;Q3;28;Surface Grinder;5;12;10;2;4728;24072;28800;601;836;864;833;1;1667;8333
14/07/2023;2023;7;Jul;Q3;28;Surface Grinder;5;15;15;0;4748;24052;28800;726;835;870;1000;1;0;1000
15/07/2023;2023;7;Jul;Q3;28;Surface Grinder;5;13;10;3;2817;25983;28800;587;902;846;769;1;2308;7692
16/07/2023;2023;7;Jul;Q3;28;Surface Grinder;5;24;24;0;5526;23274;28800;707;808;875;1000;1;0;1000
17/07/2023;2023;7;Jul;Q3;29;Surface Grinder;5;16;13;3;4652;24148;28800;619;838;909;812;1;1875;8125
18/07/2023;2023;7;Jul;Q3;29;Surface Grinder;5;15;14;1;4851;23949;28800;685;832;882;933;1;667;9333
19/07/2023;2023;7;Jul;Q3;29;Surface Grinder;5;13;11;2;3578;25222;28800;656;876;886;846;1;1538;8462
20/07/2023;2023;7;Jul;Q3;29;Surface Grinder;5;14;13;1;4743;24057;28800;673;835;868;929;1;714;9286
21/07/2023;2023;7;Jul;Q3;29;Surface Grinder;5;15;15;0;5168;23632;28800;662;821;806;1000;1;0;1000
22/07/2023;2023;7;Jul;Q3;29;Surface Grinder;5;15;13;2;4135;24665;28800;610;856;822;867;1;1333;8667
23/07/2023;2023;7;Jul;Q3;29;Surface Grinder;5;14;14;0;5907;22893;28800;694;795;874;1000;1;0;1000
24/07/2023;2023;7;Jul;Q3;30;Surface Grinder;5;14;11;3;4255;24545;28800;574;852;858;786;1;2143;7857
25/07/2023;2023;7;Jul;Q3;30;Surface Grinder;5;18;18;0;5181;23619;28800;716;820;873;1000;1;0;1000
26/07/2023;2023;7;Jul;Q3;30;Surface Grinder;5;19;17;2;4465;24335;28800;692;845;916;895;1;1053;8947
27/07/2023;2023;7;Jul;Q3;30;Surface Grinder;5;16;14;2;4712;24088;28800;646;836;883;875;1;125;875
28/07/2023;2023;7;Jul;Q3;30;Surface Grinder;5;11;10;1;2808;25992;28800;739;902;901;909;1;909;9091
29/07/2023;2023;7;Jul;Q3;30;Surface Grinder;5;16;15;1;4531;24269;28800;680;843;861;938;1;625;9375
30/07/2023;2023;7;Jul;Q3;30;Surface Grinder;5;19;16;3;3598;25202;28800;612;875;830;842;1;1579;8421
31/07/2023;2023;7;Jul;Q3;31;Surface Grinder;5;18;15;3;3504;25296;28800;627;878;856;833;1;1667;8333
01/08/2023;2023;8;Aug;Q3;31;Surface Grinder;5;17;13;4;5690;23110;28800;510;802;830;765;1;2353;7647
02/08/2023;2023;8;Aug;Q3;31;Surface Grinder;5;19;18;1;4038;24762;28800;742;860;911;947;1;526;9474
03/08/2023;2023;8;Aug;Q3;31;Surface Grinder;5;15;14;1;3372;25428;28800;729;883;885;933;1;667;9333
04/08/2023;2023;8;Aug;Q3;31;Surface Grinder;5;17;16;1;3915;24885;28800;712;864;876;941;1;588;9412
05/08/2023;2023;8;Aug;Q3;31;Surface Grinder;5;13;12;1;3121;25679;28800;741;892;900;923;1;769;9231
06/08/2023;2023;8;Aug;Q3;31;Surface Grinder;5;16;14;2;5428;23372;28800;560;812;789;875;1;125;875
07/08/2023;2023;8;Aug;Q3;32;Surface Grinder;5;18;17;1;3631;25169;28800;725;874;878;944;1;556;9444
08/08/2023;2023;8;Aug;Q3;32;Surface Grinder;5;13;12;1;4665;24135;28800;629;838;813;923;1;769;9231
09/08/2023;2023;8;Aug;Q3;32;Surface Grinder;5;13;12;1;5362;23438;28800;644;814;858;923;1;769;9231
10/08/2023;2023;8;Aug;Q3;32;Surface Grinder;5;15;13;2;3796;25004;28800;638;868;847;867;1;1333;8667
11/08/2023;2023;8;Aug;Q3;32;Surface Grinder;5;14;11;3;4667;24133;28800;580;838;881;786;1;2143;7857
12/08/2023;2023;8;Aug;Q3;32;Surface Grinder;5;17;15;2;3349;25451;28800;675;884;866;882;1;1176;8824
13/08/2023;2023;8;Aug;Q3;32;Surface Grinder;5;14;13;1;6282;22518;28800;656;782;904;929;1;714;9286
14/08/2023;2023;8;Aug;Q3;33;Surface Grinder;5;19;16;3;5008;23792;28800;583;826;837;842;1;1579;8421
15/08/2023;2023;8;Aug;Q3;33;Surface Grinder;5;11;10;1;4056;24744;28800;689;859;882;909;1;909;9091
16/08/2023;2023;8;Aug;Q3;33;Surface Grinder;5;18;18;0;3566;25234;28800;757;876;864;1000;1;0;1000
17/08/2023;2023;8;Aug;Q3;33;Surface Grinder;5;13;13;0;4122;24678;28800;687;857;802;1000;1;0;1000
18/08/2023;2023;8;Aug;Q3;33;Surface Grinder;5;10;10;0;3931;24869;28800;714;864;826;1000;1;0;1000
19/08/2023;2023;8;Aug;Q3;33;Surface Grinder;5;15;14;1;5866;22934;28800;634;796;853;933;1;667;9333
20/08/2023;2023;8;Aug;Q3;33;Surface Grinder;5;14;11;3;3184;25616;28800;626;889;896;786;1;2143;7857
21/08/2023;2023;8;Aug;Q3;34;Surface Grinder;5;12;11;1;4332;24468;28800;681;850;874;917;1;833;9167
22/08/2023;2023;8;Aug;Q3;34;Surface Grinder;5;10;9;1;4203;24597;28800;629;854;818;900;1;100;900
23/08/2023;2023;8;Aug;Q3;34;Surface Grinder;5;15;12;3;4119;24681;28800;585;857;853;800;1;200;800
24/08/2023;2023;8;Aug;Q3;34;Surface Grinder;5;17;14;3;4127;24673;28800;654;857;927;824;1;1765;8235
25/08/2023;2023;8;Aug;Q3;34;Surface Grinder;5;16;14;2;4120;24680;28800;646;857;862;875;1;125;875
26/08/2023;2023;8;Aug;Q3;34;Surface Grinder;5;15;14;1;4955;23845;28800;654;828;847;933;1;667;9333
27/08/2023;2023;8;Aug;Q3;34;Surface Grinder;5;16;16;0;4732;24068;28800;731;836;875;1000;1;0;1000
28/08/2023;2023;8;Aug;Q3;35;Surface Grinder;5;15;15;0;4572;24228;28800;744;841;884;1000;1;0;1000
29/08/2023;2023;8;Aug;Q3;35;Surface Grinder;5;11;11;0;1659;27141;28800;794;942;842;1000;1;0;1000
30/08/2023;2023;8;Aug;Q3;35;Surface Grinder;5;11;10;1;4471;24329;28800;672;845;875;909;1;909;9091
31/08/2023;2023;8;Aug;Q3;35;Surface Grinder;5;14;12;2;2821;25979;28800;655;902;847;857;1;1429;8571
01/09/2023;2023;9;Sep;Q3;35;Surface Grinder;5;14;14;0;4763;24037;28800;737;835;883;1000;1;0;1000
02/09/2023;2023;9;Sep;Q3;35;Surface Grinder;5;17;17;0;5462;23338;28800;700;810;864;1000;1;0;1000
03/09/2023;2023;9;Sep;Q3;35;Surface Grinder;5;17;16;1;3437;25363;28800;725;881;875;941;1;588;9412
04/09/2023;2023;9;Sep;Q3;36;Surface Grinder;5;16;14;2;3997;24803;28800;627;861;832;875;1;125;875
05/09/2023;2023;9;Sep;Q3;36;Surface Grinder;5;14;12;2;3713;25087;28800;620;871;830;857;1;1429;8571
06/09/2023;2023;9;Sep;Q3;36;Surface Grinder;5;11;10;1;5260;23540;28800;662;817;890;909;1;909;9091
07/09/2023;2023;9;Sep;Q3;36;Surface Grinder;5;16;15;1;4298;24502;28800;682;851;855;938;1;625;9375
08/09/2023;2023;9;Sep;Q3;36;Surface Grinder;5;16;15;1;5676;23124;28800;653;803;868;938;1;625;9375
09/09/2023;2023;9;Sep;Q3;36;Surface Grinder;5;8;8;0;4567;24233;28800;713;841;847;1000;1;0;1000
10/09/2023;2023;9;Sep;Q3;36;Surface Grinder;5;13;12;1;4423;24377;28800;694;846;889;923;1;769;9231
11/09/2023;2023;9;Sep;Q3;37;Surface Grinder;5;13;10;3;4276;24524;28800;548;852;837;769;1;2308;7692
12/09/2023;2023;9;Sep;Q3;37;Surface Grinder;5;15;11;4;4908;23892;28800;519;830;853;733;1;2667;7333
13/09/2023;2023;9;Sep;Q3;37;Surface Grinder;5;13;11;2;2752;26048;28800;677;904;885;846;1;1538;8462
14/09/2023;2023;9;Sep;Q3;37;Surface Grinder;5;15;12;3;4290;24510;28800;612;851;898;800;1;200;800
15/09/2023;2023;9;Sep;Q3;37;Surface Grinder;5;14;12;2;4159;24641;28800;616;856;840;857;1;1429;8571
16/09/2023;2023;9;Sep;Q3;37;Surface Grinder;5;14;14;0;4830;23970;28800;770;832;925;1000;1;0;1000
17/09/2023;2023;9;Sep;Q3;37;Surface Grinder;5;13;8;5;4060;24740;28800;459;859;869;615;1;3846;6154
18/09/2023;2023;9;Sep;Q3;38;Surface Grinder;5;13;13;0;3342;25458;28800;727;884;822;1000;1;0;1000
19/09/2023;2023;9;Sep;Q3;38;Surface Grinder;5;12;10;2;4224;24576;28800;619;853;871;833;1;1667;8333
20/09/2023;2023;9;Sep;Q3;38;Surface Grinder;5;16;15;1;3305;25495;28800;701;885;845;938;1;625;9375
21/09/2023;2023;9;Sep;Q3;38;Surface Grinder;5;16;15;1;2594;26206;28800;745;910;873;938;1;625;9375
22/09/2023;2023;9;Sep;Q3;38;Surface Grinder;5;13;11;2;4832;23968;28800;603;832;857;846;1;1538;8462
23/09/2023;2023;9;Sep;Q3;38;Surface Grinder;5;19;17;2;4707;24093;28800;644;837;861;895;1;1053;8947
24/09/2023;2023;9;Sep;Q3;38;Surface Grinder;5;14;13;1;4612;24188;28800;645;840;827;929;1;714;9286
25/09/2023;2023;9;Sep;Q3;39;Surface Grinder;5;19;18;1;5317;23483;28800;689;815;892;947;1;526;9474
26/09/2023;2023;9;Sep;Q3;39;Surface Grinder;5;13;12;1;3657;25143;28800;659;873;818;923;1;769;9231
27/09/2023;2023;9;Sep;Q3;39;Surface Grinder;5;9;6;3;3011;25789;28800;489;895;820;667;1;3333;6667
28/09/2023;2023;9;Sep;Q3;39;Surface Grinder;5;16;13;3;4159;24641;28800;605;856;871;812;1;1875;8125
29/09/2023;2023;9;Sep;Q3;39;Surface Grinder;5;16;15;1;3925;24875;28800;739;864;913;938;1;625;9375
30/09/2023;2023;9;Sep;Q3;39;Surface Grinder;5;15;14;1;3508;25292;28800;693;878;846;933;1;667;9333
01/10/2023;2023;10;Oct;Q4;39;Surface Grinder;5;13;11;2;4151;24649;28800;639;856;882;846;1;1538;8462
02/10/2023;2023;10;Oct;Q4;40;Surface Grinder;5;15;15;0;3702;25098;28800;780;871;895;1000;1;0;1000
03/10/2023;2023;10;Oct;Q4;40;Surface Grinder;5;13;13;0;2669;26131;28800;804;907;886;1000;1;0;1000
04/10/2023;2023;10;Oct;Q4;40;Surface Grinder;5;14;13;1;3846;24954;28800;682;866;847;929;1;714;9286
05/10/2023;2023;10;Oct;Q4;40;Surface Grinder;5;17;14;3;3260;25540;28800;599;887;821;824;1;1765;8235
06/10/2023;2023;10;Oct;Q4;40;Surface Grinder;5;15;15;0;4414;24386;28800;662;847;782;1000;1;0;1000
07/10/2023;2023;10;Oct;Q4;40;Surface Grinder;5;16;16;0;3665;25135;28800;741;873;849;1000;1;0;1000
08/10/2023;2023;10;Oct;Q4;40;Surface Grinder;5;14;13;1;5156;23644;28800;685;821;898;929;1;714;9286
09/10/2023;2023;10;Oct;Q4;41;Surface Grinder;5;14;13;1;5571;23229;28800;614;807;819;929;1;714;9286
10/10/2023;2023;10;Oct;Q4;41;Surface Grinder;5;12;11;1;4791;24009;28800;674;834;882;917;1;833;9167
11/10/2023;2023;10;Oct;Q4;41;Surface Grinder;5;14;13;1;2910;25890;28800;689;899;825;929;1;714;9286
12/10/2023;2023;10;Oct;Q4;41;Surface Grinder;5;6;6;0;5488;23312;28800;697;809;862;1000;1;0;1000
13/10/2023;2023;10;Oct;Q4;41;Surface Grinder;5;13;13;0;5548;23252;28800;712;807;882;1000;1;0;1000
14/10/2023;2023;10;Oct;Q4;41;Surface Grinder;5;15;15;0;4234;24566;28800;713;853;835;1000;1;0;1000
15/10/2023;2023;10;Oct;Q4;41;Surface Grinder;5;16;13;3;5334;23466;28800;572;815;864;812;1;1875;8125
16/10/2023;2023;10;Oct;Q4;42;Surface Grinder;5;14;11;3;3753;25047;28800;577;870;844;786;1;2143;7857
17/10/2023;2023;10;Oct;Q4;42;Surface Grinder;5;16;15;1;2644;26156;28800;751;908;882;938;1;625;9375
18/10/2023;2023;10;Oct;Q4;42;Surface Grinder;5;9;9;0;3577;25223;28800;759;876;866;1000;1;0;1000
19/10/2023;2023;10;Oct;Q4;42;Surface Grinder;5;15;15;0;5677;23123;28800;690;803;860;1000;1;0;1000
20/10/2023;2023;10;Oct;Q4;42;Surface Grinder;5;10;9;1;2960;25840;28800;736;897;911;900;1;100;900
21/10/2023;2023;10;Oct;Q4;42;Surface Grinder;5;12;10;2;4218;24582;28800;626;854;881;833;1;1667;8333
22/10/2023;2023;10;Oct;Q4;42;Surface Grinder;5;14;13;1;4247;24553;28800;660;853;834;929;1;714;9286
23/10/2023;2023;10;Oct;Q4;43;Surface Grinder;5;18;16;2;3785;25015;28800;660;869;855;889;1;1111;8889
24/10/2023;2023;10;Oct;Q4;43;Surface Grinder;5;16;14;2;3844;24956;28800;649;867;855;875;1;125;875
25/10/2023;2023;10;Oct;Q4;43;Surface Grinder;5;15;11;4;4279;24521;28800;537;851;861;733;1;2667;7333
26/10/2023;2023;10;Oct;Q4;43;Surface Grinder;5;15;15;0;3744;25056;28800;822;870;945;1000;1;0;1000
27/10/2023;2023;10;Oct;Q4;43;Surface Grinder;5;13;13;0;3019;25781;28800;779;895;871;1000;1;0;1000
28/10/2023;2023;10;Oct;Q4;43;Surface Grinder;5;13;13;0;4400;24400;28800;668;847;788;1000;1;0;1000
29/10/2023;2023;10;Oct;Q4;43;Surface Grinder;5;16;13;3;5124;23676;28800;561;822;839;812;1;1875;8125
30/10/2023;2023;10;Oct;Q4;44;Surface Grinder;5;11;9;2;4952;23848;28800;536;828;792;818;1;1818;8182
31/10/2023;2023;10;Oct;Q4;44;Surface Grinder;5;16;14;2;3535;25265;28800;650;877;847;875;1;125;875
01/11/2023;2023;11;Nov;Q4;44;Surface Grinder;5;14;14;0;3163;25637;28800;703;890;790;1000;1;0;1000
02/11/2023;2023;11;Nov;Q4;44;Surface Grinder;5;17;16;1;3978;24822;28800;672;862;828;941;1;588;9412
03/11/2023;2023;11;Nov;Q4;44;Surface Grinder;5;17;16;1;5541;23259;28800;612;808;806;941;1;588;9412
04/11/2023;2023;11;Nov;Q4;44;Surface Grinder;5;10;9;1;4763;24037;28800;654;835;871;900;1;100;900
05/11/2023;2023;11;Nov;Q4;44;Surface Grinder;5;13;12;1;4812;23988;28800;660;833;858;923;1;769;9231
06/11/2023;2023;11;Nov;Q4;45;Surface Grinder;5;13;13;0;4969;23831;28800;719;827;868;1000;1;0;1000
07/11/2023;2023;11;Nov;Q4;45;Surface Grinder;5;10;8;2;4573;24227;28800;575;841;854;800;1;200;800
08/11/2023;2023;11;Nov;Q4;45;Surface Grinder;5;12;11;1;4320;24480;28800;631;850;810;917;1;833;9167
09/11/2023;2023;11;Nov;Q4;45;Surface Grinder;5;21;19;2;4777;24023;28800;661;834;876;905;1;952;9048
10/11/2023;2023;11;Nov;Q4;45;Surface Grinder;5;16;16;0;3757;25043;28800;803;870;924;1000;1;0;1000
11/11/2023;2023;11;Nov;Q4;45;Surface Grinder;5;20;17;3;3025;25775;28800;663;895;872;850;1;150;850
12/11/2023;2023;11;Nov;Q4;45;Surface Grinder;5;17;15;2;4828;23972;28800;619;832;843;882;1;1176;8824
13/11/2023;2023;11;Nov;Q4;46;Surface Grinder;5;13;10;3;5262;23538;28800;509;817;809;769;1;2308;7692
14/11/2023;2023;11;Nov;Q4;46;Surface Grinder;5;14;13;1;3275;25525;28800;680;886;827;929;1;714;9286
15/11/2023;2023;11;Nov;Q4;46;Surface Grinder;5;16;12;4;4912;23888;28800;543;829;874;750;1;250;750
16/11/2023;2023;11;Nov;Q4;46;Surface Grinder;5;16;13;3;5636;23164;28800;585;804;895;812;1;1875;8125
17/11/2023;2023;11;Nov;Q4;46;Surface Grinder;5;13;12;1;4216;24584;28800;683;854;867;923;1;769;9231
18/11/2023;2023;11;Nov;Q4;46;Surface Grinder;5;11;8;3;3528;25272;28800;565;878;885;727;1;2727;7273
19/11/2023;2023;11;Nov;Q4;46;Surface Grinder;5;24;22;2;4322;24478;28800;687;850;882;917;1;833;9167
20/11/2023;2023;11;Nov;Q4;47;Surface Grinder;5;14;13;1;3754;25046;28800;707;870;875;929;1;714;9286
21/11/2023;2023;11;Nov;Q4;47;Surface Grinder;5;14;14;0;3698;25102;28800;728;872;835;1000;1;0;1000
22/11/2023;2023;11;Nov;Q4;47;Surface Grinder;5;15;13;2;4584;24216;28800;630;841;864;867;1;1333;8667
23/11/2023;2023;11;Nov;Q4;47;Surface Grinder;5;14;12;2;2865;25935;28800;640;901;829;857;1;1429;8571
24/11/2023;2023;11;Nov;Q4;47;Surface Grinder;5;15;13;2;3000;25800;28800;667;896;859;867;1;1333;8667
25/11/2023;2023;11;Nov;Q4;47;Surface Grinder;5;18;17;1;4234;24566;28800;700;853;869;944;1;556;9444
26/11/2023;2023;11;Nov;Q4;47;Surface Grinder;5;15;14;1;4199;24601;28800;730;854;916;933;1;667;9333
27/11/2023;2023;11;Nov;Q4;48;Surface Grinder;5;12;12;0;4508;24292;28800;686;843;813;1000;1;0;1000
28/11/2023;2023;11;Nov;Q4;48;Surface Grinder;5;14;12;2;5800;23000;28800;599;799;875;857;1;1429;8571
29/11/2023;2023;11;Nov;Q4;48;Surface Grinder;5;14;14;0;4306;24494;28800;773;850;909;1000;1;0;1000
30/11/2023;2023;11;Nov;Q4;48;Surface Grinder;5;19;15;4;4723;24077;28800;583;836;884;789;1;2105;7895
01/12/2023;2023;12;Dec;Q4;48;Surface Grinder;5;18;17;1;3395;25405;28800;739;882;887;944;1;556;9444
02/12/2023;2023;12;Dec;Q4;48;Surface Grinder;5;15;14;1;4866;23934;28800;681;831;878;933;1;667;9333
03/12/2023;2023;12;Dec;Q4;48;Surface Grinder;5;11;9;2;3774;25026;28800;642;869;903;818;1;1818;8182
04/12/2023;2023;12;Dec;Q4;49;Surface Grinder;5;12;11;1;4278;24522;28800;641;851;821;917;1;833;9167
05/12/2023;2023;12;Dec;Q4;49;Surface Grinder;5;15;15;0;4126;24674;28800;694;857;810;1000;1;0;1000
06/12/2023;2023;12;Dec;Q4;49;Surface Grinder;5;16;14;2;5090;23710;28800;618;823;858;875;1;125;875
07/12/2023;2023;12;Dec;Q4;49;Surface Grinder;5;14;14;0;3113;25687;28800;699;892;784;1000;1;0;1000
08/12/2023;2023;12;Dec;Q4;49;Surface Grinder;5;14;10;4;2292;26508;28800;592;920;900;714;1;2857;7143
09/12/2023;2023;12;Dec;Q4;49;Surface Grinder;5;13;11;2;4038;24762;28800;655;860;900;846;1;1538;8462
10/12/2023;2023;12;Dec;Q4;49;Surface Grinder;5;15;14;1;4613;24187;28800;661;840;843;933;1;667;9333
11/12/2023;2023;12;Dec;Q4;50;Surface Grinder;5;8;7;1;4347;24453;28800;628;849;845;875;1;125;875
12/12/2023;2023;12;Dec;Q4;50;Surface Grinder;5;12;12;0;5258;23542;28800;699;817;856;1000;1;0;1000
13/12/2023;2023;12;Dec;Q4;50;Surface Grinder;5;13;11;2;4587;24213;28800;612;841;860;846;1;1538;8462
14/12/2023;2023;12;Dec;Q4;50;Surface Grinder;5;18;14;4;3743;25057;28800;584;870;862;778;1;2222;7778
15/12/2023;2023;12;Dec;Q4;50;Surface Grinder;5;13;10;3;2256;26544;28800;622;922;877;769;1;2308;7692
16/12/2023;2023;12;Dec;Q4;50;Surface Grinder;5;15;14;1;4018;24782;28800;684;860;852;933;1;667;9333
17/12/2023;2023;12;Dec;Q4;50;Surface Grinder;5;15;14;1;5085;23715;28800;684;823;890;933;1;667;9333
18/12/2023;2023;12;Dec;Q4;51;Surface Grinder;5;18;18;0;3887;24913;28800;755;865;873;1000;1;0;1000
19/12/2023;2023;12;Dec;Q4;51;Surface Grinder;5;18;16;2;4242;24558;28800;635;853;837;889;1;1111;8889
20/12/2023;2023;12;Dec;Q4;51;Surface Grinder;5;15;13;2;4574;24226;28800;659;841;904;867;1;1333;8667
21/12/2023;2023;12;Dec;Q4;51;Surface Grinder;5;14;13;1;3362;25438;28800;665;883;811;929;1;714;9286
22/12/2023;2023;12;Dec;Q4;51;Surface Grinder;5;13;10;3;4744;24056;28800;549;835;855;769;1;2308;7692
23/12/2023;2023;12;Dec;Q4;51;Surface Grinder;5;14;14;0;5599;23201;28800;718;806;891;1000;1;0;1000
24/12/2023;2023;12;Dec;Q4;51;Surface Grinder;5;14;14;0;4072;24728;28800;715;859;833;1000;1;0;1000
25/12/2023;2023;12;Dec;Q4;52;Surface Grinder;5;16;16;0;3266;25534;28800;770;887;869;1000;1;0;1000
26/12/2023;2023;12;Dec;Q4;52;Surface Grinder;5;16;15;1;4162;24638;28800;703;855;877;938;1;625;9375
27/12/2023;2023;12;Dec;Q4;52;Surface Grinder;5;16;16;0;2342;26458;28800;761;919;828;1000;1;0;1000
28/12/2023;2023;12;Dec;Q4;52;Surface Grinder;5;18;16;2;4502;24298;28800;642;844;856;889;1;1111;8889
29/12/2023;2023;12;Dec;Q4;52;Surface Grinder;5;20;19;1;4600;24200;28800;681;840;853;950;1;50;950
30/12/2023;2023;12;Dec;Q4;52;Surface Grinder;5;15;14;1;5632;23168;28800;630;804;839;933;1;667;9333
31/12/2023;2023;12;Dec;Q4;52;Surface Grinder;5;18;15;3;4055;24745;28800;671;859;937;833;1;1667;8333
01/01/2024;2024;1;Jan;Q1;1;Surface Grinder;5;13;13;0;5138;23662;28800;678;822;825;1000;1;0;1000
02/01/2024;2024;1;Jan;Q1;1;Surface Grinder;5;17;16;1;3930;24870;28800;677;864;832;941;1;588;9412
03/01/2024;2024;1;Jan;Q1;1;Surface Grinder;5;12;11;1;5151;23649;28800;654;821;869;917;1;833;9167
04/01/2024;2024;1;Jan;Q1;1;Surface Grinder;5;15;14;1;4832;23968;28800;622;832;801;933;1;667;9333
05/01/2024;2024;1;Jan;Q1;1;Surface Grinder;5;9;8;1;3912;24888;28800;656;864;855;889;1;1111;8889
06/01/2024;2024;1;Jan;Q1;1;Surface Grinder;5;18;16;2;4213;24587;28800;646;854;851;889;1;1111;8889
07/01/2024;2024;1;Jan;Q1;1;Surface Grinder;5;15;12;3;4264;24536;28800;555;852;814;800;1;200;800
08/01/2024;2024;1;Jan;Q1;2;Surface Grinder;5;11;10;1;5657;23143;28800;625;804;855;909;1;909;9091
09/01/2024;2024;1;Jan;Q1;2;Surface Grinder;5;16;15;1;3305;25495;28800;684;885;824;938;1;625;9375
10/01/2024;2024;1;Jan;Q1;2;Surface Grinder;5;19;18;1;3906;24894;28800;757;864;925;947;1;526;9474
11/01/2024;2024;1;Jan;Q1;2;Surface Grinder;5;12;11;1;2927;25873;28800;734;898;891;917;1;833;9167
12/01/2024;2024;1;Jan;Q1;2;Surface Grinder;5;14;13;1;4387;24413;28800;671;848;852;929;1;714;9286
13/01/2024;2024;1;Jan;Q1;2;Surface Grinder;5;13;11;2;3747;25053;28800;615;870;835;846;1;1538;8462
14/01/2024;2024;1;Jan;Q1;2;Surface Grinder;5;13;13;0;3851;24949;28800;751;866;867;1000;1;0;1000
15/01/2024;2024;1;Jan;Q1;3;Surface Grinder;5;12;12;0;5553;23247;28800;707;807;876;1000;1;0;1000
16/01/2024;2024;1;Jan;Q1;3;Surface Grinder;5;13;12;1;3576;25224;28800;694;876;859;923;1;769;9231
17/01/2024;2024;1;Jan;Q1;3;Surface Grinder;5;13;12;1;4145;24655;28800;644;856;815;923;1;769;9231
18/01/2024;2024;1;Jan;Q1;3;Surface Grinder;5;14;13;1;3889;24911;28800;677;865;843;929;1;714;9286
19/01/2024;2024;1;Jan;Q1;3;Surface Grinder;5;14;12;2;3942;24858;28800;631;863;853;857;1;1429;8571
20/01/2024;2024;1;Jan;Q1;3;Surface Grinder;5;17;16;1;6655;22145;28800;622;769;860;941;1;588;9412
21/01/2024;2024;1;Jan;Q1;3;Surface Grinder;5;17;15;2;2796;26004;28800;686;903;861;882;1;1176;8824
22/01/2024;2024;1;Jan;Q1;4;Surface Grinder;5;11;10;1;4833;23967;28800;662;832;875;909;1;909;9091
23/01/2024;2024;1;Jan;Q1;4;Surface Grinder;5;13;12;1;6360;22440;28800;644;779;896;923;1;769;9231
24/01/2024;2024;1;Jan;Q1;4;Surface Grinder;5;18;15;3;5205;23595;28800;604;819;884;833;1;1667;8333
25/01/2024;2024;1;Jan;Q1;4;Surface Grinder;5;16;14;2;4322;24478;28800;647;850;870;875;1;125;875
26/01/2024;2024;1;Jan;Q1;4;Surface Grinder;5;16;15;1;3277;25523;28800;671;886;807;938;1;625;9375
27/01/2024;2024;1;Jan;Q1;4;Surface Grinder;5;15;12;3;5399;23401;28800;579;813;890;800;1;200;800
28/01/2024;2024;1;Jan;Q1;4;Surface Grinder;5;14;13;1;5084;23716;28800;671;823;878;929;1;714;9286
29/01/2024;2024;1;Jan;Q1;5;Surface Grinder;5;15;12;3;2972;25828;28800;604;897;841;800;1;200;800
30/01/2024;2024;1;Jan;Q1;5;Surface Grinder;5;14;12;2;4007;24793;28800;628;861;851;857;1;1429;8571
31/01/2024;2024;1;Jan;Q1;5;Surface Grinder;5;17;15;2;3249;25551;28800;667;887;852;882;1;1176;8824
01/02/2024;2024;2;Feb;Q1;5;Surface Grinder;5;14;11;3;1833;26967;28800;614;936;835;786;1;2143;7857
02/02/2024;2024;2;Feb;Q1;5;Surface Grinder;5;14;11;3;3229;25571;28800;552;888;791;786;1;2143;7857
03/02/2024;2024;2;Feb;Q1;5;Surface Grinder;5;17;15;2;4372;24428;28800;608;848;812;882;1;1176;8824
04/02/2024;2024;2;Feb;Q1;5;Surface Grinder;5;14;12;2;4778;24022;28800;586;834;819;857;1;1429;8571
05/02/2024;2024;2;Feb;Q1;6;Surface Grinder;5;15;14;1;4004;24796;28800;629;861;783;933;1;667;9333
06/02/2024;2024;2;Feb;Q1;6;Surface Grinder;5;14;12;2;5458;23342;28800;564;810;812;857;1;1429;8571
07/02/2024;2024;2;Feb;Q1;6;Surface Grinder;5;15;15;0;5163;23637;28800;729;821;889;1000;1;0;1000
08/02/2024;2024;2;Feb;Q1;6;Surface Grinder;5;14;14;0;4174;24626;28800;741;855;867;1000;1;0;1000
09/02/2024;2024;2;Feb;Q1;6;Surface Grinder;5;13;11;2;4065;24735;28800;594;859;817;846;1;1538;8462
10/02/2024;2024;2;Feb;Q1;6;Surface Grinder;5;13;13;0;4609;24191;28800;694;840;827;1000;1;0;1000
11/02/2024;2024;2;Feb;Q1;6;Surface Grinder;5;14;14;0;4266;24534;28800;760;852;892;1000;1;0;1000
12/02/2024;2024;2;Feb;Q1;7;Surface Grinder;5;18;15;3;3061;25739;28800;664;894;891;833;1;1667;8333
13/02/2024;2024;2;Feb;Q1;7;Surface Grinder;5;16;16;0;4028;24772;28800;733;860;852;1000;1;0;1000
14/02/2024;2024;2;Feb;Q1;7;Surface Grinder;5;11;10;1;4851;23949;28800;673;832;890;909;1;909;9091
15/02/2024;2024;2;Feb;Q1;7;Surface Grinder;5;14;12;2;5407;23393;28800;574;812;824;857;1;1429;8571
16/02/2024;2024;2;Feb;Q1;7;Surface Grinder;5;13;11;2;5103;23697;28800;597;823;858;846;1;1538;8462
17/02/2024;2024;2;Feb;Q1;7;Surface Grinder;5;11;9;2;4568;24232;28800;551;841;800;818;1;1818;8182
18/02/2024;2024;2;Feb;Q1;7;Surface Grinder;5;16;14;2;5529;23271;28800;592;808;838;875;1;125;875
19/02/2024;2024;2;Feb;Q1;8;Surface Grinder;5;15;13;2;4644;24156;28800;619;839;851;867;1;1333;8667
20/02/2024;2024;2;Feb;Q1;8;Surface Grinder;5;20;17;3;4205;24595;28800;575;854;793;850;1;150;850
21/02/2024;2024;2;Feb;Q1;8;Surface Grinder;5;14;13;1;5547;23253;28800;652;807;870;929;1;714;9286
22/02/2024;2024;2;Feb;Q1;8;Surface Grinder;5;13;11;2;4898;23902;28800;615;830;876;846;1;1538;8462
23/02/2024;2024;2;Feb;Q1;8;Surface Grinder;5;12;9;3;5396;23404;28800;539;813;884;750;1;250;750
24/02/2024;2024;2;Feb;Q1;8;Surface Grinder;5;14;13;1;3264;25536;28800;765;887;929;929;1;714;9286
25/02/2024;2024;2;Feb;Q1;8;Surface Grinder;5;16;15;1;3545;25255;28800;710;877;864;938;1;625;9375
26/02/2024;2024;2;Feb;Q1;9;Surface Grinder;5;17;17;0;3581;25219;28800;742;876;848;1000;1;0;1000
27/02/2024;2024;2;Feb;Q1;9;Surface Grinder;5;23;20;3;4437;24363;28800;585;846;796;870;1;1304;8696
28/02/2024;2024;2;Feb;Q1;9;Surface Grinder;5;12;12;0;5843;22957;28800;688;797;863;1000;1;0;1000
29/02/2024;2024;2;Feb;Q1;9;Surface Grinder;5;15;13;2;3306;25494;28800;667;885;869;867;1;1333;8667
01/03/2024;2024;3;Mar;Q1;9;Surface Grinder;5;13;11;2;5057;23743;28800;561;824;804;846;1;1538;8462
02/03/2024;2024;3;Mar;Q1;9;Surface Grinder;5;16;14;2;3252;25548;28800;653;887;842;875;1;125;875
03/03/2024;2024;3;Mar;Q1;9;Surface Grinder;5;18;17;1;6094;22706;28800;633;788;850;944;1;556;9444
04/03/2024;2024;3;Mar;Q1;10;Surface Grinder;5;17;14;3;2914;25886;28800;643;899;868;824;1;1765;8235
05/03/2024;2024;3;Mar;Q1;10;Surface Grinder;5;12;11;1;4915;23885;28800;668;829;879;917;1;833;9167
06/03/2024;2024;3;Mar;Q1;10;Surface Grinder;5;17;14;3;5035;23765;28800;565;825;832;824;1;1765;8235
07/03/2024;2024;3;Mar;Q1;10;Surface Grinder;5;9;8;1;4812;23988;28800;634;833;857;889;1;1111;8889
08/03/2024;2024;3;Mar;Q1;10;Surface Grinder;5;8;8;0;3530;25270;28800;763;877;870;1000;1;0;1000
09/03/2024;2024;3;Mar;Q1;10;Surface Grinder;5;14;11;3;3377;25423;28800;585;883;844;786;1;2143;7857
10/03/2024;2024;3;Mar;Q1;10;Surface Grinder;5;16;15;1;5371;23429;28800;637;814;836;938;1;625;9375
11/03/2024;2024;3;Mar;Q1;11;Surface Grinder;5;16;11;5;5179;23621;28800;493;820;874;688;1;3125;6875
12/03/2024;2024;3;Mar;Q1;11;Surface Grinder;5;20;20;0;5167;23633;28800;693;821;844;1000;1;0;1000
13/03/2024;2024;3;Mar;Q1;11;Surface Grinder;5;15;14;1;5271;23529;28800;617;817;809;933;1;667;9333
14/03/2024;2024;3;Mar;Q1;11;Surface Grinder;5;15;14;1;2966;25834;28800;751;897;897;933;1;667;9333
15/03/2024;2024;3;Mar;Q1;11;Surface Grinder;5;18;18;0;2940;25860;28800;730;898;813;1000;1;0;1000
16/03/2024;2024;3;Mar;Q1;11;Surface Grinder;5;14;12;2;3706;25094;28800;632;871;847;857;1;1429;8571
17/03/2024;2024;3;Mar;Q1;11;Surface Grinder;5;16;14;2;3871;24929;28800;652;866;861;875;1;125;875
18/03/2024;2024;3;Mar;Q1;12;Surface Grinder;5;16;13;3;3779;25021;28800;611;869;865;812;1;1875;8125
19/03/2024;2024;3;Mar;Q1;12;Surface Grinder;5;12;11;1;4519;24281;28800;661;843;856;917;1;833;9167
20/03/2024;2024;3;Mar;Q1;12;Surface Grinder;5;16;15;1;5236;23564;28800;575;818;750;938;1;625;9375
21/03/2024;2024;3;Mar;Q1;12;Surface Grinder;5;21;18;3;4030;24770;28800;609;860;826;857;1;1429;8571
22/03/2024;2024;3;Mar;Q1;12;Surface Grinder;5;18;16;2;3583;25217;28800;669;876;860;889;1;1111;8889
23/03/2024;2024;3;Mar;Q1;12;Surface Grinder;5;13;11;2;4977;23823;28800;592;827;846;846;1;1538;8462
24/03/2024;2024;3;Mar;Q1;12;Surface Grinder;5;21;18;3;4040;24760;28800;639;860;867;857;1;1429;8571
25/03/2024;2024;3;Mar;Q1;13;Surface Grinder;5;17;17;0;4373;24427;28800;750;848;885;1000;1;0;1000
26/03/2024;2024;3;Mar;Q1;13;Surface Grinder;5;16;13;3;3997;24803;28800;607;861;867;812;1;1875;8125
27/03/2024;2024;3;Mar;Q1;13;Surface Grinder;5;15;13;2;4572;24228;28800;602;841;825;867;1;1333;8667
28/03/2024;2024;3;Mar;Q1;13;Surface Grinder;5;17;15;2;3413;25387;28800;647;881;832;882;1;1176;8824
29/03/2024;2024;3;Mar;Q1;13;Surface Grinder;5;15;15;0;4903;23897;28800;751;830;905;1000;1;0;1000
30/03/2024;2024;3;Mar;Q1;13;Surface Grinder;5;15;14;1;4253;24547;28800;671;852;844;933;1;667;9333
31/03/2024;2024;3;Mar;Q1;13;Surface Grinder;5;14;13;1;3627;25173;28800;687;874;847;929;1;714;9286
01/04/2024;2024;4;Apr;Q2;14;Surface Grinder;5;17;16;1;4736;24064;28800;682;836;867;941;1;588;9412
02/04/2024;2024;4;Apr;Q2;14;Surface Grinder;5;17;16;1;3626;25174;28800;734;874;892;941;1;588;9412
03/04/2024;2024;4;Apr;Q2;14;Surface Grinder;5;14;11;3;3664;25136;28800;562;873;819;786;1;2143;7857
04/04/2024;2024;4;Apr;Q2;14;Surface Grinder;5;11;10;1;3253;25547;28800;672;887;833;909;1;909;9091
05/04/2024;2024;4;Apr;Q2;14;Surface Grinder;5;15;13;2;2823;25977;28800;622;902;795;867;1;1333;8667
06/04/2024;2024;4;Apr;Q2;14;Surface Grinder;5;13;12;1;4739;24061;28800;648;835;840;923;1;769;9231
07/04/2024;2024;4;Apr;Q2;14;Surface Grinder;5;14;11;3;5279;23521;28800;558;817;869;786;1;2143;7857
08/04/2024;2024;4;Apr;Q2;15;Surface Grinder;5;14;14;0;3895;24905;28800;724;865;838;1000;1;0;1000
09/04/2024;2024;4;Apr;Q2;15;Surface Grinder;5;12;10;2;3598;25202;28800;663;875;910;833;1;1667;8333
10/04/2024;2024;4;Apr;Q2;15;Surface Grinder;5;11;8;3;2730;26070;28800;562;905;854;727;1;2727;7273
11/04/2024;2024;4;Apr;Q2;15;Surface Grinder;5;16;14;2;2420;26380;28800;678;916;847;875;1;125;875
12/04/2024;2024;4;Apr;Q2;15;Surface Grinder;5;15;10;5;4904;23896;28800;464;830;838;667;1;3333;6667
13/04/2024;2024;4;Apr;Q2;15;Surface Grinder;5;15;13;2;2591;26209;28800;634;910;804;867;1;1333;8667
14/04/2024;2024;4;Apr;Q2;15;Surface Grinder;5;16;15;1;3302;25498;28800;703;885;847;938;1;625;9375
15/04/2024;2024;4;Apr;Q2;16;Surface Grinder;5;13;13;0;4524;24276;28800;727;843;862;1000;1;0;1000
16/04/2024;2024;4;Apr;Q2;16;Surface Grinder;5;16;15;1;4358;24442;28800;673;849;846;938;1;625;9375
17/04/2024;2024;4;Apr;Q2;16;Surface Grinder;5;18;18;0;4559;24241;28800;722;842;858;1000;1;0;1000
18/04/2024;2024;4;Apr;Q2;16;Surface Grinder;5;14;12;2;4287;24513;28800;603;851;827;857;1;1429;8571
19/04/2024;2024;4;Apr;Q2;16;Surface Grinder;5;20;19;1;3976;24824;28800;661;862;808;950;1;50;950
20/04/2024;2024;4;Apr;Q2;16;Surface Grinder;5;15;12;3;3307;25493;28800;599;885;846;800;1;200;800
21/04/2024;2024;4;Apr;Q2;16;Surface Grinder;5;13;12;1;3738;25062;28800;689;870;858;923;1;769;9231
22/04/2024;2024;4;Apr;Q2;17;Surface Grinder;5;17;15;2;4034;24766;28800;641;860;844;882;1;1176;8824
23/04/2024;2024;4;Apr;Q2;17;Surface Grinder;5;15;11;4;2663;26137;28800;570;908;857;733;1;2667;7333
24/04/2024;2024;4;Apr;Q2;17;Surface Grinder;5;18;17;1;3608;25192;28800;724;875;876;944;1;556;9444
25/04/2024;2024;4;Apr;Q2;17;Surface Grinder;5;16;14;2;3963;24837;28800;661;862;876;875;1;125;875
26/04/2024;2024;4;Apr;Q2;17;Surface Grinder;5;14;12;2;3691;25109;28800;657;872;879;857;1;1429;8571
27/04/2024;2024;4;Apr;Q2;17;Surface Grinder;5;19;18;1;3988;24812;28800;722;862;884;947;1;526;9474
28/04/2024;2024;4;Apr;Q2;17;Surface Grinder;5;13;12;1;4854;23946;28800;665;831;867;923;1;769;9231
29/04/2024;2024;4;Apr;Q2;18;Surface Grinder;5;9;8;1;4959;23841;28800;634;828;862;889;1;1111;8889
30/04/2024;2024;4;Apr;Q2;18;Surface Grinder;5;17;14;3;5575;23225;28800;608;806;916;824;1;1765;8235
01/05/2024;2024;5;May;Q2;18;Surface Grinder;5;16;14;2;2990;25810;28800;687;896;877;875;1;125;875
02/05/2024;2024;5;May;Q2;18;Surface Grinder;5;18;16;2;3921;24879;28800;631;864;821;889;1;1111;8889
03/05/2024;2024;5;May;Q2;18;Surface Grinder;5;12;10;2;5332;23468;28800;534;815;787;833;1;1667;8333
04/05/2024;2024;5;May;Q2;18;Surface Grinder;5;14;13;1;2787;26013;28800;706;903;842;929;1;714;9286
05/05/2024;2024;5;May;Q2;18;Surface Grinder;5;14;12;2;3274;25526;28800;662;886;871;857;1;1429;8571
06/05/2024;2024;5;May;Q2;19;Surface Grinder;5;17;14;3;3754;25046;28800;632;870;883;824;1;1765;8235
07/05/2024;2024;5;May;Q2;19;Surface Grinder;5;17;14;3;6032;22768;28800;526;791;807;824;1;1765;8235
08/05/2024;2024;5;May;Q2;19;Surface Grinder;5;15;12;3;3447;25353;28800;616;880;875;800;1;200;800
09/05/2024;2024;5;May;Q2;19;Surface Grinder;5;15;14;1;5209;23591;28800;679;819;889;933;1;667;9333
10/05/2024;2024;5;May;Q2;19;Surface Grinder;5;12;8;4;4257;24543;28800;495;852;871;667;1;3333;6667
11/05/2024;2024;5;May;Q2;19;Surface Grinder;5;17;16;1;3300;25500;28800;720;885;864;941;1;588;9412
12/05/2024;2024;5;May;Q2;19;Surface Grinder;5;17;15;2;6679;22121;28800;573;768;845;882;1;1176;8824
13/05/2024;2024;5;May;Q2;20;Surface Grinder;5;21;20;1;4448;24352;28800;672;846;834;952;1;476;9524
14/05/2024;2024;5;May;Q2;20;Surface Grinder;5;16;11;5;4603;24197;28800;506;840;877;688;1;3125;6875
15/05/2024;2024;5;May;Q2;20;Surface Grinder;5;16;14;2;4739;24061;28800;636;835;870;875;1;125;875
16/05/2024;2024;5;May;Q2;20;Surface Grinder;5;16;13;3;4673;24127;28800;571;838;839;812;1;1875;8125
17/05/2024;2024;5;May;Q2;20;Surface Grinder;5;13;13;0;6124;22676;28800;737;787;936;1000;1;0;1000
18/05/2024;2024;5;May;Q2;20;Surface Grinder;5;18;15;3;5811;22989;28800;531;798;799;833;1;1667;8333
19/05/2024;2024;5;May;Q2;20;Surface Grinder;5;15;12;3;3484;25316;28800;592;879;842;800;1;200;800
20/05/2024;2024;5;May;Q2;21;Surface Grinder;5;14;12;2;6010;22790;28800;559;791;824;857;1;1429;8571
21/05/2024;2024;5;May;Q2;21;Surface Grinder;5;14;13;1;3682;25118;28800;699;872;863;929;1;714;9286
22/05/2024;2024;5;May;Q2;21;Surface Grinder;5;15;14;1;4557;24243;28800;616;842;784;933;1;667;9333
23/05/2024;2024;5;May;Q2;21;Surface Grinder;5;14;14;0;3038;25762;28800;799;895;893;1000;1;0;1000
24/05/2024;2024;5;May;Q2;21;Surface Grinder;5;15;14;1;5169;23631;28800;677;821;884;933;1;667;9333
25/05/2024;2024;5;May;Q2;21;Surface Grinder;5;15;14;1;4018;24782;28800;690;860;859;933;1;667;9333
26/05/2024;2024;5;May;Q2;21;Surface Grinder;5;14;13;1;3297;25503;28800;690;886;839;929;1;714;9286
27/05/2024;2024;5;May;Q2;22;Surface Grinder;5;16;15;1;5299;23501;28800;669;816;874;938;1;625;9375
28/05/2024;2024;5;May;Q2;22;Surface Grinder;5;15;14;1;5511;23289;28800;650;809;861;933;1;667;9333
29/05/2024;2024;5;May;Q2;22;Surface Grinder;5;13;13;0;5540;23260;28800;713;808;882;1000;1;0;1000
30/05/2024;2024;5;May;Q2;22;Surface Grinder;5;13;10;3;2977;25823;28800;583;897;846;769;1;2308;7692
31/05/2024;2024;5;May;Q2;22;Surface Grinder;5;15;13;2;5629;23171;28800;588;805;844;867;1;1333;8667
01/06/2024;2024;6;Jun;Q2;22;Surface Grinder;5;13;12;1;4024;24776;28800;704;860;887;923;1;769;9231
02/06/2024;2024;6;Jun;Q2;22;Surface Grinder;5;13;12;1;6038;22762;28800;636;790;872;923;1;769;9231
03/06/2024;2024;6;Jun;Q2;23;Surface Grinder;5;13;11;2;4816;23984;28800;595;833;844;846;1;1538;8462
04/06/2024;2024;6;Jun;Q2;23;Surface Grinder;5;15;12;3;4497;24303;28800;582;844;863;800;1;200;800
05/06/2024;2024;6;Jun;Q2;23;Surface Grinder;5;18;17;1;4289;24511;28800;688;851;856;944;1;556;9444
06/06/2024;2024;6;Jun;Q2;23;Surface Grinder;5;16;15;1;4270;24530;28800;691;852;866;938;1;625;9375
07/06/2024;2024;6;Jun;Q2;23;Surface Grinder;5;17;12;5;3699;25101;28800;549;872;893;706;1;2941;7059
08/06/2024;2024;6;Jun;Q2;23;Surface Grinder;5;15;14;1;3367;25433;28800;691;883;838;933;1;667;9333
09/06/2024;2024;6;Jun;Q2;23;Surface Grinder;5;15;15;0;3971;24829;28800;714;862;828;1000;1;0;1000
10/06/2024;2024;6;Jun;Q2;24;Surface Grinder;5;19;18;1;5301;23499;28800;664;816;859;947;1;526;9474
11/06/2024;2024;6;Jun;Q2;24;Surface Grinder;5;17;17;0;3085;25715;28800;743;893;832;1000;1;0;1000
12/06/2024;2024;6;Jun;Q2;24;Surface Grinder;5;17;12;5;5429;23371;28800;469;811;819;706;1;2941;7059
13/06/2024;2024;6;Jun;Q2;24;Surface Grinder;5;14;13;1;4404;24396;28800;695;847;884;929;1;714;9286
14/06/2024;2024;6;Jun;Q2;24;Surface Grinder;5;15;12;3;4950;23850;28800;557;828;840;800;1;200;800
15/06/2024;2024;6;Jun;Q2;24;Surface Grinder;5;16;10;6;4995;23805;28800;406;827;786;625;1;375;625
16/06/2024;2024;6;Jun;Q2;24;Surface Grinder;5;13;11;2;5076;23724;28800;613;824;879;846;1;1538;8462
17/06/2024;2024;6;Jun;Q2;25;Surface Grinder;5;9;9;0;4300;24500;28800;710;851;835;1000;1;0;1000
18/06/2024;2024;6;Jun;Q2;25;Surface Grinder;5;16;16;0;4326;24474;28800;739;850;870;1000;1;0;1000
19/06/2024;2024;6;Jun;Q2;25;Surface Grinder;5;17;15;2;5047;23753;28800;645;825;887;882;1;1176;8824
20/06/2024;2024;6;Jun;Q2;25;Surface Grinder;5;15;14;1;3390;25410;28800;705;882;856;933;1;667;9333
21/06/2024;2024;6;Jun;Q2;25;Surface Grinder;5;13;11;2;3259;25541;28800;586;887;781;846;1;1538;8462
22/06/2024;2024;6;Jun;Q2;25;Surface Grinder;5;14;13;1;3883;24917;28800;629;865;783;929;1;714;9286
23/06/2024;2024;6;Jun;Q2;25;Surface Grinder;5;9;6;3;4528;24272;28800;465;843;827;667;1;3333;6667
24/06/2024;2024;6;Jun;Q2;26;Surface Grinder;5;14;12;2;5926;22874;28800;577;794;848;857;1;1429;8571
25/06/2024;2024;6;Jun;Q2;26;Surface Grinder;5;12;10;2;4322;24478;28800;631;850;891;833;1;1667;8333
26/06/2024;2024;6;Jun;Q2;26;Surface Grinder;5;13;10;3;5994;22806;28800;524;792;860;769;1;2308;7692
27/06/2024;2024;6;Jun;Q2;26;Surface Grinder;5;12;12;0;4723;24077;28800;785;836;939;1000;1;0;1000
28/06/2024;2024;6;Jun;Q2;26;Surface Grinder;5;11;11;0;3893;24907;28800;691;865;799;1000;1;0;1000
29/06/2024;2024;6;Jun;Q2;26;Surface Grinder;5;12;12;0;5264;23536;28800;698;817;854;1000;1;0;1000
30/06/2024;2024;6;Jun;Q2;26;Surface Grinder;5;16;16;0;4073;24727;28800;717;859;835;1000;1;0;1000
01/07/2024;2024;7;Jul;Q3;27;Surface Grinder;5;13;12;1;4496;24304;28800;668;844;858;923;1;769;9231
02/07/2024;2024;7;Jul;Q3;27;Surface Grinder;5;12;11;1;3137;25663;28800;743;891;910;917;1;833;9167
03/07/2024;2024;7;Jul;Q3;27;Surface Grinder;5;17;15;2;2990;25810;28800;721;896;912;882;1;1176;8824
04/07/2024;2024;7;Jul;Q3;27;Surface Grinder;5;15;10;5;4755;24045;28800;474;835;852;667;1;3333;6667
05/07/2024;2024;7;Jul;Q3;27;Surface Grinder;5;9;9;0;5226;23574;28800;720;819;879;1000;1;0;1000
06/07/2024;2024;7;Jul;Q3;27;Surface Grinder;5;17;15;2;5947;22853;28800;600;794;857;882;1;1176;8824
07/07/2024;2024;7;Jul;Q3;27;Surface Grinder;5;15;15;0;3588;25212;28800;712;875;813;1000;1;0;1000
08/07/2024;2024;7;Jul;Q3;28;Surface Grinder;5;17;16;1;5535;23265;28800;647;808;850;941;1;588;9412
09/07/2024;2024;7;Jul;Q3;28;Surface Grinder;5;14;13;1;5407;23393;28800;628;812;833;929;1;714;9286
10/07/2024;2024;7;Jul;Q3;28;Surface Grinder;5;19;15;4;3861;24939;28800;580;866;848;789;1;2105;7895
11/07/2024;2024;7;Jul;Q3;28;Surface Grinder;5;14;13;1;5470;23330;28800;618;810;821;929;1;714;9286
12/07/2024;2024;7;Jul;Q3;28;Surface Grinder;5;8;8;0;5090;23710;28800;704;823;855;1000;1;0;1000
13/07/2024;2024;7;Jul;Q3;28;Surface Grinder;5;12;11;1;5259;23541;28800;645;817;860;917;1;833;9167
14/07/2024;2024;7;Jul;Q3;28;Surface Grinder;5;16;16;0;6137;22663;28800;688;787;874;1000;1;0;1000
15/07/2024;2024;7;Jul;Q3;29;Surface Grinder;5;15;14;1;5224;23576;28800;657;819;861;933;1;667;9333
16/07/2024;2024;7;Jul;Q3;29;Surface Grinder;5;14;12;2;2452;26348;28800;710;915;906;857;1;1429;8571
17/07/2024;2024;7;Jul;Q3;29;Surface Grinder;5;12;12;0;4558;24242;28800;778;842;925;1000;1;0;1000
18/07/2024;2024;7;Jul;Q3;29;Surface Grinder;5;15;14;1;2940;25860;28800;701;898;836;933;1;667;9333
19/07/2024;2024;7;Jul;Q3;29;Surface Grinder;5;15;13;2;4411;24389;28800;648;847;883;867;1;1333;8667
20/07/2024;2024;7;Jul;Q3;29;Surface Grinder;5;15;14;1;4361;24439;28800;730;849;922;933;1;667;9333
21/07/2024;2024;7;Jul;Q3;29;Surface Grinder;5;16;16;0;3782;25018;28800;768;869;884;1000;1;0;1000
22/07/2024;2024;7;Jul;Q3;30;Surface Grinder;5;15;10;5;3401;25399;28800;514;882;874;667;1;3333;6667
23/07/2024;2024;7;Jul;Q3;30;Surface Grinder;5;14;13;1;3827;24973;28800;635;867;788;929;1;714;9286
24/07/2024;2024;7;Jul;Q3;30;Surface Grinder;5;12;10;2;3993;24807;28800;597;861;831;833;1;1667;8333
25/07/2024;2024;7;Jul;Q3;30;Surface Grinder;5;18;17;1;4169;24631;28800;675;855;836;944;1;556;9444
26/07/2024;2024;7;Jul;Q3;30;Surface Grinder;5;20;18;2;4372;24428;28800;685;848;897;900;1;100;900
27/07/2024;2024;7;Jul;Q3;30;Surface Grinder;5;19;17;2;4782;24018;28800;616;834;825;895;1;1053;8947
28/07/2024;2024;7;Jul;Q3;30;Surface Grinder;5;17;16;1;4014;24786;28800;686;861;847;941;1;588;9412
29/07/2024;2024;7;Jul;Q3;31;Surface Grinder;5;10;10;0;5377;23423;28800;715;813;879;1000;1;0;1000
30/07/2024;2024;7;Jul;Q3;31;Surface Grinder;5;10;9;1;4249;24551;28800;632;852;824;900;1;100;900
31/07/2024;2024;7;Jul;Q3;31;Surface Grinder;5;13;10;3;5073;23727;28800;545;824;859;769;1;2308;7692
01/08/2024;2024;8;Aug;Q3;31;Surface Grinder;5;15;13;2;4021;24779;28800;638;860;855;867;1;1333;8667
02/08/2024;2024;8;Aug;Q3;31;Surface Grinder;5;15;15;0;6631;22169;28800;677;770;880;1000;1;0;1000
03/08/2024;2024;8;Aug;Q3;31;Surface Grinder;5;15;13;2;4681;24119;28800;633;837;872;867;1;1333;8667
04/08/2024;2024;8;Aug;Q3;31;Surface Grinder;5;11;8;3;5682;23118;28800;509;803;871;727;1;2727;7273
05/08/2024;2024;8;Aug;Q3;32;Surface Grinder;5;19;16;3;3687;25113;28800;629;872;857;842;1;1579;8421
06/08/2024;2024;8;Aug;Q3;32;Surface Grinder;5;19;18;1;3898;24902;28800;650;865;793;947;1;526;9474
07/08/2024;2024;8;Aug;Q3;32;Surface Grinder;5;11;9;2;4065;24735;28800;601;859;855;818;1;1818;8182
08/08/2024;2024;8;Aug;Q3;32;Surface Grinder;5;10;10;0;6399;22401;28800;663;778;852;1000;1;0;1000
09/08/2024;2024;8;Aug;Q3;32;Surface Grinder;5;15;14;1;4099;24701;28800;701;858;876;933;1;667;9333
10/08/2024;2024;8;Aug;Q3;32;Surface Grinder;5;18;16;2;3576;25224;28800;651;876;836;889;1;1111;8889
11/08/2024;2024;8;Aug;Q3;32;Surface Grinder;5;15;12;3;5395;23405;28800;554;813;851;800;1;200;800
12/08/2024;2024;8;Aug;Q3;33;Surface Grinder;5;15;11;4;4332;24468;28800;531;850;852;733;1;2667;7333
13/08/2024;2024;8;Aug;Q3;33;Surface Grinder;5;14;11;3;4095;24705;28800;557;858;826;786;1;2143;7857
14/08/2024;2024;8;Aug;Q3;33;Surface Grinder;5;15;15;0;3759;25041;28800;705;869;811;1000;1;0;1000
15/08/2024;2024;8;Aug;Q3;33;Surface Grinder;5;17;13;4;4700;24100;28800;552;837;863;765;1;2353;7647
16/08/2024;2024;8;Aug;Q3;33;Surface Grinder;5;16;16;0;5191;23609;28800;725;820;884;1000;1;0;1000
17/08/2024;2024;8;Aug;Q3;33;Surface Grinder;5;16;15;1;4956;23844;28800;643;828;829;938;1;625;9375
18/08/2024;2024;8;Aug;Q3;33;Surface Grinder;5;10;9;1;3871;24929;28800;656;866;843;900;1;100;900
19/08/2024;2024;8;Aug;Q3;34;Surface Grinder;5;21;19;2;3436;25364;28800;700;881;878;905;1;952;9048
20/08/2024;2024;8;Aug;Q3;34;Surface Grinder;5;10;9;1;856;27944;28800;770;970;882;900;1;100;900
21/08/2024;2024;8;Aug;Q3;34;Surface Grinder;5;15;14;1;3472;25328;28800;704;879;858;933;1;667;9333
22/08/2024;2024;8;Aug;Q3;34;Surface Grinder;5;14;11;3;3963;24837;28800;585;862;864;786;1;2143;7857
23/08/2024;2024;8;Aug;Q3;34;Surface Grinder;5;15;14;1;4231;24569;28800;691;853;868;933;1;667;9333
24/08/2024;2024;8;Aug;Q3;34;Surface Grinder;5;17;16;1;4049;24751;28800;707;859;874;941;1;588;9412
25/08/2024;2024;8;Aug;Q3;34;Surface Grinder;5;13;10;3;6680;22120;28800;481;768;814;769;1;2308;7692
26/08/2024;2024;8;Aug;Q3;35;Surface Grinder;5;14;14;0;4702;24098;28800;766;837;915;1000;1;0;1000
27/08/2024;2024;8;Aug;Q3;35;Surface Grinder;5;12;10;2;3222;25578;28800;636;888;859;833;1;1667;8333
28/08/2024;2024;8;Aug;Q3;35;Surface Grinder;5;18;15;3;4843;23957;28800;606;832;875;833;1;1667;8333
29/08/2024;2024;8;Aug;Q3;35;Surface Grinder;5;16;14;2;4617;24183;28800;605;840;824;875;1;125;875
30/08/2024;2024;8;Aug;Q3;35;Surface Grinder;5;16;14;2;3382;25418;28800;652;883;844;875;1;125;875
31/08/2024;2024;8;Aug;Q3;35;Surface Grinder;5;17;16;1;4529;24271;28800;684;843;863;941;1;588;9412
01/09/2024;2024;9;Sep;Q3;35;Surface Grinder;5;20;16;4;4735;24065;28800;527;836;789;800;1;200;800
02/09/2024;2024;9;Sep;Q3;36;Surface Grinder;5;20;19;1;5159;23641;28800;639;821;819;950;1;50;950
03/09/2024;2024;9;Sep;Q3;36;Surface Grinder;5;16;15;1;2761;26039;28800;700;904;825;938;1;625;9375
04/09/2024;2024;9;Sep;Q3;36;Surface Grinder;5;15;15;0;4836;23964;28800;671;832;807;1000;1;0;1000
05/09/2024;2024;9;Sep;Q3;36;Surface Grinder;5;13;12;1;5489;23311;28800;638;809;854;923;1;769;9231
06/09/2024;2024;9;Sep;Q3;36;Surface Grinder;5;17;15;2;5898;22902;28800;595;795;847;882;1;1176;8824
07/09/2024;2024;9;Sep;Q3;36;Surface Grinder;5;17;13;4;3231;25569;28800;610;888;898;765;1;2353;7647
08/09/2024;2024;9;Sep;Q3;36;Surface Grinder;5;13;11;2;4156;24644;28800;588;856;812;846;1;1538;8462
09/09/2024;2024;9;Sep;Q3;37;Surface Grinder;5;17;15;2;4239;24561;28800;646;853;858;882;1;1176;8824
10/09/2024;2024;9;Sep;Q3;37;Surface Grinder;5;17;13;4;4860;23940;28800;521;831;820;765;1;2353;7647
11/09/2024;2024;9;Sep;Q3;37;Surface Grinder;5;12;11;1;4140;24660;28800;621;856;792;917;1;833;9167
12/09/2024;2024;9;Sep;Q3;37;Surface Grinder;5;15;13;2;3669;25131;28800;658;873;870;867;1;1333;8667
13/09/2024;2024;9;Sep;Q3;37;Surface Grinder;5;15;13;2;4467;24333;28800;639;845;873;867;1;1333;8667
14/09/2024;2024;9;Sep;Q3;37;Surface Grinder;5;15;14;1;3992;24808;28800;698;861;869;933;1;667;9333
15/09/2024;2024;9;Sep;Q3;37;Surface Grinder;5;12;10;2;4763;24037;28800;560;835;805;833;1;1667;8333
16/09/2024;2024;9;Sep;Q3;38;Surface Grinder;5;10;10;0;3588;25212;28800;747;875;853;1000;1;0;1000
17/09/2024;2024;9;Sep;Q3;38;Surface Grinder;5;13;12;1;3406;25394;28800;708;882;870;923;1;769;9231
18/09/2024;2024;9;Sep;Q3;38;Surface Grinder;5;12;10;2;5408;23392;28800;597;812;882;833;1;1667;8333
19/09/2024;2024;9;Sep;Q3;38;Surface Grinder;5;16;13;3;6227;22573;28800;555;784;871;812;1;1875;8125
20/09/2024;2024;9;Sep;Q3;38;Surface Grinder;5;16;13;3;5842;22958;28800;572;797;883;812;1;1875;8125
21/09/2024;2024;9;Sep;Q3;38;Surface Grinder;5;16;14;2;4220;24580;28800;662;853;886;875;1;125;875
22/09/2024;2024;9;Sep;Q3;38;Surface Grinder;5;11;10;1;5185;23615;28800;636;820;854;909;1;909;9091
23/09/2024;2024;9;Sep;Q3;39;Surface Grinder;5;12;11;1;3694;25106;28800;693;872;867;917;1;833;9167
24/09/2024;2024;9;Sep;Q3;39;Surface Grinder;5;13;12;1;4716;24084;28800;682;836;884;923;1;769;9231
25/09/2024;2024;9;Sep;Q3;39;Surface Grinder;5;15;12;3;3781;25019;28800;600;869;863;800;1;200;800
26/09/2024;2024;9;Sep;Q3;39;Surface Grinder;5;14;11;3;5357;23443;28800;570;814;891;786;1;2143;7857
27/09/2024;2024;9;Sep;Q3;39;Surface Grinder;5;16;13;3;5243;23557;28800;585;818;880;812;1;1875;8125
28/09/2024;2024;9;Sep;Q3;39;Surface Grinder;5;17;16;1;6059;22741;28800;616;790;828;941;1;588;9412
29/09/2024;2024;9;Sep;Q3;39;Surface Grinder;5;12;10;2;4085;24715;28800;576;858;806;833;1;1667;8333
30/09/2024;2024;9;Sep;Q3;40;Surface Grinder;5;12;9;3;5633;23167;28800;513;804;851;750;1;250;750
01/10/2024;2024;10;Oct;Q4;40;Surface Grinder;5;15;14;1;4715;24085;28800;632;836;810;933;1;667;9333
02/10/2024;2024;10;Oct;Q4;40;Surface Grinder;5;15;13;2;4346;24454;28800;628;849;853;867;1;1333;8667
03/10/2024;2024;10;Oct;Q4;40;Surface Grinder;5;17;14;3;4570;24230;28800;589;841;850;824;1;1765;8235
04/10/2024;2024;10;Oct;Q4;40;Surface Grinder;5;15;13;2;5735;23065;28800;621;801;894;867;1;1333;8667
05/10/2024;2024;10;Oct;Q4;40;Surface Grinder;5;19;13;6;4168;24632;28800;507;855;867;684;1;3158;6842
06/10/2024;2024;10;Oct;Q4;40;Surface Grinder;5;11;10;1;4212;24588;28800;686;854;883;909;1;909;9091
07/10/2024;2024;10;Oct;Q4;41;Surface Grinder;5;17;14;3;2513;26287;28800;626;913;833;824;1;1765;8235
08/10/2024;2024;10;Oct;Q4;41;Surface Grinder;5;15;12;3;4155;24645;28800;618;856;902;800;1;200;800
09/10/2024;2024;10;Oct;Q4;41;Surface Grinder;5;11;10;1;4508;24292;28800;675;843;880;909;1;909;9091
10/10/2024;2024;10;Oct;Q4;41;Surface Grinder;5;9;7;2;3629;25171;28800;588;874;865;778;1;2222;7778
11/10/2024;2024;10;Oct;Q4;41;Surface Grinder;5;12;11;1;3418;25382;28800;637;881;789;917;1;833;9167
12/10/2024;2024;10;Oct;Q4;41;Surface Grinder;5;18;16;2;2696;26104;28800;717;906;890;889;1;1111;8889
13/10/2024;2024;10;Oct;Q4;41;Surface Grinder;5;18;18;0;3781;25019;28800;791;869;910;1000;1;0;1000
14/10/2024;2024;10;Oct;Q4;42;Surface Grinder;5;14;13;1;5498;23302;28800;639;809;850;929;1;714;9286
15/10/2024;2024;10;Oct;Q4;42;Surface Grinder;5;14;12;2;3012;25788;28800;653;895;851;857;1;1429;8571
16/10/2024;2024;10;Oct;Q4;42;Surface Grinder;5;13;10;3;4957;23843;28800;530;828;832;769;1;2308;7692
17/10/2024;2024;10;Oct;Q4;42;Surface Grinder;5;14;13;1;5034;23766;28800;609;825;795;929;1;714;9286
18/10/2024;2024;10;Oct;Q4;42;Surface Grinder;5;14;13;1;6382;22418;28800;601;778;831;929;1;714;9286
19/10/2024;2024;10;Oct;Q4;42;Surface Grinder;5;19;18;1;5170;23630;28800;705;820;906;947;1;526;9474
20/10/2024;2024;10;Oct;Q4;42;Surface Grinder;5;12;10;2;5099;23701;28800;608;823;887;833;1;1667;8333
21/10/2024;2024;10;Oct;Q4;43;Surface Grinder;5;16;12;4;4596;24204;28800;519;840;824;750;1;250;750
22/10/2024;2024;10;Oct;Q4;43;Surface Grinder;5;19;17;2;4282;24518;28800;632;851;830;895;1;1053;8947
23/10/2024;2024;10;Oct;Q4;43;Surface Grinder;5;17;15;2;5011;23789;28800;672;826;923;882;1;1176;8824
24/10/2024;2024;10;Oct;Q4;43;Surface Grinder;5;12;11;1;5351;23449;28800;609;814;815;917;1;833;9167
25/10/2024;2024;10;Oct;Q4;43;Surface Grinder;5;11;11;0;4427;24373;28800;699;846;826;1000;1;0;1000
26/10/2024;2024;10;Oct;Q4;43;Surface Grinder;5;16;14;2;5388;23412;28800;594;813;835;875;1;125;875
27/10/2024;2024;10;Oct;Q4;43;Surface Grinder;5;15;13;2;6750;22050;28800;533;766;804;867;1;1333;8667
28/10/2024;2024;10;Oct;Q4;44;Surface Grinder;5;18;16;2;4342;24458;28800;628;849;832;889;1;1111;8889
29/10/2024;2024;10;Oct;Q4;44;Surface Grinder;5;16;13;3;4366;24434;28800;574;848;832;812;1;1875;8125
30/10/2024;2024;10;Oct;Q4;44;Surface Grinder;5;14;12;2;4202;24598;28800;600;854;819;857;1;1429;8571
31/10/2024;2024;10;Oct;Q4;44;Surface Grinder;5;13;11;2;4396;24404;28800;642;847;895;846;1;1538;8462
01/11/2024;2024;11;Nov;Q4;44;Surface Grinder;5;11;8;3;5329;23471;28800;480;815;810;727;1;2727;7273
02/11/2024;2024;11;Nov;Q4;44;Surface Grinder;5;15;10;5;4356;24444;28800;478;849;845;667;1;3333;6667
03/11/2024;2024;11;Nov;Q4;44;Surface Grinder;5;11;10;1;4443;24357;28800;631;846;820;909;1;909;9091
04/11/2024;2024;11;Nov;Q4;45;Surface Grinder;5;17;17;0;4068;24732;28800;724;859;843;1000;1;0;1000
05/11/2024;2024;11;Nov;Q4;45;Surface Grinder;5;16;14;2;4700;24100;28800;599;837;819;875;1;125;875
06/11/2024;2024;11;Nov;Q4;45;Surface Grinder;5;16;13;3;3850;24950;28800;600;866;853;812;1;1875;8125
07/11/2024;2024;11;Nov;Q4;45;Surface Grinder;5;11;11;0;3231;25569;28800;764;888;861;1000;1;0;1000
08/11/2024;2024;11;Nov;Q4;45;Surface Grinder;5;14;14;0;4665;24135;28800;752;838;898;1000;1;0;1000
09/11/2024;2024;11;Nov;Q4;45;Surface Grinder;5;14;14;0;5976;22824;28800;658;792;830;1000;1;0;1000
10/11/2024;2024;11;Nov;Q4;45;Surface Grinder;5;15;13;2;4033;24767;28800;675;860;905;867;1;1333;8667
11/11/2024;2024;11;Nov;Q4;46;Surface Grinder;5;16;14;2;3390;25410;28800;635;882;823;875;1;125;875
12/11/2024;2024;11;Nov;Q4;46;Surface Grinder;5;13;12;1;5922;22878;28800;617;794;842;923;1;769;9231
13/11/2024;2024;11;Nov;Q4;46;Surface Grinder;5;14;14;0;4320;24480;28800;774;850;910;1000;1;0;1000
14/11/2024;2024;11;Nov;Q4;46;Surface Grinder;5;17;14;3;5090;23710;28800;643;823;949;824;1;1765;8235
15/11/2024;2024;11;Nov;Q4;46;Surface Grinder;5;12;11;1;3657;25143;28800;726;873;907;917;1;833;9167
16/11/2024;2024;11;Nov;Q4;46;Surface Grinder;5;13;12;1;4290;24510;28800;662;851;842;923;1;769;9231
17/11/2024;2024;11;Nov;Q4;46;Surface Grinder;5;15;13;2;5481;23319;28800;609;810;868;867;1;1333;8667
18/11/2024;2024;11;Nov;Q4;47;Surface Grinder;5;17;15;2;4393;24407;28800;653;847;873;882;1;1176;8824
19/11/2024;2024;11;Nov;Q4;47;Surface Grinder;5;12;11;1;4404;24396;28800;669;847;862;917;1;833;9167
20/11/2024;2024;11;Nov;Q4;47;Surface Grinder;5;20;17;3;3007;25793;28800;621;896;816;850;1;150;850
21/11/2024;2024;11;Nov;Q4;47;Surface Grinder;5;11;11;0;4955;23845;28800;710;828;858;1000;1;0;1000
22/11/2024;2024;11;Nov;Q4;47;Surface Grinder;5;19;16;3;3608;25192;28800;613;875;833;842;1;1579;8421
23/11/2024;2024;11;Nov;Q4;47;Surface Grinder;5;18;17;1;5240;23560;28800;631;818;817;944;1;556;9444
24/11/2024;2024;11;Nov;Q4;47;Surface Grinder;5;11;11;0;4455;24345;28800;710;845;839;1000;1;0;1000
25/11/2024;2024;11;Nov;Q4;48;Surface Grinder;5;10;8;2;4531;24269;28800;580;843;861;800;1;200;800
26/11/2024;2024;11;Nov;Q4;48;Surface Grinder;5;17;15;2;4943;23857;28800;646;828;884;882;1;1176;8824
27/11/2024;2024;11;Nov;Q4;48;Surface Grinder;5;14;14;0;4603;24197;28800;707;840;841;1000;1;0;1000
28/11/2024;2024;11;Nov;Q4;48;Surface Grinder;5;12;12;0;5753;23047;28800;678;800;847;1000;1;0;1000
29/11/2024;2024;11;Nov;Q4;48;Surface Grinder;5;20;16;4;5617;23183;28800;565;805;877;800;1;200;800
30/11/2024;2024;11;Nov;Q4;48;Surface Grinder;5;12;10;2;3239;25561;28800;630;888;852;833;1;1667;8333
01/12/2024;2024;12;Dec;Q4;48;Surface Grinder;5;13;12;1;4135;24665;28800;682;856;863;923;1;769;9231
02/12/2024;2024;12;Dec;Q4;49;Surface Grinder;5;13;11;2;4998;23802;28800;596;826;853;846;1;1538;8462
03/12/2024;2024;12;Dec;Q4;49;Surface Grinder;5;7;7;0;3474;25326;28800;754;879;857;1000;1;0;1000
04/12/2024;2024;12;Dec;Q4;49;Surface Grinder;5;15;13;2;2939;25861;28800;633;898;813;867;1;1333;8667
05/12/2024;2024;12;Dec;Q4;49;Surface Grinder;5;12;12;0;3630;25170;28800;746;874;854;1000;1;0;1000
06/12/2024;2024;12;Dec;Q4;49;Surface Grinder;5;17;16;1;4183;24617;28800;723;855;899;941;1;588;9412
07/12/2024;2024;12;Dec;Q4;49;Surface Grinder;5;17;17;0;856;27944;28800;830;970;856;1000;1;0;1000
08/12/2024;2024;12;Dec;Q4;49;Surface Grinder;5;15;14;1;3328;25472;28800;678;884;822;933;1;667;9333
09/12/2024;2024;12;Dec;Q4;50;Surface Grinder;5;15;14;1;2758;26042;28800;760;904;900;933;1;667;9333
10/12/2024;2024;12;Dec;Q4;50;Surface Grinder;5;15;14;1;5263;23537;28800;667;817;875;933;1;667;9333
11/12/2024;2024;12;Dec;Q4;50;Surface Grinder;5;13;13;0;5079;23721;28800;722;824;876;1000;1;0;1000
12/12/2024;2024;12;Dec;Q4;50;Surface Grinder;5;13;12;1;4520;24280;28800;681;843;875;923;1;769;9231
13/12/2024;2024;12;Dec;Q4;50;Surface Grinder;5;18;15;3;4367;24433;28800;574;848;812;833;1;1667;8333
14/12/2024;2024;12;Dec;Q4;50;Surface Grinder;5;17;16;1;4748;24052;28800;685;835;872;941;1;588;9412
15/12/2024;2024;12;Dec;Q4;50;Surface Grinder;5;15;13;2;3426;25374;28800;685;881;897;867;1;1333;8667
16/12/2024;2024;12;Dec;Q4;51;Surface Grinder;5;16;15;1;5354;23446;28800;636;814;834;938;1;625;9375
17/12/2024;2024;12;Dec;Q4;51;Surface Grinder;5;15;14;1;4361;24439;28800;621;849;784;933;1;667;9333
18/12/2024;2024;12;Dec;Q4;51;Surface Grinder;5;15;13;2;5067;23733;28800;616;824;862;867;1;1333;8667
19/12/2024;2024;12;Dec;Q4;51;Surface Grinder;5;16;12;4;5032;23768;28800;527;825;851;750;1;250;750
20/12/2024;2024;12;Dec;Q4;51;Surface Grinder;5;9;9;0;4739;24061;28800;666;835;797;1000;1;0;1000
21/12/2024;2024;12;Dec;Q4;51;Surface Grinder;5;17;17;0;4549;24251;28800;733;842;871;1000;1;0;1000
22/12/2024;2024;12;Dec;Q4;51;Surface Grinder;5;17;15;2;4485;24315;28800;647;844;868;882;1;1176;8824
23/12/2024;2024;12;Dec;Q4;52;Surface Grinder;5;13;10;3;4227;24573;28800;525;853;800;769;1;2308;7692
24/12/2024;2024;12;Dec;Q4;52;Surface Grinder;5;18;12;6;4695;24105;28800;510;837;914;667;1;3333;6667
25/12/2024;2024;12;Dec;Q4;52;Surface Grinder;5;9;8;1;4458;24342;28800;658;845;876;889;1;1111;8889
26/12/2024;2024;12;Dec;Q4;52;Surface Grinder;5;16;14;2;3864;24936;28800;595;866;786;875;1;125;875
27/12/2024;2024;12;Dec;Q4;52;Surface Grinder;5;15;13;2;4803;23997;28800;634;833;878;867;1;1333;8667
28/12/2024;2024;12;Dec;Q4;52;Surface Grinder;5;14;12;2;4521;24279;28800;634;843;877;857;1;1429;8571
29/12/2024;2024;12;Dec;Q4;52;Surface Grinder;5;15;13;2;5317;23483;28800;635;815;898;867;1;1333;8667
30/12/2024;2024;12;Dec;Q4;1;Surface Grinder;5;16;13;3;2731;26069;28800;610;905;829;812;1;1875;8125
31/12/2024;2024;12;Dec;Q4;1;Surface Grinder;5;10;8;2;4312;24488;28800;597;850;878;800;1;200;800
01/01/2023;2023;1;Jan;Q1;52;CMM Inspection;6;14;14;0;2722;26078;28800;770;905;850;1000;1;0;1000
02/01/2023;2023;1;Jan;Q1;1;CMM Inspection;6;6;6;0;3891;24909;28800;675;865;780;1000;1;0;1000
03/01/2023;2023;1;Jan;Q1;1;CMM Inspection;6;14;13;1;4184;24616;28800;689;855;868;929;1;714;9286
04/01/2023;2023;1;Jan;Q1;1;CMM Inspection;6;13;13;0;3534;25266;28800;718;877;819;1000;1;0;1000
05/01/2023;2023;1;Jan;Q1;1;CMM Inspection;6;21;20;1;3819;24981;28800;741;867;898;952;1;476;9524
06/01/2023;2023;1;Jan;Q1;1;CMM Inspection;6;14;13;1;5007;23793;28800;667;826;869;929;1;714;9286
07/01/2023;2023;1;Jan;Q1;1;CMM Inspection;6;15;15;0;5444;23356;28800;669;811;825;1000;1;0;1000
08/01/2023;2023;1;Jan;Q1;1;CMM Inspection;6;15;15;0;2824;25976;28800;751;902;833;1000;1;0;1000
09/01/2023;2023;1;Jan;Q1;2;CMM Inspection;6;11;8;3;4298;24502;28800;539;851;871;727;1;2727;7273
10/01/2023;2023;1;Jan;Q1;2;CMM Inspection;6;13;11;2;4846;23954;28800;533;832;757;846;1;1538;8462
11/01/2023;2023;1;Jan;Q1;2;CMM Inspection;6;17;13;4;3784;25016;28800;549;869;827;765;1;2353;7647
12/01/2023;2023;1;Jan;Q1;2;CMM Inspection;6;9;8;1;5037;23763;28800;652;825;889;889;1;1111;8889
13/01/2023;2023;1;Jan;Q1;2;CMM Inspection;6;16;14;2;4696;24104;28800;630;837;860;875;1;125;875
14/01/2023;2023;1;Jan;Q1;2;CMM Inspection;6;12;12;0;4378;24422;28800;682;848;804;1000;1;0;1000
15/01/2023;2023;1;Jan;Q1;2;CMM Inspection;6;18;16;2;3978;24822;28800;645;862;842;889;1;1111;8889
16/01/2023;2023;1;Jan;Q1;3;CMM Inspection;6;16;16;0;5073;23727;28800;659;824;799;1000;1;0;1000
17/01/2023;2023;1;Jan;Q1;3;CMM Inspection;6;11;11;0;4075;24725;28800;705;859;821;1000;1;0;1000
18/01/2023;2023;1;Jan;Q1;3;CMM Inspection;6;14;10;4;3143;25657;28800;536;891;843;714;1;2857;7143
19/01/2023;2023;1;Jan;Q1;3;CMM Inspection;6;16;14;2;4831;23969;28800;618;832;849;875;1;125;875
20/01/2023;2023;1;Jan;Q1;3;CMM Inspection;6;14;10;4;3618;25182;28800;535;874;856;714;1;2857;7143
21/01/2023;2023;1;Jan;Q1;3;CMM Inspection;6;15;14;1;3226;25574;28800;724;888;873;933;1;667;9333
22/01/2023;2023;1;Jan;Q1;3;CMM Inspection;6;15;14;1;4934;23866;28800;613;829;792;933;1;667;9333
23/01/2023;2023;1;Jan;Q1;4;CMM Inspection;6;17;15;2;4653;24147;28800;616;838;833;882;1;1176;8824
24/01/2023;2023;1;Jan;Q1;4;CMM Inspection;6;16;14;2;3976;24824;28800;606;862;804;875;1;125;875
25/01/2023;2023;1;Jan;Q1;4;CMM Inspection;6;15;13;2;5030;23770;28800;586;825;819;867;1;1333;8667
26/01/2023;2023;1;Jan;Q1;4;CMM Inspection;6;15;11;4;5218;23582;28800;485;819;807;733;1;2667;7333
27/01/2023;2023;1;Jan;Q1;4;CMM Inspection;6;12;12;0;5041;23759;28800;700;825;849;1000;1;0;1000
28/01/2023;2023;1;Jan;Q1;4;CMM Inspection;6;19;16;3;5006;23794;28800;603;826;867;842;1;1579;8421
29/01/2023;2023;1;Jan;Q1;4;CMM Inspection;6;23;21;2;3265;25535;28800;703;887;869;913;1;87;913
30/01/2023;2023;1;Jan;Q1;5;CMM Inspection;6;14;13;1;6054;22746;28800;583;790;795;929;1;714;9286
31/01/2023;2023;1;Jan;Q1;5;CMM Inspection;6;15;13;2;5346;23454;28800;584;814;828;867;1;1333;8667
01/02/2023;2023;2;Feb;Q1;5;CMM Inspection;6;18;16;2;3895;24905;28800;611;865;794;889;1;1111;8889
02/02/2023;2023;2;Feb;Q1;5;CMM Inspection;6;18;17;1;4798;24002;28800;624;833;793;944;1;556;9444
03/02/2023;2023;2;Feb;Q1;5;CMM Inspection;6;15;14;1;4981;23819;28800;625;827;810;933;1;667;9333
04/02/2023;2023;2;Feb;Q1;5;CMM Inspection;6;12;11;1;4772;24028;28800;645;834;843;917;1;833;9167
05/02/2023;2023;2;Feb;Q1;5;CMM Inspection;6;20;18;2;6535;22265;28800;591;773;849;900;1;100;900
06/02/2023;2023;2;Feb;Q1;6;CMM Inspection;6;17;16;1;2939;25861;28800;722;898;854;941;1;588;9412
07/02/2023;2023;2;Feb;Q1;6;CMM Inspection;6;15;15;0;3390;25410;28800;751;882;852;1000;1;0;1000
08/02/2023;2023;2;Feb;Q1;6;CMM Inspection;6;13;13;0;2598;26202;28800;731;910;804;1000;1;0;1000
09/02/2023;2023;2;Feb;Q1;6;CMM Inspection;6;15;11;4;4887;23913;28800;531;830;871;733;1;2667;7333
10/02/2023;2023;2;Feb;Q1;6;CMM Inspection;6;10;7;3;5333;23467;28800;490;815;859;700;1;300;700
11/02/2023;2023;2;Feb;Q1;6;CMM Inspection;6;17;15;2;5158;23642;28800;593;821;818;882;1;1176;8824
12/02/2023;2023;2;Feb;Q1;6;CMM Inspection;6;17;11;6;4532;24268;28800;447;843;820;647;1;3529;6471
13/02/2023;2023;2;Feb;Q1;7;CMM Inspection;6;15;13;2;5201;23599;28800;575;819;810;867;1;1333;8667
14/02/2023;2023;2;Feb;Q1;7;CMM Inspection;6;12;12;0;4525;24275;28800;665;843;789;1000;1;0;1000
15/02/2023;2023;2;Feb;Q1;7;CMM Inspection;6;16;16;0;5522;23278;28800;690;808;854;1000;1;0;1000
16/02/2023;2023;2;Feb;Q1;7;CMM Inspection;6;17;13;4;5875;22925;28800;523;796;859;765;1;2353;7647
17/02/2023;2023;2;Feb;Q1;7;CMM Inspection;6;13;11;2;3914;24886;28800;586;864;801;846;1;1538;8462
18/02/2023;2023;2;Feb;Q1;7;CMM Inspection;6;17;14;3;4533;24267;28800;549;843;791;824;1;1765;8235
19/02/2023;2023;2;Feb;Q1;7;CMM Inspection;6;16;12;4;4689;24111;28800;503;837;801;750;1;250;750
20/02/2023;2023;2;Feb;Q1;8;CMM Inspection;6;14;13;1;6181;22619;28800;609;785;836;929;1;714;9286
21/02/2023;2023;2;Feb;Q1;8;CMM Inspection;6;13;13;0;4027;24773;28800;676;860;786;1000;1;0;1000
22/02/2023;2023;2;Feb;Q1;8;CMM Inspection;6;14;13;1;5866;22934;28800;643;796;870;929;1;714;9286
23/02/2023;2023;2;Feb;Q1;8;CMM Inspection;6;12;12;0;3400;25400;28800;765;882;868;1000;1;0;1000
24/02/2023;2023;2;Feb;Q1;8;CMM Inspection;6;16;15;1;6006;22794;28800;628;791;846;938;1;625;9375
25/02/2023;2023;2;Feb;Q1;8;CMM Inspection;6;16;15;1;5629;23171;28800;648;805;859;938;1;625;9375
26/02/2023;2023;2;Feb;Q1;8;CMM Inspection;6;18;17;1;4660;24140;28800;660;838;834;944;1;556;9444
27/02/2023;2023;2;Feb;Q1;9;CMM Inspection;6;16;15;1;5692;23108;28800;637;802;847;938;1;625;9375
28/02/2023;2023;2;Feb;Q1;9;CMM Inspection;6;16;14;2;4328;24472;28800;586;850;789;875;1;125;875
01/03/2023;2023;3;Mar;Q1;9;CMM Inspection;6;14;13;1;3922;24878;28800;704;864;878;929;1;714;9286
02/03/2023;2023;3;Mar;Q1;9;CMM Inspection;6;13;12;1;6451;22349;28800;584;776;816;923;1;769;9231
03/03/2023;2023;3;Mar;Q1;9;CMM Inspection;6;14;13;1;4289;24511;28800;654;851;828;929;1;714;9286
04/03/2023;2023;3;Mar;Q1;9;CMM Inspection;6;19;16;3;5461;23339;28800;624;810;915;842;1;1579;8421
05/03/2023;2023;3;Mar;Q1;9;CMM Inspection;6;17;13;4;5876;22924;28800;502;796;825;765;1;2353;7647
06/03/2023;2023;3;Mar;Q1;10;CMM Inspection;6;16;16;0;5585;23215;28800;690;806;857;1000;1;0;1000
07/03/2023;2023;3;Mar;Q1;10;CMM Inspection;6;10;10;0;5386;23414;28800;690;813;849;1000;1;0;1000
08/03/2023;2023;3;Mar;Q1;10;CMM Inspection;6;16;13;3;5464;23336;28800;519;810;788;812;1;1875;8125
09/03/2023;2023;3;Mar;Q1;10;CMM Inspection;6;11;10;1;5827;22973;28800;579;798;799;909;1;909;9091
10/03/2023;2023;3;Mar;Q1;10;CMM Inspection;6;11;9;2;5115;23685;28800;605;822;900;818;1;1818;8182
11/03/2023;2023;3;Mar;Q1;10;CMM Inspection;6;12;12;0;4772;24028;28800;710;834;851;1000;1;0;1000
12/03/2023;2023;3;Mar;Q1;10;CMM Inspection;6;13;10;3;3493;25307;28800;562;879;831;769;1;2308;7692
13/03/2023;2023;3;Mar;Q1;11;CMM Inspection;6;17;13;4;5116;23684;28800;512;822;814;765;1;2353;7647
14/03/2023;2023;3;Mar;Q1;11;CMM Inspection;6;15;13;2;5799;23001;28800;583;799;843;867;1;1333;8667
15/03/2023;2023;3;Mar;Q1;11;CMM Inspection;6;12;12;0;3751;25049;28800;736;870;846;1000;1;0;1000
16/03/2023;2023;3;Mar;Q1;11;CMM Inspection;6;13;10;3;4589;24211;28800;543;841;840;769;1;2308;7692
17/03/2023;2023;3;Mar;Q1;11;CMM Inspection;6;16;13;3;5219;23581;28800;577;819;868;812;1;1875;8125
18/03/2023;2023;3;Mar;Q1;11;CMM Inspection;6;17;14;3;6265;22535;28800;518;782;803;824;1;1765;8235
19/03/2023;2023;3;Mar;Q1;11;CMM Inspection;6;15;15;0;3695;25105;28800;696;872;799;1000;1;0;1000
20/03/2023;2023;3;Mar;Q1;12;CMM Inspection;6;12;10;2;5573;23227;28800;582;806;867;833;1;1667;8333
21/03/2023;2023;3;Mar;Q1;12;CMM Inspection;6;14;14;0;4466;24334;28800;762;845;902;1000;1;0;1000
22/03/2023;2023;3;Mar;Q1;12;CMM Inspection;6;21;20;1;4162;24638;28800;701;855;860;952;1;476;9524
23/03/2023;2023;3;Mar;Q1;12;CMM Inspection;6;12;11;1;3927;24873;28800;693;864;875;917;1;833;9167
24/03/2023;2023;3;Mar;Q1;12;CMM Inspection;6;16;15;1;4179;24621;28800;665;855;830;938;1;625;9375
25/03/2023;2023;3;Mar;Q1;12;CMM Inspection;6;21;18;3;5290;23510;28800;588;816;841;857;1;1429;8571
26/03/2023;2023;3;Mar;Q1;12;CMM Inspection;6;14;12;2;4591;24209;28800;606;841;840;857;1;1429;8571
27/03/2023;2023;3;Mar;Q1;13;CMM Inspection;6;20;19;1;5497;23303;28800;638;809;830;950;1;50;950
28/03/2023;2023;3;Mar;Q1;13;CMM Inspection;6;13;11;2;3731;25069;28800;647;870;879;846;1;1538;8462
29/03/2023;2023;3;Mar;Q1;13;CMM Inspection;6;10;7;3;5480;23320;28800;493;810;869;700;1;300;700
30/03/2023;2023;3;Mar;Q1;13;CMM Inspection;6;13;13;0;5227;23573;28800;670;819;819;1000;1;0;1000
31/03/2023;2023;3;Mar;Q1;13;CMM Inspection;6;13;11;2;3359;25441;28800;581;883;777;846;1;1538;8462
01/04/2023;2023;4;Apr;Q2;13;CMM Inspection;6;10;9;1;6259;22541;28800;585;783;830;900;1;100;900
02/04/2023;2023;4;Apr;Q2;13;CMM Inspection;6;14;13;1;5137;23663;28800;605;822;794;929;1;714;9286
03/04/2023;2023;4;Apr;Q2;14;CMM Inspection;6;18;17;1;5546;23254;28800;635;807;833;944;1;556;9444
04/04/2023;2023;4;Apr;Q2;14;CMM Inspection;6;13;12;1;5922;22878;28800;584;794;796;923;1;769;9231
05/04/2023;2023;4;Apr;Q2;14;CMM Inspection;6;14;14;0;5741;23059;28800;700;801;874;1000;1;0;1000
06/04/2023;2023;4;Apr;Q2;14;CMM Inspection;6;19;13;6;4689;24111;28800;490;837;855;684;1;3158;6842
07/04/2023;2023;4;Apr;Q2;14;CMM Inspection;6;13;11;2;5507;23293;28800;584;809;854;846;1;1538;8462
08/04/2023;2023;4;Apr;Q2;14;CMM Inspection;6;17;15;2;3069;25731;28800;684;893;868;882;1;1176;8824
09/04/2023;2023;4;Apr;Q2;14;CMM Inspection;6;10;9;1;5189;23611;28800;623;820;845;900;1;100;900
10/04/2023;2023;4;Apr;Q2;15;CMM Inspection;6;12;11;1;6476;22324;28800;604;775;850;917;1;833;9167
11/04/2023;2023;4;Apr;Q2;15;CMM Inspection;6;14;13;1;4141;24659;28800;699;856;880;929;1;714;9286
12/04/2023;2023;4;Apr;Q2;15;CMM Inspection;6;18;16;2;5690;23110;28800;590;802;828;889;1;1111;8889
13/04/2023;2023;4;Apr;Q2;15;CMM Inspection;6;12;11;1;6515;22285;28800;604;774;852;917;1;833;9167
14/04/2023;2023;4;Apr;Q2;15;CMM Inspection;6;12;11;1;5473;23327;28800;592;810;797;917;1;833;9167
15/04/2023;2023;4;Apr;Q2;15;CMM Inspection;6;16;15;1;5796;23004;28800;625;799;835;938;1;625;9375
16/04/2023;2023;4;Apr;Q2;15;CMM Inspection;6;16;14;2;3300;25500;28800;703;885;907;875;1;125;875
17/04/2023;2023;4;Apr;Q2;16;CMM Inspection;6;12;9;3;3910;24890;28800;557;864;859;750;1;250;750
18/04/2023;2023;4;Apr;Q2;16;CMM Inspection;6;13;13;0;6185;22615;28800;651;785;829;1000;1;0;1000
19/04/2023;2023;4;Apr;Q2;16;CMM Inspection;6;18;18;0;5734;23066;28800;673;801;841;1000;1;0;1000
20/04/2023;2023;4;Apr;Q2;16;CMM Inspection;6;12;11;1;5287;23513;28800;622;816;831;917;1;833;9167
21/04/2023;2023;4;Apr;Q2;16;CMM Inspection;6;16;11;5;4555;24245;28800;486;842;840;688;1;3125;6875
22/04/2023;2023;4;Apr;Q2;16;CMM Inspection;6;13;10;3;5084;23716;28800;519;823;819;769;1;2308;7692
23/04/2023;2023;4;Apr;Q2;16;CMM Inspection;6;19;17;2;6482;22318;28800;588;775;848;895;1;1053;8947
24/04/2023;2023;4;Apr;Q2;17;CMM Inspection;6;16;12;4;4712;24088;28800;533;836;850;750;1;250;750
25/04/2023;2023;4;Apr;Q2;17;CMM Inspection;6;17;15;2;5482;23318;28800;595;810;832;882;1;1176;8824
26/04/2023;2023;4;Apr;Q2;17;CMM Inspection;6;13;9;4;5457;23343;28800;469;811;837;692;1;3077;6923
27/04/2023;2023;4;Apr;Q2;17;CMM Inspection;6;17;16;1;4169;24631;28800;679;855;843;941;1;588;9412
28/04/2023;2023;4;Apr;Q2;17;CMM Inspection;6;17;16;1;4244;24556;28800;654;853;814;941;1;588;9412
29/04/2023;2023;4;Apr;Q2;17;CMM Inspection;6;16;14;2;6279;22521;28800;580;782;848;875;1;125;875
30/04/2023;2023;4;Apr;Q2;17;CMM Inspection;6;14;13;1;5358;23442;28800;648;814;858;929;1;714;9286
01/05/2023;2023;5;May;Q2;18;CMM Inspection;6;15;13;2;4155;24645;28800;653;856;881;867;1;1333;8667
02/05/2023;2023;5;May;Q2;18;CMM Inspection;6;10;9;1;4510;24290;28800;640;843;843;900;1;100;900
03/05/2023;2023;5;May;Q2;18;CMM Inspection;6;20;17;3;3862;24938;28800;599;866;814;850;1;150;850
04/05/2023;2023;5;May;Q2;18;CMM Inspection;6;13;12;1;5836;22964;28800;610;797;829;923;1;769;9231
05/05/2023;2023;5;May;Q2;18;CMM Inspection;6;14;14;0;4568;24232;28800;668;841;794;1000;1;0;1000
06/05/2023;2023;5;May;Q2;18;CMM Inspection;6;11;8;3;4580;24220;28800;524;841;856;727;1;2727;7273
07/05/2023;2023;5;May;Q2;18;CMM Inspection;6;17;13;4;5619;23181;28800;470;805;763;765;1;2353;7647
08/05/2023;2023;5;May;Q2;19;CMM Inspection;6;16;11;5;3194;25606;28800;529;889;866;688;1;3125;6875
09/05/2023;2023;5;May;Q2;19;CMM Inspection;6;14;12;2;4774;24026;28800;622;834;870;857;1;1429;8571
10/05/2023;2023;5;May;Q2;19;CMM Inspection;6;9;8;1;4799;24001;28800;544;833;734;889;1;1111;8889
11/05/2023;2023;5;May;Q2;19;CMM Inspection;6;13;11;2;4535;24265;28800;623;843;874;846;1;1538;8462
12/05/2023;2023;5;May;Q2;19;CMM Inspection;6;16;16;0;4281;24519;28800;737;851;866;1000;1;0;1000
13/05/2023;2023;5;May;Q2;19;CMM Inspection;6;16;15;1;4127;24673;28800;660;857;822;938;1;625;9375
14/05/2023;2023;5;May;Q2;19;CMM Inspection;6;15;14;1;5082;23718;28800;609;824;792;933;1;667;9333
15/05/2023;2023;5;May;Q2;20;CMM Inspection;6;14;11;3;3838;24962;28800;548;867;804;786;1;2143;7857
16/05/2023;2023;5;May;Q2;20;CMM Inspection;6;11;11;0;4965;23835;28800;668;828;807;1000;1;0;1000
17/05/2023;2023;5;May;Q2;20;CMM Inspection;6;17;13;4;4278;24522;28800;570;851;876;765;1;2353;7647
18/05/2023;2023;5;May;Q2;20;CMM Inspection;6;11;10;1;4342;24458;28800;631;849;817;909;1;909;9091
19/05/2023;2023;5;May;Q2;20;CMM Inspection;6;14;12;2;4999;23801;28800;611;826;862;857;1;1429;8571
20/05/2023;2023;5;May;Q2;20;CMM Inspection;6;12;12;0;4331;24469;28800;703;850;828;1000;1;0;1000
21/05/2023;2023;5;May;Q2;20;CMM Inspection;6;18;17;1;6029;22771;28800;623;791;834;944;1;556;9444
22/05/2023;2023;5;May;Q2;21;CMM Inspection;6;16;12;4;4675;24125;28800;490;838;780;750;1;250;750
23/05/2023;2023;5;May;Q2;21;CMM Inspection;6;14;13;1;5817;22983;28800;588;798;794;929;1;714;9286
24/05/2023;2023;5;May;Q2;21;CMM Inspection;6;17;16;1;4077;24723;28800;707;858;875;941;1;588;9412
25/05/2023;2023;5;May;Q2;21;CMM Inspection;6;11;11;0;4056;24744;28800;710;859;827;1000;1;0;1000
26/05/2023;2023;5;May;Q2;21;CMM Inspection;6;15;15;0;3210;25590;28800;748;889;842;1000;1;0;1000
27/05/2023;2023;5;May;Q2;21;CMM Inspection;6;12;11;1;4336;24464;28800;695;849;892;917;1;833;9167
28/05/2023;2023;5;May;Q2;21;CMM Inspection;6;18;15;3;4586;24214;28800;580;841;828;833;1;1667;8333
29/05/2023;2023;5;May;Q2;22;CMM Inspection;6;16;14;2;4884;23916;28800;600;830;826;875;1;125;875
30/05/2023;2023;5;May;Q2;22;CMM Inspection;6;17;15;2;5481;23319;28800;623;810;872;882;1;1176;8824
31/05/2023;2023;5;May;Q2;22;CMM Inspection;6;13;13;0;5411;23389;28800;676;812;832;1000;1;0;1000
01/06/2023;2023;6;Jun;Q2;22;CMM Inspection;6;17;14;3;5902;22898;28800;552;795;843;824;1;1765;8235
02/06/2023;2023;6;Jun;Q2;22;CMM Inspection;6;12;10;2;3956;24844;28800;622;863;865;833;1;1667;8333
03/06/2023;2023;6;Jun;Q2;22;CMM Inspection;6;12;12;0;4839;23961;28800;692;832;832;1000;1;0;1000
04/06/2023;2023;6;Jun;Q2;22;CMM Inspection;6;14;13;1;3848;24952;28800;690;866;858;929;1;714;9286
05/06/2023;2023;6;Jun;Q2;23;CMM Inspection;6;12;12;0;5208;23592;28800;678;819;828;1000;1;0;1000
06/06/2023;2023;6;Jun;Q2;23;CMM Inspection;6;17;14;3;6545;22255;28800;550;773;865;824;1;1765;8235
07/06/2023;2023;6;Jun;Q2;23;CMM Inspection;6;14;12;2;3659;25141;28800;633;873;846;857;1;1429;8571
08/06/2023;2023;6;Jun;Q2;23;CMM Inspection;6;12;9;3;5471;23329;28800;501;810;824;750;1;250;750
09/06/2023;2023;6;Jun;Q2;23;CMM Inspection;6;12;11;1;5819;22981;28800;610;798;834;917;1;833;9167
10/06/2023;2023;6;Jun;Q2;23;CMM Inspection;6;17;15;2;3951;24849;28800;571;863;751;882;1;1176;8824
11/06/2023;2023;6;Jun;Q2;23;CMM Inspection;6;8;8;0;5230;23570;28800;713;818;872;1000;1;0;1000
12/06/2023;2023;6;Jun;Q2;24;CMM Inspection;6;12;11;1;4464;24336;28800;612;845;790;917;1;833;9167
13/06/2023;2023;6;Jun;Q2;24;CMM Inspection;6;19;17;2;4693;24107;28800;596;837;796;895;1;1053;8947
14/06/2023;2023;6;Jun;Q2;24;CMM Inspection;6;14;14;0;4432;24368;28800;692;846;817;1000;1;0;1000
15/06/2023;2023;6;Jun;Q2;24;CMM Inspection;6;17;14;3;4593;24207;28800;535;841;772;824;1;1765;8235
16/06/2023;2023;6;Jun;Q2;24;CMM Inspection;6;16;14;2;5921;22879;28800;589;794;848;875;1;125;875
17/06/2023;2023;6;Jun;Q2;24;CMM Inspection;6;14;11;3;4734;24066;28800;554;836;844;786;1;2143;7857
18/06/2023;2023;6;Jun;Q2;24;CMM Inspection;6;10;10;0;4231;24569;28800;696;853;816;1000;1;0;1000
19/06/2023;2023;6;Jun;Q2;25;CMM Inspection;6;11;8;3;4876;23924;28800;489;831;809;727;1;2727;7273
20/06/2023;2023;6;Jun;Q2;25;CMM Inspection;6;11;6;5;2768;26032;28800;399;904;809;545;1;4545;5455
21/06/2023;2023;6;Jun;Q2;25;CMM Inspection;6;16;12;4;4024;24776;28800;550;860;852;750;1;250;750
22/06/2023;2023;6;Jun;Q2;25;CMM Inspection;6;17;14;3;6011;22789;28800;508;791;779;824;1;1765;8235
23/06/2023;2023;6;Jun;Q2;25;CMM Inspection;6;13;10;3;4670;24130;28800;527;838;818;769;1;2308;7692
24/06/2023;2023;6;Jun;Q2;25;CMM Inspection;6;15;13;2;4350;24450;28800;575;849;781;867;1;1333;8667
25/06/2023;2023;6;Jun;Q2;25;CMM Inspection;6;15;14;1;4976;23824;28800;662;827;858;933;1;667;9333
26/06/2023;2023;6;Jun;Q2;26;CMM Inspection;6;15;13;2;5518;23282;28800;575;808;821;867;1;1333;8667
27/06/2023;2023;6;Jun;Q2;26;CMM Inspection;6;13;11;2;6088;22712;28800;567;789;850;846;1;1538;8462
28/06/2023;2023;6;Jun;Q2;26;CMM Inspection;6;19;13;6;4376;24424;28800;507;848;874;684;1;3158;6842
29/06/2023;2023;6;Jun;Q2;26;CMM Inspection;6;17;15;2;4398;24402;28800;654;847;874;882;1;1176;8824
30/06/2023;2023;6;Jun;Q2;26;CMM Inspection;6;15;14;1;4595;24205;28800;626;840;798;933;1;667;9333
01/07/2023;2023;7;Jul;Q3;26;CMM Inspection;6;13;11;2;5800;23000;28800;569;799;842;846;1;1538;8462
02/07/2023;2023;7;Jul;Q3;26;CMM Inspection;6;13;9;4;4865;23935;28800;500;831;869;692;1;3077;6923
03/07/2023;2023;7;Jul;Q3;27;CMM Inspection;6;16;15;1;6893;21907;28800;610;761;855;938;1;625;9375
04/07/2023;2023;7;Jul;Q3;27;CMM Inspection;6;14;13;1;4655;24145;28800;668;838;858;929;1;714;9286
05/07/2023;2023;7;Jul;Q3;27;CMM Inspection;6;15;13;2;6506;22294;28800;518;774;773;867;1;1333;8667
06/07/2023;2023;7;Jul;Q3;27;CMM Inspection;6;10;10;0;3951;24849;28800;737;863;855;1000;1;0;1000
07/07/2023;2023;7;Jul;Q3;27;CMM Inspection;6;13;13;0;3473;25327;28800;708;879;806;1000;1;0;1000
08/07/2023;2023;7;Jul;Q3;27;CMM Inspection;6;15;14;1;4712;24088;28800;667;836;854;933;1;667;9333
09/07/2023;2023;7;Jul;Q3;27;CMM Inspection;6;17;14;3;5906;22894;28800;559;795;853;824;1;1765;8235
10/07/2023;2023;7;Jul;Q3;28;CMM Inspection;6;12;12;0;4351;24449;28800;723;849;852;1000;1;0;1000
11/07/2023;2023;7;Jul;Q3;28;CMM Inspection;6;11;10;1;4217;24583;28800;643;854;828;909;1;909;9091
12/07/2023;2023;7;Jul;Q3;28;CMM Inspection;6;16;13;3;5796;23004;28800;568;799;876;812;1;1875;8125
13/07/2023;2023;7;Jul;Q3;28;CMM Inspection;6;15;11;4;5488;23312;28800;504;809;849;733;1;2667;7333
14/07/2023;2023;7;Jul;Q3;28;CMM Inspection;6;10;6;4;4048;24752;28800;435;859;843;600;1;400;600
15/07/2023;2023;7;Jul;Q3;28;CMM Inspection;6;10;9;1;3991;24809;28800;621;861;801;900;1;100;900
16/07/2023;2023;7;Jul;Q3;28;CMM Inspection;6;13;9;4;5608;23192;28800;471;805;845;692;1;3077;6923
17/07/2023;2023;7;Jul;Q3;29;CMM Inspection;6;15;15;0;3240;25560;28800;797;888;898;1000;1;0;1000
18/07/2023;2023;7;Jul;Q3;29;CMM Inspection;6;19;16;3;5848;22952;28800;527;797;786;842;1;1579;8421
19/07/2023;2023;7;Jul;Q3;29;CMM Inspection;6;12;10;2;5475;23325;28800;578;810;856;833;1;1667;8333
20/07/2023;2023;7;Jul;Q3;29;CMM Inspection;6;16;15;1;2616;26184;28800;733;909;860;938;1;625;9375
21/07/2023;2023;7;Jul;Q3;29;CMM Inspection;6;10;9;1;4825;23975;28800;666;832;889;900;1;100;900
22/07/2023;2023;7;Jul;Q3;29;CMM Inspection;6;16;16;0;2906;25894;28800;770;899;856;1000;1;0;1000
23/07/2023;2023;7;Jul;Q3;29;CMM Inspection;6;19;15;4;3651;25149;28800;574;873;832;789;1;2105;7895
24/07/2023;2023;7;Jul;Q3;30;CMM Inspection;6;15;14;1;4326;24474;28800;671;850;846;933;1;667;9333
25/07/2023;2023;7;Jul;Q3;30;CMM Inspection;6;13;11;2;3590;25210;28800;610;875;823;846;1;1538;8462
26/07/2023;2023;7;Jul;Q3;30;CMM Inspection;6;18;17;1;6944;21856;28800;625;759;873;944;1;556;9444
27/07/2023;2023;7;Jul;Q3;30;CMM Inspection;6;16;15;1;5641;23159;28800;588;804;780;938;1;625;9375
28/07/2023;2023;7;Jul;Q3;30;CMM Inspection;6;15;10;5;6125;22675;28800;428;787;816;667;1;3333;6667
29/07/2023;2023;7;Jul;Q3;30;CMM Inspection;6;12;10;2;4675;24125;28800;591;838;847;833;1;1667;8333
30/07/2023;2023;7;Jul;Q3;30;CMM Inspection;6;16;12;4;4839;23961;28800;543;832;871;750;1;250;750
31/07/2023;2023;7;Jul;Q3;31;CMM Inspection;6;13;12;1;6330;22470;28800;599;780;832;923;1;769;9231
01/08/2023;2023;8;Aug;Q3;31;CMM Inspection;6;16;15;1;5227;23573;28800;618;819;806;938;1;625;9375
02/08/2023;2023;8;Aug;Q3;31;CMM Inspection;6;15;13;2;5399;23401;28800;581;813;825;867;1;1333;8667
03/08/2023;2023;8;Aug;Q3;31;CMM Inspection;6;18;16;2;3933;24867;28800;629;863;820;889;1;1111;8889
04/08/2023;2023;8;Aug;Q3;31;CMM Inspection;6;13;13;0;3929;24871;28800;709;864;821;1000;1;0;1000
05/08/2023;2023;8;Aug;Q3;31;CMM Inspection;6;14;12;2;5061;23739;28800;578;824;818;857;1;1429;8571
06/08/2023;2023;8;Aug;Q3;31;CMM Inspection;6;17;16;1;5169;23631;28800;631;821;818;941;1;588;9412
07/08/2023;2023;8;Aug;Q3;32;CMM Inspection;6;14;13;1;3851;24949;28800;623;866;775;929;1;714;9286
08/08/2023;2023;8;Aug;Q3;32;CMM Inspection;6;15;14;1;5155;23645;28800;645;821;842;933;1;667;9333
09/08/2023;2023;8;Aug;Q3;32;CMM Inspection;6;14;12;2;3635;25165;28800;640;874;854;857;1;1429;8571
10/08/2023;2023;8;Aug;Q3;32;CMM Inspection;6;14;12;2;4823;23977;28800;629;833;882;857;1;1429;8571
11/08/2023;2023;8;Aug;Q3;32;CMM Inspection;6;17;15;2;3427;25373;28800;669;881;861;882;1;1176;8824
12/08/2023;2023;8;Aug;Q3;32;CMM Inspection;6;20;18;2;6087;22713;28800;610;789;859;900;1;100;900
13/08/2023;2023;8;Aug;Q3;32;CMM Inspection;6;10;10;0;4510;24290;28800;710;843;842;1000;1;0;1000
14/08/2023;2023;8;Aug;Q3;33;CMM Inspection;6;11;8;3;4143;24657;28800;482;856;773;727;1;2727;7273
15/08/2023;2023;8;Aug;Q3;33;CMM Inspection;6;14;10;4;3708;25092;28800;524;871;841;714;1;2857;7143
16/08/2023;2023;8;Aug;Q3;33;CMM Inspection;6;15;13;2;3615;25185;28800;633;874;836;867;1;1333;8667
17/08/2023;2023;8;Aug;Q3;33;CMM Inspection;6;14;14;0;5230;23570;28800;709;818;866;1000;1;0;1000
18/08/2023;2023;8;Aug;Q3;33;CMM Inspection;6;13;11;2;5775;23025;28800;576;799;851;846;1;1538;8462
19/08/2023;2023;8;Aug;Q3;33;CMM Inspection;6;12;10;2;5679;23121;28800;554;803;828;833;1;1667;8333
20/08/2023;2023;8;Aug;Q3;33;CMM Inspection;6;13;8;5;6153;22647;28800;434;786;897;615;1;3846;6154
21/08/2023;2023;8;Aug;Q3;34;CMM Inspection;6;17;11;6;6491;22309;28800;431;775;860;647;1;3529;6471
22/08/2023;2023;8;Aug;Q3;34;CMM Inspection;6;15;12;3;5731;23069;28800;540;801;843;800;1;200;800
23/08/2023;2023;8;Aug;Q3;34;CMM Inspection;6;17;17;0;4326;24474;28800;720;850;847;1000;1;0;1000
24/08/2023;2023;8;Aug;Q3;34;CMM Inspection;6;12;9;3;4973;23827;28800;518;827;834;750;1;250;750
25/08/2023;2023;8;Aug;Q3;34;CMM Inspection;6;19;16;3;2639;26161;28800;637;908;833;842;1;1579;8421
26/08/2023;2023;8;Aug;Q3;34;CMM Inspection;6;13;11;2;5423;23377;28800;522;812;760;846;1;1538;8462
27/08/2023;2023;8;Aug;Q3;34;CMM Inspection;6;16;15;1;4953;23847;28800;622;828;802;938;1;625;9375
28/08/2023;2023;8;Aug;Q3;35;CMM Inspection;6;15;14;1;6344;22456;28800;592;780;814;933;1;667;9333
29/08/2023;2023;8;Aug;Q3;35;CMM Inspection;6;13;12;1;4095;24705;28800;671;858;847;923;1;769;9231
30/08/2023;2023;8;Aug;Q3;35;CMM Inspection;6;16;15;1;5306;23494;28800;594;816;777;938;1;625;9375
31/08/2023;2023;8;Aug;Q3;35;CMM Inspection;6;16;15;1;3845;24955;28800;662;866;815;938;1;625;9375
01/09/2023;2023;9;Sep;Q3;35;CMM Inspection;6;22;18;4;4704;24096;28800;555;837;810;818;1;1818;8182
02/09/2023;2023;9;Sep;Q3;35;CMM Inspection;6;17;17;0;3237;25563;28800;742;888;836;1000;1;0;1000
03/09/2023;2023;9;Sep;Q3;35;CMM Inspection;6;17;16;1;6114;22686;28800;628;788;847;941;1;588;9412
04/09/2023;2023;9;Sep;Q3;36;CMM Inspection;6;18;17;1;5822;22978;28800;611;798;811;944;1;556;9444
05/09/2023;2023;9;Sep;Q3;36;CMM Inspection;6;16;15;1;4355;24445;28800;647;849;813;938;1;625;9375
06/09/2023;2023;9;Sep;Q3;36;CMM Inspection;6;15;9;6;5062;23738;28800;400;824;809;600;1;400;600
07/09/2023;2023;9;Sep;Q3;36;CMM Inspection;6;16;15;1;4847;23953;28800;639;832;819;938;1;625;9375
08/09/2023;2023;9;Sep;Q3;36;CMM Inspection;6;17;16;1;4221;24579;28800;667;853;830;941;1;588;9412
09/09/2023;2023;9;Sep;Q3;36;CMM Inspection;6;19;15;4;4928;23872;28800;573;829;876;789;1;2105;7895
10/09/2023;2023;9;Sep;Q3;36;CMM Inspection;6;11;8;3;4384;24416;28800;492;848;798;727;1;2727;7273
11/09/2023;2023;9;Sep;Q3;37;CMM Inspection;6;10;10;0;5753;23047;28800;712;800;890;1000;1;0;1000
12/09/2023;2023;9;Sep;Q3;37;CMM Inspection;6;18;15;3;4607;24193;28800;554;840;791;833;1;1667;8333
13/09/2023;2023;9;Sep;Q3;37;CMM Inspection;6;13;11;2;7109;21691;28800;550;753;864;846;1;1538;8462
14/09/2023;2023;9;Sep;Q3;37;CMM Inspection;6;10;8;2;4735;24065;28800;546;836;816;800;1;200;800
15/09/2023;2023;9;Sep;Q3;37;CMM Inspection;6;10;9;1;4918;23882;28800;598;829;802;900;1;100;900
16/09/2023;2023;9;Sep;Q3;37;CMM Inspection;6;20;14;6;5318;23482;28800;500;815;876;700;1;300;700
17/09/2023;2023;9;Sep;Q3;37;CMM Inspection;6;17;17;0;5615;23185;28800;672;805;835;1000;1;0;1000
18/09/2023;2023;9;Sep;Q3;38;CMM Inspection;6;13;12;1;4885;23915;28800;639;830;833;923;1;769;9231
19/09/2023;2023;9;Sep;Q3;38;CMM Inspection;6;13;12;1;5297;23503;28800;620;816;823;923;1;769;9231
20/09/2023;2023;9;Sep;Q3;38;CMM Inspection;6;15;14;1;4986;23814;28800;627;827;813;933;1;667;9333
21/09/2023;2023;9;Sep;Q3;38;CMM Inspection;6;17;13;4;4061;24739;28800;543;859;826;765;1;2353;7647
22/09/2023;2023;9;Sep;Q3;38;CMM Inspection;6;14;12;2;3802;24998;28800;539;868;725;857;1;1429;8571
23/09/2023;2023;9;Sep;Q3;38;CMM Inspection;6;13;13;0;5482;23318;28800;624;810;770;1000;1;0;1000
24/09/2023;2023;9;Sep;Q3;38;CMM Inspection;6;18;16;2;6269;22531;28800;588;782;845;889;1;1111;8889
25/09/2023;2023;9;Sep;Q3;39;CMM Inspection;6;15;14;1;3241;25559;28800;722;887;871;933;1;667;9333
26/09/2023;2023;9;Sep;Q3;39;CMM Inspection;6;14;10;4;3430;25370;28800;552;881;877;714;1;2857;7143
27/09/2023;2023;9;Sep;Q3;39;CMM Inspection;6;16;14;2;3421;25379;28800;617;881;800;875;1;125;875
28/09/2023;2023;9;Sep;Q3;39;CMM Inspection;6;9;8;1;5555;23245;28800;602;807;838;889;1;1111;8889
29/09/2023;2023;9;Sep;Q3;39;CMM Inspection;6;16;13;3;5636;23164;28800;496;804;759;812;1;1875;8125
30/09/2023;2023;9;Sep;Q3;39;CMM Inspection;6;16;13;3;3871;24929;28800;577;866;820;812;1;1875;8125
01/10/2023;2023;10;Oct;Q4;39;CMM Inspection;6;11;9;2;6932;21868;28800;534;759;859;818;1;1818;8182
02/10/2023;2023;10;Oct;Q4;40;CMM Inspection;6;10;10;0;4439;24361;28800;703;846;831;1000;1;0;1000
03/10/2023;2023;10;Oct;Q4;40;CMM Inspection;6;13;10;3;6191;22609;28800;496;785;821;769;1;2308;7692
04/10/2023;2023;10;Oct;Q4;40;CMM Inspection;6;15;13;2;5588;23212;28800;581;806;832;867;1;1333;8667
05/10/2023;2023;10;Oct;Q4;40;CMM Inspection;6;16;13;3;3888;24912;28800;615;865;875;812;1;1875;8125
06/10/2023;2023;10;Oct;Q4;40;CMM Inspection;6;19;12;7;4408;24392;28800;441;847;824;632;1;3684;6316
07/10/2023;2023;10;Oct;Q4;40;CMM Inspection;6;15;12;3;3971;24829;28800;575;862;834;800;1;200;800
08/10/2023;2023;10;Oct;Q4;40;CMM Inspection;6;11;9;2;3517;25283;28800;634;878;883;818;1;1818;8182
09/10/2023;2023;10;Oct;Q4;41;CMM Inspection;6;14;10;4;4566;24234;28800;495;841;824;714;1;2857;7143
10/10/2023;2023;10;Oct;Q4;41;CMM Inspection;6;11;11;0;3657;25143;28800;679;873;778;1000;1;0;1000
11/10/2023;2023;10;Oct;Q4;41;CMM Inspection;6;14;12;2;4642;24158;28800;631;839;878;857;1;1429;8571
12/10/2023;2023;10;Oct;Q4;41;CMM Inspection;6;19;17;2;6669;22131;28800;595;768;866;895;1;1053;8947
13/10/2023;2023;10;Oct;Q4;41;CMM Inspection;6;16;15;1;5480;23320;28800;576;810;758;938;1;625;9375
14/10/2023;2023;10;Oct;Q4;41;CMM Inspection;6;13;10;3;4274;24526;28800;542;852;828;769;1;2308;7692
15/10/2023;2023;10;Oct;Q4;41;CMM Inspection;6;16;13;3;4195;24605;28800;577;854;831;812;1;1875;8125
16/10/2023;2023;10;Oct;Q4;42;CMM Inspection;6;13;11;2;4424;24376;28800;628;846;878;846;1;1538;8462
17/10/2023;2023;10;Oct;Q4;42;CMM Inspection;6;7;3;4;6802;21998;28800;272;764;832;429;1;5714;4286
18/10/2023;2023;10;Oct;Q4;42;CMM Inspection;6;12;11;1;3763;25037;28800;667;869;838;917;1;833;9167
19/10/2023;2023;10;Oct;Q4;42;CMM Inspection;6;16;13;3;4808;23992;28800;568;833;839;812;1;1875;8125
20/10/2023;2023;10;Oct;Q4;42;CMM Inspection;6;17;15;2;5257;23543;28800;589;817;816;882;1;1176;8824
21/10/2023;2023;10;Oct;Q4;42;CMM Inspection;6;19;18;1;5979;22821;28800;657;792;875;947;1;526;9474
22/10/2023;2023;10;Oct;Q4;42;CMM Inspection;6;16;15;1;4490;24310;28800;638;844;806;938;1;625;9375
23/10/2023;2023;10;Oct;Q4;43;CMM Inspection;6;18;14;4;3884;24916;28800;549;865;816;778;1;2222;7778
24/10/2023;2023;10;Oct;Q4;43;CMM Inspection;6;17;15;2;5088;23712;28800;604;823;832;882;1;1176;8824
25/10/2023;2023;10;Oct;Q4;43;CMM Inspection;6;17;14;3;6074;22726;28800;512;789;787;824;1;1765;8235
26/10/2023;2023;10;Oct;Q4;43;CMM Inspection;6;18;16;2;4547;24253;28800;667;842;891;889;1;1111;8889
27/10/2023;2023;10;Oct;Q4;43;CMM Inspection;6;16;15;1;4002;24798;28800;672;861;832;938;1;625;9375
28/10/2023;2023;10;Oct;Q4;43;CMM Inspection;6;18;17;1;4916;23884;28800;673;829;859;944;1;556;9444
29/10/2023;2023;10;Oct;Q4;43;CMM Inspection;6;13;12;1;3248;25552;28800;655;887;800;923;1;769;9231
30/10/2023;2023;10;Oct;Q4;44;CMM Inspection;6;8;5;3;4599;24201;28800;449;840;856;625;1;375;625
31/10/2023;2023;10;Oct;Q4;44;CMM Inspection;6;17;17;0;5943;22857;28800;681;794;859;1000;1;0;1000
01/11/2023;2023;11;Nov;Q4;44;CMM Inspection;6;16;11;5;5651;23149;28800;477;804;863;688;1;3125;6875
02/11/2023;2023;11;Nov;Q4;44;CMM Inspection;6;13;9;4;4671;24129;28800;519;838;895;692;1;3077;6923
03/11/2023;2023;11;Nov;Q4;44;CMM Inspection;6;11;6;5;6406;22394;28800;345;778;813;545;1;4545;5455
04/11/2023;2023;11;Nov;Q4;44;CMM Inspection;6;15;13;2;6647;22153;28800;551;769;826;867;1;1333;8667
05/11/2023;2023;11;Nov;Q4;44;CMM Inspection;6;17;12;5;5449;23351;28800;460;811;804;706;1;2941;7059
06/11/2023;2023;11;Nov;Q4;45;CMM Inspection;6;16;15;1;3398;25402;28800;685;882;829;938;1;625;9375
07/11/2023;2023;11;Nov;Q4;45;CMM Inspection;6;12;12;0;3001;25799;28800;765;896;854;1000;1;0;1000
08/11/2023;2023;11;Nov;Q4;45;CMM Inspection;6;13;12;1;6141;22659;28800;619;787;852;923;1;769;9231
09/11/2023;2023;11;Nov;Q4;45;CMM Inspection;6;17;13;4;5045;23755;28800;559;825;887;765;1;2353;7647
10/11/2023;2023;11;Nov;Q4;45;CMM Inspection;6;15;15;0;6383;22417;28800;660;778;848;1000;1;0;1000
11/11/2023;2023;11;Nov;Q4;45;CMM Inspection;6;18;16;2;3522;25278;28800;649;878;832;889;1;1111;8889
12/11/2023;2023;11;Nov;Q4;45;CMM Inspection;6;14;14;0;4655;24145;28800;667;838;796;1000;1;0;1000
13/11/2023;2023;11;Nov;Q4;46;CMM Inspection;6;17;16;1;5800;23000;28800;647;799;861;941;1;588;9412
14/11/2023;2023;11;Nov;Q4;46;CMM Inspection;6;15;15;0;4108;24692;28800;709;857;827;1000;1;0;1000
15/11/2023;2023;11;Nov;Q4;46;CMM Inspection;6;13;10;3;5786;23014;28800;530;799;862;769;1;2308;7692
16/11/2023;2023;11;Nov;Q4;46;CMM Inspection;6;17;15;2;4692;24108;28800;604;837;818;882;1;1176;8824
17/11/2023;2023;11;Nov;Q4;46;CMM Inspection;6;12;9;3;4837;23963;28800;544;832;872;750;1;250;750
18/11/2023;2023;11;Nov;Q4;46;CMM Inspection;6;15;13;2;3671;25129;28800;639;873;845;867;1;1333;8667
19/11/2023;2023;11;Nov;Q4;46;CMM Inspection;6;15;11;4;5052;23748;28800;523;825;865;733;1;2667;7333
20/11/2023;2023;11;Nov;Q4;47;CMM Inspection;6;15;13;2;6919;21881;28800;556;760;845;867;1;1333;8667
21/11/2023;2023;11;Nov;Q4;47;CMM Inspection;6;18;16;2;5183;23617;28800;584;820;801;889;1;1111;8889
22/11/2023;2023;11;Nov;Q4;47;CMM Inspection;6;16;14;2;4048;24752;28800;617;859;820;875;1;125;875
23/11/2023;2023;11;Nov;Q4;47;CMM Inspection;6;16;14;2;6152;22648;28800;543;786;789;875;1;125;875
24/11/2023;2023;11;Nov;Q4;47;CMM Inspection;6;15;12;3;4077;24723;28800;576;858;838;800;1;200;800
25/11/2023;2023;11;Nov;Q4;47;CMM Inspection;6;20;17;3;6465;22335;28800;516;776;783;850;1;150;850
26/11/2023;2023;11;Nov;Q4;47;CMM Inspection;6;19;16;3;3583;25217;28800;621;876;842;842;1;1579;8421
27/11/2023;2023;11;Nov;Q4;48;CMM Inspection;6;17;14;3;5072;23728;28800;483;824;712;824;1;1765;8235
28/11/2023;2023;11;Nov;Q4;48;CMM Inspection;6;17;16;1;6278;22522;28800;632;782;859;941;1;588;9412
29/11/2023;2023;11;Nov;Q4;48;CMM Inspection;6;13;11;2;3976;24824;28800;580;862;795;846;1;1538;8462
30/11/2023;2023;11;Nov;Q4;48;CMM Inspection;6;15;14;1;4890;23910;28800;620;830;800;933;1;667;9333
01/12/2023;2023;12;Dec;Q4;48;CMM Inspection;6;17;15;2;5923;22877;28800;615;794;878;882;1;1176;8824
02/12/2023;2023;12;Dec;Q4;48;CMM Inspection;6;18;15;3;2640;26160;28800;638;908;843;833;1;1667;8333
03/12/2023;2023;12;Dec;Q4;48;CMM Inspection;6;17;11;6;5701;23099;28800;446;802;860;647;1;3529;6471
04/12/2023;2023;12;Dec;Q4;49;CMM Inspection;6;16;16;0;4725;24075;28800;668;836;799;1000;1;0;1000
05/12/2023;2023;12;Dec;Q4;49;CMM Inspection;6;20;19;1;6197;22603;28800;644;785;864;950;1;50;950
06/12/2023;2023;12;Dec;Q4;49;CMM Inspection;6;14;14;0;4014;24786;28800;712;861;827;1000;1;0;1000
07/12/2023;2023;12;Dec;Q4;49;CMM Inspection;6;18;16;2;3476;25324;28800;653;879;836;889;1;1111;8889
08/12/2023;2023;12;Dec;Q4;49;CMM Inspection;6;17;14;3;4287;24513;28800;618;851;882;824;1;1765;8235
09/12/2023;2023;12;Dec;Q4;49;CMM Inspection;6;16;13;3;4267;24533;28800;549;852;793;812;1;1875;8125
10/12/2023;2023;12;Dec;Q4;49;CMM Inspection;6;16;13;3;4611;24189;28800;589;840;862;812;1;1875;8125
11/12/2023;2023;12;Dec;Q4;50;CMM Inspection;6;16;12;4;4359;24441;28800;538;849;845;750;1;250;750
12/12/2023;2023;12;Dec;Q4;50;CMM Inspection;6;13;12;1;2878;25922;28800;685;900;825;923;1;769;9231
13/12/2023;2023;12;Dec;Q4;50;CMM Inspection;6;16;16;0;4718;24082;28800;665;836;796;1000;1;0;1000
14/12/2023;2023;12;Dec;Q4;50;CMM Inspection;6;17;17;0;5033;23767;28800;680;825;825;1000;1;0;1000
15/12/2023;2023;12;Dec;Q4;50;CMM Inspection;6;16;13;3;4624;24176;28800;549;839;805;812;1;1875;8125
16/12/2023;2023;12;Dec;Q4;50;CMM Inspection;6;10;8;2;5086;23714;28800;574;823;871;800;1;200;800
17/12/2023;2023;12;Dec;Q4;50;CMM Inspection;6;11;9;2;4892;23908;28800;567;830;835;818;1;1818;8182
18/12/2023;2023;12;Dec;Q4;51;CMM Inspection;6;13;12;1;3480;25320;28800;657;879;809;923;1;769;9231
19/12/2023;2023;12;Dec;Q4;51;CMM Inspection;6;15;14;1;4520;24280;28800;617;843;784;933;1;667;9333
20/12/2023;2023;12;Dec;Q4;51;CMM Inspection;6;13;9;4;4919;23881;28800;469;829;817;692;1;3077;6923
21/12/2023;2023;12;Dec;Q4;51;CMM Inspection;6;17;17;0;4582;24218;28800;734;841;873;1000;1;0;1000
22/12/2023;2023;12;Dec;Q4;51;CMM Inspection;6;18;15;3;3374;25426;28800;615;883;836;833;1;1667;8333
23/12/2023;2023;12;Dec;Q4;51;CMM Inspection;6;18;17;1;5986;22814;28800;618;792;826;944;1;556;9444
24/12/2023;2023;12;Dec;Q4;51;CMM Inspection;6;16;16;0;3875;24925;28800;769;865;889;1000;1;0;1000
25/12/2023;2023;12;Dec;Q4;52;CMM Inspection;6;18;15;3;3615;25185;28800;596;874;818;833;1;1667;8333
26/12/2023;2023;12;Dec;Q4;52;CMM Inspection;6;13;12;1;4849;23951;28800;618;832;805;923;1;769;9231
27/12/2023;2023;12;Dec;Q4;52;CMM Inspection;6;14;12;2;4506;24294;28800;611;844;845;857;1;1429;8571
28/12/2023;2023;12;Dec;Q4;52;CMM Inspection;6;12;10;2;5388;23412;28800;573;813;846;833;1;1667;8333
29/12/2023;2023;12;Dec;Q4;52;CMM Inspection;6;18;16;2;5649;23151;28800;581;804;812;889;1;1111;8889
30/12/2023;2023;12;Dec;Q4;52;CMM Inspection;6;20;17;3;5503;23297;28800;554;809;805;850;1;150;850
31/12/2023;2023;12;Dec;Q4;52;CMM Inspection;6;14;12;2;4808;23992;28800;628;833;880;857;1;1429;8571
01/01/2024;2024;1;Jan;Q1;1;CMM Inspection;6;18;17;1;4934;23866;28800;671;829;857;944;1;556;9444
02/01/2024;2024;1;Jan;Q1;1;CMM Inspection;6;12;10;2;5630;23170;28800;556;805;829;833;1;1667;8333
03/01/2024;2024;1;Jan;Q1;1;CMM Inspection;6;14;12;2;6895;21905;28800;520;761;798;857;1;1429;8571
04/01/2024;2024;1;Jan;Q1;1;CMM Inspection;6;15;14;1;4544;24256;28800;639;842;813;933;1;667;9333
05/01/2024;2024;1;Jan;Q1;1;CMM Inspection;6;15;13;2;4075;24725;28800;625;859;839;867;1;1333;8667
06/01/2024;2024;1;Jan;Q1;1;CMM Inspection;6;17;13;4;3770;25030;28800;590;869;888;765;1;2353;7647
07/01/2024;2024;1;Jan;Q1;1;CMM Inspection;6;16;13;3;5112;23688;28800;543;822;812;812;1;1875;8125
08/01/2024;2024;1;Jan;Q1;2;CMM Inspection;6;7;6;1;5389;23411;28800;595;813;855;857;1;1429;8571
09/01/2024;2024;1;Jan;Q1;2;CMM Inspection;6;11;10;1;4381;24419;28800;630;848;817;909;1;909;9091
10/01/2024;2024;1;Jan;Q1;2;CMM Inspection;6;9;9;0;5683;23117;28800;668;803;832;1000;1;0;1000
11/01/2024;2024;1;Jan;Q1;2;CMM Inspection;6;15;13;2;5375;23425;28800;619;813;878;867;1;1333;8667
12/01/2024;2024;1;Jan;Q1;2;CMM Inspection;6;16;13;3;4960;23840;28800;574;828;853;812;1;1875;8125
13/01/2024;2024;1;Jan;Q1;2;CMM Inspection;6;16;15;1;4030;24770;28800;634;860;787;938;1;625;9375
14/01/2024;2024;1;Jan;Q1;2;CMM Inspection;6;12;11;1;4444;24356;28800;627;846;809;917;1;833;9167
15/01/2024;2024;1;Jan;Q1;3;CMM Inspection;6;17;13;4;2528;26272;28800;607;912;870;765;1;2353;7647
16/01/2024;2024;1;Jan;Q1;3;CMM Inspection;6;17;14;3;5149;23651;28800;563;821;833;824;1;1765;8235
17/01/2024;2024;1;Jan;Q1;3;CMM Inspection;6;12;10;2;4943;23857;28800;545;828;790;833;1;1667;8333
18/01/2024;2024;1;Jan;Q1;3;CMM Inspection;6;11;11;0;5103;23697;28800;659;823;801;1000;1;0;1000
19/01/2024;2024;1;Jan;Q1;3;CMM Inspection;6;15;14;1;5414;23386;28800;645;812;851;933;1;667;9333
20/01/2024;2024;1;Jan;Q1;3;CMM Inspection;6;20;19;1;5297;23503;28800;667;816;861;950;1;50;950
21/01/2024;2024;1;Jan;Q1;3;CMM Inspection;6;19;16;3;4809;23991;28800;581;833;829;842;1;1579;8421
22/01/2024;2024;1;Jan;Q1;4;CMM Inspection;6;16;16;0;4965;23835;28800;753;828;910;1000;1;0;1000
23/01/2024;2024;1;Jan;Q1;4;CMM Inspection;6;13;10;3;3536;25264;28800;577;877;855;769;1;2308;7692
24/01/2024;2024;1;Jan;Q1;4;CMM Inspection;6;17;11;6;4343;24457;28800;451;849;820;647;1;3529;6471
25/01/2024;2024;1;Jan;Q1;4;CMM Inspection;6;14;13;1;4967;23833;28800;615;828;801;929;1;714;9286
26/01/2024;2024;1;Jan;Q1;4;CMM Inspection;6;13;12;1;4194;24606;28800;628;854;796;923;1;769;9231
27/01/2024;2024;1;Jan;Q1;4;CMM Inspection;6;9;7;2;5763;23037;28800;522;800;839;778;1;2222;7778
28/01/2024;2024;1;Jan;Q1;4;CMM Inspection;6;15;11;4;4270;24530;28800;507;852;812;733;1;2667;7333
29/01/2024;2024;1;Jan;Q1;5;CMM Inspection;6;13;10;3;5130;23670;28800;559;822;883;769;1;2308;7692
30/01/2024;2024;1;Jan;Q1;5;CMM Inspection;6;15;15;0;5032;23768;28800;723;825;877;1000;1;0;1000
31/01/2024;2024;1;Jan;Q1;5;CMM Inspection;6;9;9;0;5651;23149;28800;682;804;849;1000;1;0;1000
01/02/2024;2024;2;Feb;Q1;5;CMM Inspection;6;15;12;3;5803;22997;28800;504;799;789;800;1;200;800
02/02/2024;2024;2;Feb;Q1;5;CMM Inspection;6;8;7;1;5600;23200;28800;568;806;806;875;1;125;875
03/02/2024;2024;2;Feb;Q1;5;CMM Inspection;6;18;17;1;2846;25954;28800;740;901;870;944;1;556;9444
04/02/2024;2024;2;Feb;Q1;5;CMM Inspection;6;16;14;2;6092;22708;28800;558;788;809;875;1;125;875
05/02/2024;2024;2;Feb;Q1;6;CMM Inspection;6;14;11;3;6420;22380;28800;528;777;865;786;1;2143;7857
06/02/2024;2024;2;Feb;Q1;6;CMM Inspection;6;16;15;1;4443;24357;28800;669;846;844;938;1;625;9375
07/02/2024;2024;2;Feb;Q1;6;CMM Inspection;6;12;9;3;5150;23650;28800;511;821;830;750;1;250;750
08/02/2024;2024;2;Feb;Q1;6;CMM Inspection;6;15;15;0;4041;24759;28800;692;860;805;1000;1;0;1000
09/02/2024;2024;2;Feb;Q1;6;CMM Inspection;6;17;14;3;3001;25799;28800;609;896;825;824;1;1765;8235
10/02/2024;2024;2;Feb;Q1;6;CMM Inspection;6;7;6;1;4191;24609;28800;611;854;834;857;1;1429;8571
11/02/2024;2024;2;Feb;Q1;6;CMM Inspection;6;14;13;1;4386;24414;28800;679;848;862;929;1;714;9286
12/02/2024;2024;2;Feb;Q1;7;CMM Inspection;6;15;13;2;4569;24231;28800;582;841;799;867;1;1333;8667
13/02/2024;2024;2;Feb;Q1;7;CMM Inspection;6;14;11;3;3974;24826;28800;555;862;819;786;1;2143;7857
14/02/2024;2024;2;Feb;Q1;7;CMM Inspection;6;19;14;5;4196;24604;28800;522;854;829;737;1;2632;7368
15/02/2024;2024;2;Feb;Q1;7;CMM Inspection;6;12;11;1;4907;23893;28800;646;830;850;917;1;833;9167
16/02/2024;2024;2;Feb;Q1;7;CMM Inspection;6;13;11;2;4160;24640;28800;578;856;798;846;1;1538;8462
17/02/2024;2024;2;Feb;Q1;7;CMM Inspection;6;10;9;1;5452;23348;28800;572;811;784;900;1;100;900
18/02/2024;2024;2;Feb;Q1;7;CMM Inspection;6;19;17;2;5588;23212;28800;613;806;850;895;1;1053;8947
19/02/2024;2024;2;Feb;Q1;8;CMM Inspection;6;14;11;3;7259;21541;28800;457;748;778;786;1;2143;7857
20/02/2024;2024;2;Feb;Q1;8;CMM Inspection;6;14;14;0;6025;22775;28800;688;791;871;1000;1;0;1000
21/02/2024;2024;2;Feb;Q1;8;CMM Inspection;6;15;14;1;5157;23643;28800;630;821;823;933;1;667;9333
22/02/2024;2024;2;Feb;Q1;8;CMM Inspection;6;17;15;2;4307;24493;28800;583;850;777;882;1;1176;8824
23/02/2024;2024;2;Feb;Q1;8;CMM Inspection;6;16;15;1;5206;23594;28800;624;819;812;938;1;625;9375
24/02/2024;2024;2;Feb;Q1;8;CMM Inspection;6;22;17;5;5239;23561;28800;531;818;841;773;1;2273;7727
25/02/2024;2024;2;Feb;Q1;8;CMM Inspection;6;16;14;2;4413;24387;28800;600;847;810;875;1;125;875
26/02/2024;2024;2;Feb;Q1;9;CMM Inspection;6;14;13;1;5688;23112;28800;618;802;829;929;1;714;9286
27/02/2024;2024;2;Feb;Q1;9;CMM Inspection;6;13;10;3;3542;25258;28800;575;877;853;769;1;2308;7692
28/02/2024;2024;2;Feb;Q1;9;CMM Inspection;6;14;13;1;4677;24123;28800;639;838;821;929;1;714;9286
29/02/2024;2024;2;Feb;Q1;9;CMM Inspection;6;11;10;1;5464;23336;28800;587;810;797;909;1;909;9091
01/03/2024;2024;3;Mar;Q1;9;CMM Inspection;6;15;15;0;4635;24165;28800;686;839;818;1000;1;0;1000
02/03/2024;2024;3;Mar;Q1;9;CMM Inspection;6;17;16;1;4714;24086;28800;689;836;875;941;1;588;9412
03/03/2024;2024;3;Mar;Q1;9;CMM Inspection;6;13;13;0;4782;24018;28800;737;834;884;1000;1;0;1000
04/03/2024;2024;3;Mar;Q1;10;CMM Inspection;6;13;11;2;4096;24704;28800;552;858;761;846;1;1538;8462
05/03/2024;2024;3;Mar;Q1;10;CMM Inspection;6;19;17;2;6072;22728;28800;610;789;864;895;1;1053;8947
06/03/2024;2024;3;Mar;Q1;10;CMM Inspection;6;11;10;1;3916;24884;28800;657;864;836;909;1;909;9091
07/03/2024;2024;3;Mar;Q1;10;CMM Inspection;6;9;8;1;5230;23570;28800;625;818;859;889;1;1111;8889
08/03/2024;2024;3;Mar;Q1;10;CMM Inspection;6;12;12;0;5324;23476;28800;660;815;810;1000;1;0;1000
09/03/2024;2024;3;Mar;Q1;10;CMM Inspection;6;11;8;3;3985;24815;28800;482;862;769;727;1;2727;7273
10/03/2024;2024;3;Mar;Q1;10;CMM Inspection;6;16;16;0;4989;23811;28800;701;827;847;1000;1;0;1000
11/03/2024;2024;3;Mar;Q1;11;CMM Inspection;6;14;11;3;4023;24777;28800;539;860;797;786;1;2143;7857
12/03/2024;2024;3;Mar;Q1;11;CMM Inspection;6;14;12;2;6286;22514;28800;524;782;782;857;1;1429;8571
13/03/2024;2024;3;Mar;Q1;11;CMM Inspection;6;18;16;2;3798;25002;28800;605;868;784;889;1;1111;8889
14/03/2024;2024;3;Mar;Q1;11;CMM Inspection;6;13;12;1;4274;24526;28800;667;852;848;923;1;769;9231
15/03/2024;2024;3;Mar;Q1;11;CMM Inspection;6;17;12;5;3713;25087;28800;512;871;833;706;1;2941;7059
16/03/2024;2024;3;Mar;Q1;11;CMM Inspection;6;19;18;1;3582;25218;28800;708;876;854;947;1;526;9474
17/03/2024;2024;3;Mar;Q1;11;CMM Inspection;6;14;12;2;6482;22318;28800;565;775;850;857;1;1429;8571
18/03/2024;2024;3;Mar;Q1;12;CMM Inspection;6;17;11;6;5451;23349;28800;427;811;814;647;1;3529;6471
19/03/2024;2024;3;Mar;Q1;12;CMM Inspection;6;14;11;3;5055;23745;28800;535;824;826;786;1;2143;7857
20/03/2024;2024;3;Mar;Q1;12;CMM Inspection;6;17;15;2;4272;24528;28800;609;852;811;882;1;1176;8824
21/03/2024;2024;3;Mar;Q1;12;CMM Inspection;6;11;7;4;5810;22990;28800;417;798;821;636;1;3636;6364
22/03/2024;2024;3;Mar;Q1;12;CMM Inspection;6;10;8;2;4107;24693;28800;546;857;796;800;1;200;800
23/03/2024;2024;3;Mar;Q1;12;CMM Inspection;6;14;13;1;5698;23102;28800;626;802;841;929;1;714;9286
24/03/2024;2024;3;Mar;Q1;12;CMM Inspection;6;12;11;1;4059;24741;28800;680;859;864;917;1;833;9167
25/03/2024;2024;3;Mar;Q1;13;CMM Inspection;6;13;12;1;4284;24516;28800;629;851;801;923;1;769;9231
26/03/2024;2024;3;Mar;Q1;13;CMM Inspection;6;14;13;1;5663;23137;28800;649;803;870;929;1;714;9286
27/03/2024;2024;3;Mar;Q1;13;CMM Inspection;6;17;14;3;5767;23033;28800;548;800;832;824;1;1765;8235
28/03/2024;2024;3;Mar;Q1;13;CMM Inspection;6;14;12;2;5505;23295;28800;580;809;836;857;1;1429;8571
29/03/2024;2024;3;Mar;Q1;13;CMM Inspection;6;13;13;0;3885;24915;28800;668;865;772;1000;1;0;1000
30/03/2024;2024;3;Mar;Q1;13;CMM Inspection;6;14;11;3;4478;24322;28800;510;845;768;786;1;2143;7857
31/03/2024;2024;3;Mar;Q1;13;CMM Inspection;6;13;12;1;5072;23728;28800;633;824;833;923;1;769;9231
01/04/2024;2024;4;Apr;Q2;14;CMM Inspection;6;12;7;5;4082;24718;28800;428;858;854;583;1;4167;5833
02/04/2024;2024;4;Apr;Q2;14;CMM Inspection;6;11;8;3;6266;22534;28800;459;782;806;727;1;2727;7273
03/04/2024;2024;4;Apr;Q2;14;CMM Inspection;6;15;11;4;2555;26245;28800;590;911;883;733;1;2667;7333
04/04/2024;2024;4;Apr;Q2;14;CMM Inspection;6;13;10;3;4152;24648;28800;561;856;852;769;1;2308;7692
05/04/2024;2024;4;Apr;Q2;14;CMM Inspection;6;17;16;1;4416;24384;28800;636;847;798;941;1;588;9412
06/04/2024;2024;4;Apr;Q2;14;CMM Inspection;6;11;10;1;2121;26679;28800;698;926;829;909;1;909;9091
07/04/2024;2024;4;Apr;Q2;14;CMM Inspection;6;13;12;1;3544;25256;28800;737;877;910;923;1;769;9231
08/04/2024;2024;4;Apr;Q2;15;CMM Inspection;6;20;19;1;5532;23268;28800;604;808;787;950;1;50;950
09/04/2024;2024;4;Apr;Q2;15;CMM Inspection;6;12;10;2;4947;23853;28800;584;828;845;833;1;1667;8333
10/04/2024;2024;4;Apr;Q2;15;CMM Inspection;6;14;14;0;6465;22335;28800;634;776;817;1000;1;0;1000
11/04/2024;2024;4;Apr;Q2;15;CMM Inspection;6;12;8;4;6437;22363;28800;441;776;851;667;1;3333;6667
12/04/2024;2024;4;Apr;Q2;15;CMM Inspection;6;11;8;3;5343;23457;28800;515;814;870;727;1;2727;7273
13/04/2024;2024;4;Apr;Q2;15;CMM Inspection;6;19;17;2;5226;23574;28800;597;819;815;895;1;1053;8947
14/04/2024;2024;4;Apr;Q2;15;CMM Inspection;6;15;13;2;4982;23818;28800;620;827;865;867;1;1333;8667
15/04/2024;2024;4;Apr;Q2;16;CMM Inspection;6;15;13;2;2306;26494;28800;719;920;902;867;1;1333;8667
16/04/2024;2024;4;Apr;Q2;16;CMM Inspection;6;10;8;2;3546;25254;28800;582;877;830;800;1;200;800
17/04/2024;2024;4;Apr;Q2;16;CMM Inspection;6;16;14;2;5017;23783;28800;617;826;854;875;1;125;875
18/04/2024;2024;4;Apr;Q2;16;CMM Inspection;6;18;17;1;5523;23277;28800;617;808;808;944;1;556;9444
19/04/2024;2024;4;Apr;Q2;16;CMM Inspection;6;18;16;2;5202;23598;28800;604;819;829;889;1;1111;8889
20/04/2024;2024;4;Apr;Q2;16;CMM Inspection;6;17;15;2;4040;24760;28800;624;860;822;882;1;1176;8824
21/04/2024;2024;4;Apr;Q2;16;CMM Inspection;6;12;8;4;5839;22961;28800;454;797;854;667;1;3333;6667
22/04/2024;2024;4;Apr;Q2;17;CMM Inspection;6;16;15;1;6375;22425;28800;634;779;868;938;1;625;9375
23/04/2024;2024;4;Apr;Q2;17;CMM Inspection;6;17;17;0;5840;22960;28800;657;797;824;1000;1;0;1000
24/04/2024;2024;4;Apr;Q2;17;CMM Inspection;6;10;8;2;5891;22909;28800;559;795;879;800;1;200;800
25/04/2024;2024;4;Apr;Q2;17;CMM Inspection;6;12;9;3;4368;24432;28800;559;848;879;750;1;250;750
26/04/2024;2024;4;Apr;Q2;17;CMM Inspection;6;17;13;4;5976;22824;28800;519;792;856;765;1;2353;7647
27/04/2024;2024;4;Apr;Q2;17;CMM Inspection;6;17;15;2;5061;23739;28800;590;824;811;882;1;1176;8824
28/04/2024;2024;4;Apr;Q2;17;CMM Inspection;6;11;9;2;5421;23379;28800;536;812;808;818;1;1818;8182
29/04/2024;2024;4;Apr;Q2;18;CMM Inspection;6;17;15;2;5277;23523;28800;577;817;801;882;1;1176;8824
30/04/2024;2024;4;Apr;Q2;18;CMM Inspection;6;15;15;0;4798;24002;28800;716;833;859;1000;1;0;1000
01/05/2024;2024;5;May;Q2;18;CMM Inspection;6;17;15;2;4072;24728;28800;597;859;788;882;1;1176;8824
02/05/2024;2024;5;May;Q2;18;CMM Inspection;6;13;13;0;4837;23963;28800;708;832;850;1000;1;0;1000
03/05/2024;2024;5;May;Q2;18;CMM Inspection;6;17;16;1;5888;22912;28800;593;796;792;941;1;588;9412
04/05/2024;2024;5;May;Q2;18;CMM Inspection;6;17;13;4;4483;24317;28800;552;844;855;765;1;2353;7647
05/05/2024;2024;5;May;Q2;18;CMM Inspection;6;14;13;1;5796;23004;28800;615;799;829;929;1;714;9286
06/05/2024;2024;5;May;Q2;19;CMM Inspection;6;15;11;4;5642;23158;28800;514;804;872;733;1;2667;7333
07/05/2024;2024;5;May;Q2;19;CMM Inspection;6;13;12;1;4624;24176;28800;671;839;866;923;1;769;9231
08/05/2024;2024;5;May;Q2;19;CMM Inspection;6;19;17;2;6283;22517;28800;612;782;876;895;1;1053;8947
09/05/2024;2024;5;May;Q2;19;CMM Inspection;6;15;13;2;4568;24232;28800;639;841;876;867;1;1333;8667
10/05/2024;2024;5;May;Q2;19;CMM Inspection;6;12;10;2;6402;22398;28800;540;778;833;833;1;1667;8333
11/05/2024;2024;5;May;Q2;19;CMM Inspection;6;13;12;1;5344;23456;28800;594;814;790;923;1;769;9231
12/05/2024;2024;5;May;Q2;19;CMM Inspection;6;15;12;3;4902;23898;28800;527;830;793;800;1;200;800
13/05/2024;2024;5;May;Q2;20;CMM Inspection;6;17;17;0;4044;24756;28800;652;860;759;1000;1;0;1000
14/05/2024;2024;5;May;Q2;20;CMM Inspection;6;11;8;3;4831;23969;28800;479;832;792;727;1;2727;7273
15/05/2024;2024;5;May;Q2;20;CMM Inspection;6;20;19;1;4717;24083;28800;660;836;830;950;1;50;950
16/05/2024;2024;5;May;Q2;20;CMM Inspection;6;16;12;4;3680;25120;28800;530;872;809;750;1;250;750
17/05/2024;2024;5;May;Q2;20;CMM Inspection;6;16;15;1;4703;24097;28800;645;837;822;938;1;625;9375
18/05/2024;2024;5;May;Q2;20;CMM Inspection;6;15;12;3;4127;24673;28800;579;857;844;800;1;200;800
19/05/2024;2024;5;May;Q2;20;CMM Inspection;6;15;13;2;5494;23306;28800;574;809;818;867;1;1333;8667
20/05/2024;2024;5;May;Q2;21;CMM Inspection;6;14;13;1;6202;22598;28800;576;785;791;929;1;714;9286
21/05/2024;2024;5;May;Q2;21;CMM Inspection;6;18;14;4;3711;25089;28800;560;871;826;778;1;2222;7778
22/05/2024;2024;5;May;Q2;21;CMM Inspection;6;15;14;1;6602;22198;28800;574;771;798;933;1;667;9333
23/05/2024;2024;5;May;Q2;21;CMM Inspection;6;17;16;1;4791;24009;28800;643;834;819;941;1;588;9412
24/05/2024;2024;5;May;Q2;21;CMM Inspection;6;14;11;3;3959;24841;28800;591;863;872;786;1;2143;7857
25/05/2024;2024;5;May;Q2;21;CMM Inspection;6;15;15;0;5663;23137;28800;658;803;819;1000;1;0;1000
26/05/2024;2024;5;May;Q2;21;CMM Inspection;6;13;12;1;4478;24322;28800;691;845;887;923;1;769;9231
27/05/2024;2024;5;May;Q2;22;CMM Inspection;6;18;16;2;4837;23963;28800;647;832;875;889;1;1111;8889
28/05/2024;2024;5;May;Q2;22;CMM Inspection;6;13;10;3;4520;24280;28800;525;843;809;769;1;2308;7692
29/05/2024;2024;5;May;Q2;22;CMM Inspection;6;14;14;0;4114;24686;28800;678;857;791;1000;1;0;1000
30/05/2024;2024;5;May;Q2;22;CMM Inspection;6;14;12;2;5630;23170;28800;570;805;826;857;1;1429;8571
31/05/2024;2024;5;May;Q2;22;CMM Inspection;6;14;12;2;4636;24164;28800;623;839;866;857;1;1429;8571
01/06/2024;2024;6;Jun;Q2;22;CMM Inspection;6;17;13;4;3505;25295;28800;545;878;812;765;1;2353;7647
02/06/2024;2024;6;Jun;Q2;22;CMM Inspection;6;14;10;4;5459;23341;28800;497;810;858;714;1;2857;7143
03/06/2024;2024;6;Jun;Q2;23;CMM Inspection;6;19;16;3;3732;25068;28800;636;870;868;842;1;1579;8421
04/06/2024;2024;6;Jun;Q2;23;CMM Inspection;6;13;11;2;3783;25017;28800;590;869;802;846;1;1538;8462
05/06/2024;2024;6;Jun;Q2;23;CMM Inspection;6;15;14;1;6090;22710;28800;593;789;806;933;1;667;9333
06/06/2024;2024;6;Jun;Q2;23;CMM Inspection;6;13;13;0;3741;25059;28800;741;870;852;1000;1;0;1000
07/06/2024;2024;6;Jun;Q2;23;CMM Inspection;6;16;13;3;2639;26161;28800;615;908;833;812;1;1875;8125
08/06/2024;2024;6;Jun;Q2;23;CMM Inspection;6;15;10;5;5530;23270;28800;434;808;805;667;1;3333;6667
09/06/2024;2024;6;Jun;Q2;23;CMM Inspection;6;14;12;2;4619;24181;28800;587;840;816;857;1;1429;8571
10/06/2024;2024;6;Jun;Q2;24;CMM Inspection;6;18;18;0;4703;24097;28800;691;837;826;1000;1;0;1000
11/06/2024;2024;6;Jun;Q2;24;CMM Inspection;6;13;12;1;4608;24192;28800;602;840;776;923;1;769;9231
12/06/2024;2024;6;Jun;Q2;24;CMM Inspection;6;16;14;2;5145;23655;28800;613;821;853;875;1;125;875
13/06/2024;2024;6;Jun;Q2;24;CMM Inspection;6;13;11;2;4177;24623;28800;588;855;812;846;1;1538;8462
14/06/2024;2024;6;Jun;Q2;24;CMM Inspection;6;15;13;2;6369;22431;28800;497;779;736;867;1;1333;8667
15/06/2024;2024;6;Jun;Q2;24;CMM Inspection;6;12;11;1;3466;25334;28800;667;880;827;917;1;833;9167
16/06/2024;2024;6;Jun;Q2;24;CMM Inspection;6;13;12;1;5355;23445;28800;604;814;803;923;1;769;9231
17/06/2024;2024;6;Jun;Q2;25;CMM Inspection;6;15;11;4;5549;23251;28800;523;807;884;733;1;2667;7333
18/06/2024;2024;6;Jun;Q2;25;CMM Inspection;6;20;17;3;4170;24630;28800;588;855;809;850;1;150;850
19/06/2024;2024;6;Jun;Q2;25;CMM Inspection;6;15;14;1;3911;24889;28800;639;864;792;933;1;667;9333
20/06/2024;2024;6;Jun;Q2;25;CMM Inspection;6;19;17;2;5918;22882;28800;601;795;845;895;1;1053;8947
21/06/2024;2024;6;Jun;Q2;25;CMM Inspection;6;15;11;4;3943;24857;28800;510;863;806;733;1;2667;7333
22/06/2024;2024;6;Jun;Q2;25;CMM Inspection;6;14;11;3;4321;24479;28800;536;850;802;786;1;2143;7857
23/06/2024;2024;6;Jun;Q2;25;CMM Inspection;6;19;17;2;5790;23010;28800;604;799;845;895;1;1053;8947
24/06/2024;2024;6;Jun;Q2;26;CMM Inspection;6;16;16;0;4952;23848;28800;657;828;794;1000;1;0;1000
25/06/2024;2024;6;Jun;Q2;26;CMM Inspection;6;13;13;0;3150;25650;28800;694;891;780;1000;1;0;1000
26/06/2024;2024;6;Jun;Q2;26;CMM Inspection;6;16;15;1;6636;22164;28800;639;770;885;938;1;625;9375
27/06/2024;2024;6;Jun;Q2;26;CMM Inspection;6;14;12;2;4396;24404;28800;615;847;847;857;1;1429;8571
28/06/2024;2024;6;Jun;Q2;26;CMM Inspection;6;10;9;1;4521;24279;28800;622;843;819;900;1;100;900
29/06/2024;2024;6;Jun;Q2;26;CMM Inspection;6;17;15;2;5169;23631;28800;599;821;828;882;1;1176;8824
30/06/2024;2024;6;Jun;Q2;26;CMM Inspection;6;18;15;3;5532;23268;28800;569;808;845;833;1;1667;8333
01/07/2024;2024;7;Jul;Q3;27;CMM Inspection;6;20;20;0;6846;21954;28800;656;762;860;1000;1;0;1000
02/07/2024;2024;7;Jul;Q3;27;CMM Inspection;6;16;16;0;3285;25515;28800;711;886;803;1000;1;0;1000
03/07/2024;2024;7;Jul;Q3;27;CMM Inspection;6;14;13;1;5730;23070;28800;625;801;840;929;1;714;9286
04/07/2024;2024;7;Jul;Q3;27;CMM Inspection;6;17;16;1;5648;23152;28800;614;804;811;941;1;588;9412
05/07/2024;2024;7;Jul;Q3;27;CMM Inspection;6;17;17;0;4783;24017;28800;685;834;822;1000;1;0;1000
06/07/2024;2024;7;Jul;Q3;27;CMM Inspection;6;19;16;3;5692;23108;28800;563;802;833;842;1;1579;8421
07/07/2024;2024;7;Jul;Q3;27;CMM Inspection;6;15;12;3;5836;22964;28800;528;797;828;800;1;200;800
08/07/2024;2024;7;Jul;Q3;28;CMM Inspection;6;14;12;2;3558;25242;28800;640;876;852;857;1;1429;8571
09/07/2024;2024;7;Jul;Q3;28;CMM Inspection;6;13;10;3;6638;22162;28800;500;770;844;769;1;2308;7692
10/07/2024;2024;7;Jul;Q3;28;CMM Inspection;6;16;14;2;3384;25416;28800;601;882;778;875;1;125;875
11/07/2024;2024;7;Jul;Q3;28;CMM Inspection;6;11;9;2;3801;24999;28800;556;868;783;818;1;1818;8182
12/07/2024;2024;7;Jul;Q3;28;CMM Inspection;6;17;16;1;4660;24140;28800;644;838;816;941;1;588;9412
13/07/2024;2024;7;Jul;Q3;28;CMM Inspection;6;16;10;6;6811;21989;28800;424;764;889;625;1;375;625
14/07/2024;2024;7;Jul;Q3;28;CMM Inspection;6;16;15;1;4614;24186;28800;630;840;800;938;1;625;9375
15/07/2024;2024;7;Jul;Q3;29;CMM Inspection;6;15;14;1;4886;23914;28800;636;830;821;933;1;667;9333
16/07/2024;2024;7;Jul;Q3;29;CMM Inspection;6;19;18;1;6326;22474;28800;599;780;810;947;1;526;9474
17/07/2024;2024;7;Jul;Q3;29;CMM Inspection;6;17;12;5;4622;24178;28800;480;840;810;706;1;2941;7059
18/07/2024;2024;7;Jul;Q3;29;CMM Inspection;6;13;8;5;3759;25041;28800;446;869;834;615;1;3846;6154
19/07/2024;2024;7;Jul;Q3;29;CMM Inspection;6;13;11;2;4507;24293;28800;624;844;874;846;1;1538;8462
20/07/2024;2024;7;Jul;Q3;29;CMM Inspection;6;13;11;2;6266;22534;28800;558;782;843;846;1;1538;8462
21/07/2024;2024;7;Jul;Q3;29;CMM Inspection;6;16;14;2;4987;23813;28800;580;827;801;875;1;125;875
22/07/2024;2024;7;Jul;Q3;30;CMM Inspection;6;12;8;4;6816;21984;28800;468;763;919;667;1;3333;6667
23/07/2024;2024;7;Jul;Q3;30;CMM Inspection;6;18;15;3;5643;23157;28800;557;804;831;833;1;1667;8333
24/07/2024;2024;7;Jul;Q3;30;CMM Inspection;6;18;13;5;4283;24517;28800;497;851;809;722;1;2778;7222
25/07/2024;2024;7;Jul;Q3;30;CMM Inspection;6;13;12;1;4968;23832;28800;668;828;875;923;1;769;9231
26/07/2024;2024;7;Jul;Q3;30;CMM Inspection;6;14;13;1;4078;24722;28800;648;858;812;929;1;714;9286
27/07/2024;2024;7;Jul;Q3;30;CMM Inspection;6;15;12;3;4260;24540;28800;602;852;883;800;1;200;800
28/07/2024;2024;7;Jul;Q3;30;CMM Inspection;6;17;16;1;9323;19477;28800;509;676;799;941;1;588;9412
29/07/2024;2024;7;Jul;Q3;31;CMM Inspection;6;19;14;5;5919;22881;28800;512;794;875;737;1;2632;7368
30/07/2024;2024;7;Jul;Q3;31;CMM Inspection;6;10;9;1;5764;23036;28800;601;800;835;900;1;100;900
31/07/2024;2024;7;Jul;Q3;31;CMM Inspection;6;14;10;4;4305;24495;28800;529;851;871;714;1;2857;7143
01/08/2024;2024;8;Aug;Q3;31;CMM Inspection;6;14;13;1;6461;22339;28800;642;776;891;929;1;714;9286
02/08/2024;2024;8;Aug;Q3;31;CMM Inspection;6;11;9;2;5999;22801;28800;512;792;790;818;1;1818;8182
03/08/2024;2024;8;Aug;Q3;31;CMM Inspection;6;14;12;2;6768;22032;28800;571;765;870;857;1;1429;8571
04/08/2024;2024;8;Aug;Q3;31;CMM Inspection;6;16;14;2;6720;22080;28800;524;767;781;875;1;125;875
05/08/2024;2024;8;Aug;Q3;32;CMM Inspection;6;14;12;2;3463;25337;28800;598;880;793;857;1;1429;8571
06/08/2024;2024;8;Aug;Q3;32;CMM Inspection;6;11;7;4;3826;24974;28800;442;867;801;636;1;3636;6364
07/08/2024;2024;8;Aug;Q3;32;CMM Inspection;6;23;20;3;3930;24870;28800;634;864;845;870;1;1304;8696
08/08/2024;2024;8;Aug;Q3;32;CMM Inspection;6;16;15;1;3989;24811;28800;670;861;829;938;1;625;9375
09/08/2024;2024;8;Aug;Q3;32;CMM Inspection;6;15;11;4;5236;23564;28800;493;818;822;733;1;2667;7333
10/08/2024;2024;8;Aug;Q3;32;CMM Inspection;6;12;11;1;4360;24440;28800;648;849;833;917;1;833;9167
11/08/2024;2024;8;Aug;Q3;32;CMM Inspection;6;16;15;1;6956;21844;28800;603;758;848;938;1;625;9375
12/08/2024;2024;8;Aug;Q3;33;CMM Inspection;6;14;14;0;6791;22009;28800;650;764;850;1000;1;0;1000
13/08/2024;2024;8;Aug;Q3;33;CMM Inspection;6;10;7;3;4911;23889;28800;502;829;864;700;1;300;700
14/08/2024;2024;8;Aug;Q3;33;CMM Inspection;6;12;11;1;6841;21959;28800;621;762;888;917;1;833;9167
15/08/2024;2024;8;Aug;Q3;33;CMM Inspection;6;17;16;1;6381;22419;28800;606;778;827;941;1;588;9412
16/08/2024;2024;8;Aug;Q3;33;CMM Inspection;6;20;15;5;4474;24326;28800;514;845;811;750;1;250;750
17/08/2024;2024;8;Aug;Q3;33;CMM Inspection;6;16;13;3;2941;25859;28800;619;898;848;812;1;1875;8125
18/08/2024;2024;8;Aug;Q3;33;CMM Inspection;6;18;17;1;4703;24097;28800;624;837;790;944;1;556;9444
19/08/2024;2024;8;Aug;Q3;34;CMM Inspection;6;14;11;3;4284;24516;28800;539;851;806;786;1;2143;7857
20/08/2024;2024;8;Aug;Q3;34;CMM Inspection;6;15;11;4;5121;23679;28800;519;822;861;733;1;2667;7333
21/08/2024;2024;8;Aug;Q3;34;CMM Inspection;6;18;18;0;5005;23795;28800;681;826;824;1000;1;0;1000
22/08/2024;2024;8;Aug;Q3;34;CMM Inspection;6;19;15;4;4979;23821;28800;515;827;788;789;1;2105;7895
23/08/2024;2024;8;Aug;Q3;34;CMM Inspection;6;18;16;2;5433;23367;28800;562;811;779;889;1;1111;8889
24/08/2024;2024;8;Aug;Q3;34;CMM Inspection;6;12;10;2;3725;25075;28800;602;871;830;833;1;1667;8333
25/08/2024;2024;8;Aug;Q3;34;CMM Inspection;6;15;13;2;5322;23478;28800;612;815;866;867;1;1333;8667
26/08/2024;2024;8;Aug;Q3;35;CMM Inspection;6;16;13;3;4485;24315;28800;594;844;865;812;1;1875;8125
27/08/2024;2024;8;Aug;Q3;35;CMM Inspection;6;14;14;0;5114;23686;28800;684;822;832;1000;1;0;1000
28/08/2024;2024;8;Aug;Q3;35;CMM Inspection;6;16;13;3;5859;22941;28800;579;797;895;812;1;1875;8125
29/08/2024;2024;8;Aug;Q3;35;CMM Inspection;6;17;17;0;3713;25087;28800;718;871;825;1000;1;0;1000
30/08/2024;2024;8;Aug;Q3;35;CMM Inspection;6;18;16;2;4641;24159;28800;614;839;823;889;1;1111;8889
31/08/2024;2024;8;Aug;Q3;35;CMM Inspection;6;19;18;1;4801;23999;28800;587;833;743;947;1;526;9474
01/09/2024;2024;9;Sep;Q3;35;CMM Inspection;6;14;11;3;4412;24388;28800;541;847;813;786;1;2143;7857
02/09/2024;2024;9;Sep;Q3;36;CMM Inspection;6;11;10;1;5802;22998;28800;622;799;856;909;1;909;9091
03/09/2024;2024;9;Sep;Q3;36;CMM Inspection;6;16;14;2;4209;24591;28800;657;854;880;875;1;125;875
04/09/2024;2024;9;Sep;Q3;36;CMM Inspection;6;20;18;2;4371;24429;28800;611;848;801;900;1;100;900
05/09/2024;2024;9;Sep;Q3;36;CMM Inspection;6;14;11;3;4219;24581;28800;566;854;843;786;1;2143;7857
06/09/2024;2024;9;Sep;Q3;36;CMM Inspection;6;17;15;2;5992;22808;28800;603;792;863;882;1;1176;8824
07/09/2024;2024;9;Sep;Q3;36;CMM Inspection;6;17;14;3;4433;24367;28800;577;846;828;824;1;1765;8235
08/09/2024;2024;9;Sep;Q3;36;CMM Inspection;6;15;15;0;5370;23430;28800;612;814;752;1000;1;0;1000
09/09/2024;2024;9;Sep;Q3;37;CMM Inspection;6;15;14;1;6861;21939;28800;595;762;836;933;1;667;9333
10/09/2024;2024;9;Sep;Q3;37;CMM Inspection;6;12;11;1;4844;23956;28800;651;832;853;917;1;833;9167
11/09/2024;2024;9;Sep;Q3;37;CMM Inspection;6;9;6;3;6011;22789;28800;420;791;797;667;1;3333;6667
12/09/2024;2024;9;Sep;Q3;37;CMM Inspection;6;12;12;0;6561;22239;28800;633;772;820;1000;1;0;1000
13/09/2024;2024;9;Sep;Q3;37;CMM Inspection;6;14;14;0;5928;22872;28800;627;794;790;1000;1;0;1000
14/09/2024;2024;9;Sep;Q3;37;CMM Inspection;6;18;17;1;4901;23899;28800;582;830;743;944;1;556;9444
15/09/2024;2024;9;Sep;Q3;37;CMM Inspection;6;15;13;2;5549;23251;28800;603;807;862;867;1;1333;8667
16/09/2024;2024;9;Sep;Q3;38;CMM Inspection;6;13;12;1;3651;25149;28800;667;873;828;923;1;769;9231
17/09/2024;2024;9;Sep;Q3;38;CMM Inspection;6;12;10;2;4150;24650;28800;628;856;881;833;1;1667;8333
18/09/2024;2024;9;Sep;Q3;38;CMM Inspection;6;17;17;0;4323;24477;28800;728;850;856;1000;1;0;1000
19/09/2024;2024;9;Sep;Q3;38;CMM Inspection;6;19;18;1;7121;21679;28800;582;753;816;947;1;526;9474
20/09/2024;2024;9;Sep;Q3;38;CMM Inspection;6;18;17;1;4118;24682;28800;668;857;825;944;1;556;9444
21/09/2024;2024;9;Sep;Q3;38;CMM Inspection;6;17;15;2;4104;24696;28800;641;858;847;882;1;1176;8824
22/09/2024;2024;9;Sep;Q3;38;CMM Inspection;6;11;9;2;3891;24909;28800;609;865;860;818;1;1818;8182
23/09/2024;2024;9;Sep;Q3;39;CMM Inspection;6;14;14;0;5468;23332;28800;679;810;839;1000;1;0;1000
24/09/2024;2024;9;Sep;Q3;39;CMM Inspection;6;20;15;5;5058;23742;28800;535;824;865;750;1;250;750
25/09/2024;2024;9;Sep;Q3;39;CMM Inspection;6;18;17;1;5986;22814;28800;612;792;818;944;1;556;9444
26/09/2024;2024;9;Sep;Q3;39;CMM Inspection;6;11;9;2;5578;23222;28800;524;806;795;818;1;1818;8182
27/09/2024;2024;9;Sep;Q3;39;CMM Inspection;6;15;13;2;3560;25240;28800;627;876;826;867;1;1333;8667
28/09/2024;2024;9;Sep;Q3;39;CMM Inspection;6;16;15;1;4124;24676;28800;671;857;835;938;1;625;9375
29/09/2024;2024;9;Sep;Q3;39;CMM Inspection;6;13;10;3;6260;22540;28800;475;783;788;769;1;2308;7692
30/09/2024;2024;9;Sep;Q3;40;CMM Inspection;6;9;7;2;4718;24082;28800;510;836;784;778;1;2222;7778
01/10/2024;2024;10;Oct;Q4;40;CMM Inspection;6;15;14;1;6086;22714;28800;620;789;843;933;1;667;9333
02/10/2024;2024;10;Oct;Q4;40;CMM Inspection;6;13;11;2;4770;24030;28800;575;834;815;846;1;1538;8462
03/10/2024;2024;10;Oct;Q4;40;CMM Inspection;6;13;12;1;3966;24834;28800;655;862;823;923;1;769;9231
04/10/2024;2024;10;Oct;Q4;40;CMM Inspection;6;14;12;2;4619;24181;28800;587;840;816;857;1;1429;8571
05/10/2024;2024;10;Oct;Q4;40;CMM Inspection;6;15;14;1;3965;24835;28800;707;862;878;933;1;667;9333
06/10/2024;2024;10;Oct;Q4;40;CMM Inspection;6;15;12;3;4361;24439;28800;590;849;870;800;1;200;800
07/10/2024;2024;10;Oct;Q4;41;CMM Inspection;6;13;12;1;5115;23685;28800;597;822;787;923;1;769;9231
08/10/2024;2024;10;Oct;Q4;41;CMM Inspection;6;14;14;0;5421;23379;28800;658;812;810;1000;1;0;1000
09/10/2024;2024;10;Oct;Q4;41;CMM Inspection;6;10;10;0;3354;25446;28800;756;884;856;1000;1;0;1000
10/10/2024;2024;10;Oct;Q4;41;CMM Inspection;6;16;15;1;4900;23900;28800;660;830;848;938;1;625;9375
11/10/2024;2024;10;Oct;Q4;41;CMM Inspection;6;7;6;1;4341;24459;28800;602;849;827;857;1;1429;8571
12/10/2024;2024;10;Oct;Q4;41;CMM Inspection;6;14;13;1;4280;24520;28800;625;851;790;929;1;714;9286
13/10/2024;2024;10;Oct;Q4;41;CMM Inspection;6;17;14;3;5048;23752;28800;547;825;805;824;1;1765;8235
14/10/2024;2024;10;Oct;Q4;42;CMM Inspection;6;12;11;1;4376;24424;28800;630;848;811;917;1;833;9167
15/10/2024;2024;10;Oct;Q4;42;CMM Inspection;6;17;14;3;6277;22523;28800;539;782;837;824;1;1765;8235
16/10/2024;2024;10;Oct;Q4;42;CMM Inspection;6;18;16;2;6086;22714;28800;620;789;884;889;1;1111;8889
17/10/2024;2024;10;Oct;Q4;42;CMM Inspection;6;6;3;3;6080;22720;28800;318;789;805;500;1;500;500
18/10/2024;2024;10;Oct;Q4;42;CMM Inspection;6;14;7;7;4431;24369;28800;336;846;794;500;1;500;500
19/10/2024;2024;10;Oct;Q4;42;CMM Inspection;6;7;5;2;3971;24829;28800;508;862;824;714;1;2857;7143
20/10/2024;2024;10;Oct;Q4;42;CMM Inspection;6;15;12;3;4998;23802;28800;570;826;862;800;1;200;800
21/10/2024;2024;10;Oct;Q4;43;CMM Inspection;6;15;14;1;4770;24030;28800;607;834;780;933;1;667;9333
22/10/2024;2024;10;Oct;Q4;43;CMM Inspection;6;8;6;2;4319;24481;28800;559;850;876;750;1;250;750
23/10/2024;2024;10;Oct;Q4;43;CMM Inspection;6;20;15;5;3761;25039;28800;536;869;822;750;1;250;750
24/10/2024;2024;10;Oct;Q4;43;CMM Inspection;6;16;16;0;4877;23923;28800;668;831;804;1000;1;0;1000
25/10/2024;2024;10;Oct;Q4;43;CMM Inspection;6;13;11;2;4520;24280;28800;553;843;775;846;1;1538;8462
26/10/2024;2024;10;Oct;Q4;43;CMM Inspection;6;19;18;1;5595;23205;28800;650;806;851;947;1;526;9474
27/10/2024;2024;10;Oct;Q4;43;CMM Inspection;6;10;9;1;5572;23228;28800;597;807;822;900;1;100;900
28/10/2024;2024;10;Oct;Q4;44;CMM Inspection;6;12;11;1;6000;22800;28800;605;792;834;917;1;833;9167
29/10/2024;2024;10;Oct;Q4;44;CMM Inspection;6;9;8;1;3679;25121;28800;619;872;798;889;1;1111;8889
30/10/2024;2024;10;Oct;Q4;44;CMM Inspection;6;20;18;2;5312;23488;28800;600;816;817;900;1;100;900
31/10/2024;2024;10;Oct;Q4;44;CMM Inspection;6;16;12;4;4202;24598;28800;520;854;812;750;1;250;750
01/11/2024;2024;11;Nov;Q4;44;CMM Inspection;6;17;15;2;3717;25083;28800;634;871;825;882;1;1176;8824
02/11/2024;2024;11;Nov;Q4;44;CMM Inspection;6;16;13;3;4496;24304;28800;553;844;806;812;1;1875;8125
03/11/2024;2024;11;Nov;Q4;44;CMM Inspection;6;16;15;1;5969;22831;28800;578;793;777;938;1;625;9375
04/11/2024;2024;11;Nov;Q4;45;CMM Inspection;6;15;14;1;4551;24249;28800;722;842;918;933;1;667;9333
05/11/2024;2024;11;Nov;Q4;45;CMM Inspection;6;16;14;2;6457;22343;28800;531;776;783;875;1;125;875
06/11/2024;2024;11;Nov;Q4;45;CMM Inspection;6;15;14;1;5457;23343;28800;631;811;834;933;1;667;9333
07/11/2024;2024;11;Nov;Q4;45;CMM Inspection;6;13;12;1;4530;24270;28800;598;843;769;923;1;769;9231
08/11/2024;2024;11;Nov;Q4;45;CMM Inspection;6;15;13;2;6058;22742;28800;521;790;762;867;1;1333;8667
09/11/2024;2024;11;Nov;Q4;45;CMM Inspection;6;16;14;2;5356;23444;28800;592;814;831;875;1;125;875
10/11/2024;2024;11;Nov;Q4;45;CMM Inspection;6;15;13;2;4000;24800;28800;622;861;834;867;1;1333;8667
11/11/2024;2024;11;Nov;Q4;46;CMM Inspection;6;11;10;1;6746;22054;28800;605;766;870;909;1;909;9091
12/11/2024;2024;11;Nov;Q4;46;CMM Inspection;6;11;10;1;5173;23627;28800;627;820;841;909;1;909;9091
13/11/2024;2024;11;Nov;Q4;46;CMM Inspection;6;18;16;2;4936;23864;28800;606;829;823;889;1;1111;8889
14/11/2024;2024;11;Nov;Q4;46;CMM Inspection;6;14;14;0;4076;24724;28800;684;858;797;1000;1;0;1000
15/11/2024;2024;11;Nov;Q4;46;CMM Inspection;6;16;15;1;6078;22722;28800;649;789;878;938;1;625;9375
16/11/2024;2024;11;Nov;Q4;46;CMM Inspection;6;12;12;0;5426;23374;28800;697;812;859;1000;1;0;1000
17/11/2024;2024;11;Nov;Q4;46;CMM Inspection;6;11;11;0;5536;23264;28800;635;808;787;1000;1;0;1000
18/11/2024;2024;11;Nov;Q4;47;CMM Inspection;6;13;12;1;4418;24382;28800;648;847;829;923;1;769;9231
19/11/2024;2024;11;Nov;Q4;47;CMM Inspection;6;14;14;0;5738;23062;28800;667;801;833;1000;1;0;1000
20/11/2024;2024;11;Nov;Q4;47;CMM Inspection;6;13;12;1;5814;22986;28800;602;798;817;923;1;769;9231
21/11/2024;2024;11;Nov;Q4;47;CMM Inspection;6;18;15;3;4260;24540;28800;606;852;854;833;1;1667;8333
22/11/2024;2024;11;Nov;Q4;47;CMM Inspection;6;15;15;0;3524;25276;28800;751;878;856;1000;1;0;1000
23/11/2024;2024;11;Nov;Q4;47;CMM Inspection;6;20;18;2;5489;23311;28800;599;809;822;900;1;100;900
24/11/2024;2024;11;Nov;Q4;47;CMM Inspection;6;16;12;4;3370;25430;28800;542;883;819;750;1;250;750
25/11/2024;2024;11;Nov;Q4;48;CMM Inspection;6;8;6;2;5067;23733;28800;542;824;878;750;1;250;750
26/11/2024;2024;11;Nov;Q4;48;CMM Inspection;6;18;17;1;4478;24322;28800;685;845;859;944;1;556;9444
27/11/2024;2024;11;Nov;Q4;48;CMM Inspection;6;11;8;3;6116;22684;28800;476;788;830;727;1;2727;7273
28/11/2024;2024;11;Nov;Q4;48;CMM Inspection;6;15;14;1;4531;24269;28800;609;843;774;933;1;667;9333
29/11/2024;2024;11;Nov;Q4;48;CMM Inspection;6;13;13;0;6007;22793;28800;664;791;839;1000;1;0;1000
30/11/2024;2024;11;Nov;Q4;48;CMM Inspection;6;21;14;7;4412;24388;28800;480;847;851;667;1;3333;6667
01/12/2024;2024;12;Dec;Q4;48;CMM Inspection;6;19;15;4;5901;22899;28800;462;795;737;789;1;2105;7895
02/12/2024;2024;12;Dec;Q4;49;CMM Inspection;6;13;12;1;6944;21856;28800;586;759;836;923;1;769;9231
03/12/2024;2024;12;Dec;Q4;49;CMM Inspection;6;15;13;2;3867;24933;28800;611;866;814;867;1;1333;8667
04/12/2024;2024;12;Dec;Q4;49;CMM Inspection;6;16;14;2;5205;23595;28800;588;819;821;875;1;125;875
05/12/2024;2024;12;Dec;Q4;49;CMM Inspection;6;17;16;1;7621;21179;28800;552;735;798;941;1;588;9412
06/12/2024;2024;12;Dec;Q4;49;CMM Inspection;6;15;14;1;4983;23817;28800;635;827;823;933;1;667;9333
07/12/2024;2024;12;Dec;Q4;49;CMM Inspection;6;12;11;1;4978;23822;28800;663;827;874;917;1;833;9167
08/12/2024;2024;12;Dec;Q4;49;CMM Inspection;6;13;10;3;5693;23107;28800;502;802;813;769;1;2308;7692
09/12/2024;2024;12;Dec;Q4;50;CMM Inspection;6;15;15;0;4958;23842;28800;712;828;860;1000;1;0;1000
10/12/2024;2024;12;Dec;Q4;50;CMM Inspection;6;18;15;3;3238;25562;28800;593;888;801;833;1;1667;8333
11/12/2024;2024;12;Dec;Q4;50;CMM Inspection;6;16;16;0;6031;22769;28800;674;791;853;1000;1;0;1000
12/12/2024;2024;12;Dec;Q4;50;CMM Inspection;6;13;12;1;2948;25852;28800;686;898;828;923;1;769;9231
13/12/2024;2024;12;Dec;Q4;50;CMM Inspection;6;17;15;2;4508;24292;28800;625;843;840;882;1;1176;8824
14/12/2024;2024;12;Dec;Q4;50;CMM Inspection;6;14;12;2;6105;22695;28800;559;788;828;857;1;1429;8571
15/12/2024;2024;12;Dec;Q4;50;CMM Inspection;6;17;17;0;4567;24233;28800;715;841;849;1000;1;0;1000
16/12/2024;2024;12;Dec;Q4;51;CMM Inspection;6;22;20;2;4235;24565;28800;576;853;743;909;1;909;9091
17/12/2024;2024;12;Dec;Q4;51;CMM Inspection;6;14;12;2;5782;23018;28800;535;799;781;857;1;1429;8571
18/12/2024;2024;12;Dec;Q4;51;CMM Inspection;6;17;17;0;4080;24720;28800;723;858;842;1000;1;0;1000
19/12/2024;2024;12;Dec;Q4;51;CMM Inspection;6;13;13;0;3715;25085;28800;662;871;760;1000;1;0;1000
20/12/2024;2024;12;Dec;Q4;51;CMM Inspection;6;15;13;2;5188;23612;28800;576;820;810;867;1;1333;8667
21/12/2024;2024;12;Dec;Q4;51;CMM Inspection;6;15;13;2;4738;24062;28800;598;835;826;867;1;1333;8667
22/12/2024;2024;12;Dec;Q4;51;CMM Inspection;6;14;14;0;3694;25106;28800;698;872;801;1000;1;0;1000
23/12/2024;2024;12;Dec;Q4;52;CMM Inspection;6;21;18;3;5544;23256;28800;557;808;805;857;1;1429;8571
24/12/2024;2024;12;Dec;Q4;52;CMM Inspection;6;14;11;3;5374;23426;28800;535;813;837;786;1;2143;7857
25/12/2024;2024;12;Dec;Q4;52;CMM Inspection;6;16;16;0;4564;24236;28800;725;842;861;1000;1;0;1000
26/12/2024;2024;12;Dec;Q4;52;CMM Inspection;6;10;9;1;4631;24169;28800;601;839;796;900;1;100;900
27/12/2024;2024;12;Dec;Q4;52;CMM Inspection;6;16;16;0;5380;23420;28800;658;813;809;1000;1;0;1000
28/12/2024;2024;12;Dec;Q4;52;CMM Inspection;6;18;18;0;6088;22712;28800;634;789;804;1000;1;0;1000
29/12/2024;2024;12;Dec;Q4;52;CMM Inspection;6;13;13;0;4639;24161;28800;627;839;748;1000;1;0;1000
30/12/2024;2024;12;Dec;Q4;1;CMM Inspection;6;8;7;1;5561;23239;28800;588;807;833;875;1;125;875
31/12/2024;2024;12;Dec;Q4;1;CMM Inspection;6;15;12;3;5473;23327;28800;557;810;859;800;1;200;800
